$date
	Sat May 16 22:55:48 2026
$end
$version
	Icarus Verilog
$end
$timescale
	1ps
$end
$scope module FFT_Coprocessor_tb $end
$var wire 1 ! done $end
$var parameter 32 " CLK_PERIOD $end
$var parameter 32 # K0 $end
$var parameter 32 $ N $end
$var real 1 % PI $end
$var real 1 & Q_SCALE $end
$var reg 1 ' clk $end
$var reg 32 ( im_q [31:0] $end
$var reg 32 ) q_imag [31:0] $end
$var reg 32 * q_real [31:0] $end
$var reg 32 + re_q [31:0] $end
$var reg 1 , rst $end
$var real 1 - im_r $end
$var integer 32 . k [31:0] $end
$var real 1 / mag_r $end
$var integer 32 0 n [31:0] $end
$var real 1 1 re_r $end
$var real 1 2 sample $end
$scope function bitrev8 $end
$var reg 8 3 in [7:0] $end
$upscope $end
$scope module uut $end
$var wire 1 4 advance $end
$var wire 1 ' clk $end
$var wire 1 ! done $end
$var wire 1 , rst $end
$var wire 8 5 twiddle_addr [7:0] $end
$var wire 32 6 tw_real [31:0] $end
$var wire 32 7 tw_imag [31:0] $end
$var wire 3 8 stage [2:0] $end
$var wire 7 9 iteration [6:0] $end
$var wire 32 : dout_b_real [31:0] $end
$var wire 32 ; dout_b_imag [31:0] $end
$var wire 32 < dout_a_real [31:0] $end
$var wire 32 = dout_a_imag [31:0] $end
$var wire 1 > ctrl_done $end
$var wire 8 ? addr_b [7:0] $end
$var wire 8 @ addr_a [7:0] $end
$var wire 32 A B_real [31:0] $end
$var wire 32 B B_imag [31:0] $end
$var wire 32 C A_real [31:0] $end
$var wire 32 D A_imag [31:0] $end
$var reg 1 E done_latch $end
$scope module bfly $end
$var wire 32 F wb_real [31:0] $end
$var wire 32 G wb_pp4 [31:0] $end
$var wire 32 H wb_pp3 [31:0] $end
$var wire 32 I wb_pp2 [31:0] $end
$var wire 32 J wb_pp1 [31:0] $end
$var wire 32 K wb_imag [31:0] $end
$var wire 32 L w_real [31:0] $end
$var wire 32 M w_imag [31:0] $end
$var wire 32 N b_real [31:0] $end
$var wire 32 O b_imag [31:0] $end
$var wire 32 P a_real [31:0] $end
$var wire 32 Q a_imag [31:0] $end
$var wire 32 R B_real [31:0] $end
$var wire 32 S B_imag [31:0] $end
$var wire 32 T A_real [31:0] $end
$var wire 32 U A_imag [31:0] $end
$scope module add_A_imag $end
$var wire 32 V result [31:0] $end
$var wire 32 W b [31:0] $end
$var wire 32 X a [31:0] $end
$upscope $end
$scope module add_A_real $end
$var wire 32 Y result [31:0] $end
$var wire 32 Z b [31:0] $end
$var wire 32 [ a [31:0] $end
$upscope $end
$scope module add_wb_imag $end
$var wire 32 \ result [31:0] $end
$var wire 32 ] b [31:0] $end
$var wire 32 ^ a [31:0] $end
$upscope $end
$scope module mul_wi_bi $end
$var wire 32 _ result [31:0] $end
$var wire 64 ` full_product [63:0] $end
$var wire 32 a b [31:0] $end
$var wire 32 b a [31:0] $end
$upscope $end
$scope module mul_wi_br $end
$var wire 32 c result [31:0] $end
$var wire 64 d full_product [63:0] $end
$var wire 32 e b [31:0] $end
$var wire 32 f a [31:0] $end
$upscope $end
$scope module mul_wr_bi $end
$var wire 32 g result [31:0] $end
$var wire 64 h full_product [63:0] $end
$var wire 32 i b [31:0] $end
$var wire 32 j a [31:0] $end
$upscope $end
$scope module mul_wr_br $end
$var wire 32 k result [31:0] $end
$var wire 64 l full_product [63:0] $end
$var wire 32 m b [31:0] $end
$var wire 32 n a [31:0] $end
$upscope $end
$scope module sub_B_imag $end
$var wire 32 o b [31:0] $end
$var wire 32 p result [31:0] $end
$var wire 32 q a [31:0] $end
$upscope $end
$scope module sub_B_real $end
$var wire 32 r result [31:0] $end
$var wire 32 s b [31:0] $end
$var wire 32 t a [31:0] $end
$upscope $end
$scope module sub_wb_real $end
$var wire 32 u a [31:0] $end
$var wire 32 v b [31:0] $end
$var wire 32 w result [31:0] $end
$upscope $end
$upscope $end
$scope module ctrl $end
$var wire 1 4 advance $end
$var wire 1 ' clk $end
$var wire 1 , rst $end
$var wire 8 x twiddle_addr [7:0] $end
$var wire 8 y addr_b [7:0] $end
$var wire 8 z addr_a [7:0] $end
$var parameter 7 { MAX_ITER $end
$var parameter 3 | MAX_STAGE $end
$var reg 8 } addr_a_r [7:0] $end
$var reg 8 ~ addr_b_r [7:0] $end
$var reg 1 > done $end
$var reg 7 !" iteration [6:0] $end
$var reg 7 "" k [6:0] $end
$var reg 3 #" stage [2:0] $end
$upscope $end
$scope module mem $end
$var wire 8 $" addr_a [7:0] $end
$var wire 8 %" addr_b [7:0] $end
$var wire 1 ' clk $end
$var wire 32 &" din_a_imag [31:0] $end
$var wire 32 '" din_a_real [31:0] $end
$var wire 32 (" din_b_imag [31:0] $end
$var wire 32 )" din_b_real [31:0] $end
$var wire 1 4 we $end
$var wire 32 *" dout_b_real [31:0] $end
$var wire 32 +" dout_b_imag [31:0] $end
$var wire 32 ," dout_a_real [31:0] $end
$var wire 32 -" dout_a_imag [31:0] $end
$upscope $end
$scope module tw $end
$var wire 8 ." k [7:0] $end
$var wire 32 /" twiddle_real [31:0] $end
$var wire 32 0" twiddle_imag [31:0] $end
$var wire 7 1" twiddle_addr [6:0] $end
$upscope $end
$upscope $end
$scope task dump_outputs $end
$upscope $end
$scope task load_cosine_tone $end
$upscope $end
$upscope $end
$enddefinitions $end
$comment Show the parameter values. $end
$dumpall
b111 |
b1111111 {
r4194304 &
r3.14159265358979 %
b100000000 $
b1000 #
b1010 "
$end
#0
$dumpvars
bx 1"
bx 0"
bx /"
b0xxxxxxx ."
bx -"
bx ,"
bx +"
bx *"
bx )"
bx ("
bx '"
bx &"
bx %"
bx $"
bx #"
bx ""
bx !"
bx ~
bx }
bx z
bx y
b0xxxxxxx x
bx w
bx v
bx u
bx t
bx s
bx r
bx q
bx p
bx o
bx n
bx m
bx l
bx k
bx j
bx i
bx h
bx g
bx f
bx e
bx d
bx c
bx b
bx a
bx `
bx _
bx ^
bx ]
bx \
bx [
bx Z
bx Y
bx X
bx W
bx V
bx U
bx T
bx S
bx R
bx Q
bx P
bx O
bx N
bx M
bx L
bx K
bx J
bx I
bx H
bx G
bx F
xE
bx D
bx C
bx B
bx A
bx @
bx ?
x>
bx =
bx <
bx ;
bx :
bx 9
bx 8
bx 7
bx 6
b0xxxxxxx 5
04
bx 3
r0 2
r0 1
bx 0
r0 /
bx .
r0 -
1,
bx +
bx *
bx )
bx (
0'
x!
$end
#5000
b0 A
b0 R
b0 r
b0 )"
b100000000000000000000000 C
b100000000000000000000000 T
b100000000000000000000000 Y
b100000000000000000000000 '"
b10000000000000000000000 F
b10000000000000000000000 Z
b10000000000000000000000 s
b10000000000000000000000 w
b10000000000000000000000 J
b10000000000000000000000 k
b10000000000000000000000 u
b0 B
b0 S
b0 p
b0 ("
b0 D
b0 U
b0 V
b0 &"
b0 K
b0 W
b0 \
b0 o
b0 H
b0 ^
b0 g
b0 G
b0 ]
b0 c
b0 I
b0 _
b0 v
b100000000000000000000000000000000000000000000 l
b0 h
b10000000000000000000000 6
b10000000000000000000000 L
b10000000000000000000000 j
b10000000000000000000000 n
b10000000000000000000000 /"
b0 d
b0 `
b0 7
b0 M
b0 b
b0 f
b0 0"
b0 1"
b10000000000000000000000 :
b10000000000000000000000 N
b10000000000000000000000 e
b10000000000000000000000 m
b10000000000000000000000 *"
b0 ;
b0 O
b0 a
b0 i
b0 +"
b10000000000000000000000 <
b10000000000000000000000 P
b10000000000000000000000 [
b10000000000000000000000 t
b10000000000000000000000 ,"
b0 =
b0 Q
b0 X
b0 q
b0 -"
b0 5
b0 x
b0 ."
b0 ""
b1 ?
b1 y
b1 ~
b1 %"
b0 @
b0 z
b0 }
b0 $"
0>
b0 8
b0 #"
b0 9
b0 !"
0!
0E
b11111111 3
b0 )
b1111101100010100101111 *
r0.9807852804032205 2
b100000000 0
1'
#10000
0'
#15000
1'
#20000
14
0,
0'
#25000
b10000000000000000000000 F
b10000000000000000000000 Z
b10000000000000000000000 s
b10000000000000000000000 w
b10000000000000000000000 J
b10000000000000000000000 k
b10000000000000000000000 u
b11 ?
b11 y
b11 ~
b11 %"
b10 @
b10 z
b10 }
b10 $"
b100000000000000000000000000000000000000000000 l
b10000000000000000000000 :
b10000000000000000000000 N
b10000000000000000000000 e
b10000000000000000000000 m
b10000000000000000000000 *"
b0 A
b0 R
b0 r
b0 )"
b100000000000000000000000 C
b100000000000000000000000 T
b100000000000000000000000 Y
b100000000000000000000000 '"
b10000000000000000000000 <
b10000000000000000000000 P
b10000000000000000000000 [
b10000000000000000000000 t
b10000000000000000000000 ,"
b1 9
b1 !"
1'
#30000
0'
#35000
b101 ?
b101 y
b101 ~
b101 %"
b100 @
b100 z
b100 }
b100 $"
b10 9
b10 !"
1'
#40000
0'
#45000
b10000000000000000000000 F
b10000000000000000000000 Z
b10000000000000000000000 s
b10000000000000000000000 w
b10000000000000000000000 J
b10000000000000000000000 k
b10000000000000000000000 u
b111 ?
b111 y
b111 ~
b111 %"
b110 @
b110 z
b110 }
b110 $"
b100000000000000000000000000000000000000000000 l
b10000000000000000000000 :
b10000000000000000000000 N
b10000000000000000000000 e
b10000000000000000000000 m
b10000000000000000000000 *"
b0 A
b0 R
b0 r
b0 )"
b100000000000000000000000 C
b100000000000000000000000 T
b100000000000000000000000 Y
b100000000000000000000000 '"
b10000000000000000000000 <
b10000000000000000000000 P
b10000000000000000000000 [
b10000000000000000000000 t
b10000000000000000000000 ,"
b11 9
b11 !"
1'
#50000
0'
#55000
b11111111110000000000000000000000 F
b11111111110000000000000000000000 Z
b11111111110000000000000000000000 s
b11111111110000000000000000000000 w
b11111111110000000000000000000000 J
b11111111110000000000000000000000 k
b11111111110000000000000000000000 u
b1111111111111111111100000000000000000000000000000000000000000000 l
b11111111110000000000000000000000 :
b11111111110000000000000000000000 N
b11111111110000000000000000000000 e
b11111111110000000000000000000000 m
b11111111110000000000000000000000 *"
b0 A
b0 R
b0 r
b0 )"
b11111111100000000000000000000000 C
b11111111100000000000000000000000 T
b11111111100000000000000000000000 Y
b11111111100000000000000000000000 '"
b11111111110000000000000000000000 <
b11111111110000000000000000000000 P
b11111111110000000000000000000000 [
b11111111110000000000000000000000 t
b11111111110000000000000000000000 ,"
b1001 ?
b1001 y
b1001 ~
b1001 %"
b1000 @
b1000 z
b1000 }
b1000 $"
b100 9
b100 !"
1'
#60000
0'
#65000
b11111111110000000000000000000000 F
b11111111110000000000000000000000 Z
b11111111110000000000000000000000 s
b11111111110000000000000000000000 w
b11111111110000000000000000000000 J
b11111111110000000000000000000000 k
b11111111110000000000000000000000 u
b1011 ?
b1011 y
b1011 ~
b1011 %"
b1010 @
b1010 z
b1010 }
b1010 $"
b1111111111111111111100000000000000000000000000000000000000000000 l
b11111111110000000000000000000000 :
b11111111110000000000000000000000 N
b11111111110000000000000000000000 e
b11111111110000000000000000000000 m
b11111111110000000000000000000000 *"
b0 A
b0 R
b0 r
b0 )"
b11111111100000000000000000000000 C
b11111111100000000000000000000000 T
b11111111100000000000000000000000 Y
b11111111100000000000000000000000 '"
b11111111110000000000000000000000 <
b11111111110000000000000000000000 P
b11111111110000000000000000000000 [
b11111111110000000000000000000000 t
b11111111110000000000000000000000 ,"
b101 9
b101 !"
1'
#70000
0'
#75000
b1101 ?
b1101 y
b1101 ~
b1101 %"
b1100 @
b1100 z
b1100 }
b1100 $"
b110 9
b110 !"
1'
#80000
0'
#85000
b11111111110000000000000000000000 F
b11111111110000000000000000000000 Z
b11111111110000000000000000000000 s
b11111111110000000000000000000000 w
b11111111110000000000000000000000 J
b11111111110000000000000000000000 k
b11111111110000000000000000000000 u
b1111 ?
b1111 y
b1111 ~
b1111 %"
b1110 @
b1110 z
b1110 }
b1110 $"
b1111111111111111111100000000000000000000000000000000000000000000 l
b11111111110000000000000000000000 :
b11111111110000000000000000000000 N
b11111111110000000000000000000000 e
b11111111110000000000000000000000 m
b11111111110000000000000000000000 *"
b0 A
b0 R
b0 r
b0 )"
b11111111100000000000000000000000 C
b11111111100000000000000000000000 T
b11111111100000000000000000000000 Y
b11111111100000000000000000000000 '"
b11111111110000000000000000000000 <
b11111111110000000000000000000000 P
b11111111110000000000000000000000 [
b11111111110000000000000000000000 t
b11111111110000000000000000000000 ,"
b111 9
b111 !"
1'
#90000
0'
#95000
b0 F
b0 Z
b0 s
b0 w
b0 J
b0 k
b0 u
b0 l
b0 :
b0 N
b0 e
b0 m
b0 *"
b0 A
b0 R
b0 r
b0 )"
b0 C
b0 T
b0 Y
b0 '"
b0 <
b0 P
b0 [
b0 t
b0 ,"
b10001 ?
b10001 y
b10001 ~
b10001 %"
b10000 @
b10000 z
b10000 }
b10000 $"
b1000 9
b1000 !"
1'
#100000
0'
#105000
b10011 ?
b10011 y
b10011 ~
b10011 %"
b10010 @
b10010 z
b10010 }
b10010 $"
b1001 9
b1001 !"
1'
#110000
0'
#115000
b10101 ?
b10101 y
b10101 ~
b10101 %"
b10100 @
b10100 z
b10100 }
b10100 $"
b1010 9
b1010 !"
1'
#120000
0'
#125000
b10111 ?
b10111 y
b10111 ~
b10111 %"
b10110 @
b10110 z
b10110 }
b10110 $"
b1011 9
b1011 !"
1'
#130000
0'
#135000
b11001 ?
b11001 y
b11001 ~
b11001 %"
b11000 @
b11000 z
b11000 }
b11000 $"
b1100 9
b1100 !"
1'
#140000
0'
#145000
b11011 ?
b11011 y
b11011 ~
b11011 %"
b11010 @
b11010 z
b11010 }
b11010 $"
b1101 9
b1101 !"
1'
#150000
0'
#155000
b11101 ?
b11101 y
b11101 ~
b11101 %"
b11100 @
b11100 z
b11100 }
b11100 $"
b1110 9
b1110 !"
1'
#160000
0'
#165000
b11111 ?
b11111 y
b11111 ~
b11111 %"
b11110 @
b11110 z
b11110 }
b11110 $"
b1111 9
b1111 !"
1'
#170000
0'
#175000
b1011010100000100111100 F
b1011010100000100111100 Z
b1011010100000100111100 s
b1011010100000100111100 w
b1011010100000100111100 J
b1011010100000100111100 k
b1011010100000100111100 u
b10110101000001001111000000000000000000000000 l
b1011010100000100111100 :
b1011010100000100111100 N
b1011010100000100111100 e
b1011010100000100111100 m
b1011010100000100111100 *"
b0 A
b0 R
b0 r
b0 )"
b10110101000001001111000 C
b10110101000001001111000 T
b10110101000001001111000 Y
b10110101000001001111000 '"
b1011010100000100111100 <
b1011010100000100111100 P
b1011010100000100111100 [
b1011010100000100111100 t
b1011010100000100111100 ,"
b100001 ?
b100001 y
b100001 ~
b100001 %"
b100000 @
b100000 z
b100000 }
b100000 $"
b10000 9
b10000 !"
1'
#180000
0'
#185000
b1011010100000100111100 F
b1011010100000100111100 Z
b1011010100000100111100 s
b1011010100000100111100 w
b1011010100000100111100 J
b1011010100000100111100 k
b1011010100000100111100 u
b100011 ?
b100011 y
b100011 ~
b100011 %"
b100010 @
b100010 z
b100010 }
b100010 $"
b10110101000001001111000000000000000000000000 l
b1011010100000100111100 :
b1011010100000100111100 N
b1011010100000100111100 e
b1011010100000100111100 m
b1011010100000100111100 *"
b0 A
b0 R
b0 r
b0 )"
b10110101000001001111000 C
b10110101000001001111000 T
b10110101000001001111000 Y
b10110101000001001111000 '"
b1011010100000100111100 <
b1011010100000100111100 P
b1011010100000100111100 [
b1011010100000100111100 t
b1011010100000100111100 ,"
b10001 9
b10001 !"
1'
#190000
0'
#195000
b100101 ?
b100101 y
b100101 ~
b100101 %"
b100100 @
b100100 z
b100100 }
b100100 $"
b10010 9
b10010 !"
1'
#200000
0'
#205000
b1011010100000100111100 F
b1011010100000100111100 Z
b1011010100000100111100 s
b1011010100000100111100 w
b1011010100000100111100 J
b1011010100000100111100 k
b1011010100000100111100 u
b100111 ?
b100111 y
b100111 ~
b100111 %"
b100110 @
b100110 z
b100110 }
b100110 $"
b10110101000001001111000000000000000000000000 l
b1011010100000100111100 :
b1011010100000100111100 N
b1011010100000100111100 e
b1011010100000100111100 m
b1011010100000100111100 *"
b0 A
b0 R
b0 r
b0 )"
b10110101000001001111000 C
b10110101000001001111000 T
b10110101000001001111000 Y
b10110101000001001111000 '"
b1011010100000100111100 <
b1011010100000100111100 P
b1011010100000100111100 [
b1011010100000100111100 t
b1011010100000100111100 ,"
b10011 9
b10011 !"
1'
#210000
0'
#215000
b11111111110100101011111011000100 F
b11111111110100101011111011000100 Z
b11111111110100101011111011000100 s
b11111111110100101011111011000100 w
b11111111110100101011111011000100 J
b11111111110100101011111011000100 k
b11111111110100101011111011000100 u
b1111111111111111111101001010111110110001000000000000000000000000 l
b11111111110100101011111011000100 :
b11111111110100101011111011000100 N
b11111111110100101011111011000100 e
b11111111110100101011111011000100 m
b11111111110100101011111011000100 *"
b0 A
b0 R
b0 r
b0 )"
b11111111101001010111110110001000 C
b11111111101001010111110110001000 T
b11111111101001010111110110001000 Y
b11111111101001010111110110001000 '"
b11111111110100101011111011000100 <
b11111111110100101011111011000100 P
b11111111110100101011111011000100 [
b11111111110100101011111011000100 t
b11111111110100101011111011000100 ,"
b101001 ?
b101001 y
b101001 ~
b101001 %"
b101000 @
b101000 z
b101000 }
b101000 $"
b10100 9
b10100 !"
1'
#220000
0'
#225000
b11111111110100101011111011000100 F
b11111111110100101011111011000100 Z
b11111111110100101011111011000100 s
b11111111110100101011111011000100 w
b11111111110100101011111011000100 J
b11111111110100101011111011000100 k
b11111111110100101011111011000100 u
b101011 ?
b101011 y
b101011 ~
b101011 %"
b101010 @
b101010 z
b101010 }
b101010 $"
b1111111111111111111101001010111110110001000000000000000000000000 l
b11111111110100101011111011000100 :
b11111111110100101011111011000100 N
b11111111110100101011111011000100 e
b11111111110100101011111011000100 m
b11111111110100101011111011000100 *"
b0 A
b0 R
b0 r
b0 )"
b11111111101001010111110110001000 C
b11111111101001010111110110001000 T
b11111111101001010111110110001000 Y
b11111111101001010111110110001000 '"
b11111111110100101011111011000100 <
b11111111110100101011111011000100 P
b11111111110100101011111011000100 [
b11111111110100101011111011000100 t
b11111111110100101011111011000100 ,"
b10101 9
b10101 !"
1'
#230000
0'
#235000
b101101 ?
b101101 y
b101101 ~
b101101 %"
b101100 @
b101100 z
b101100 }
b101100 $"
b10110 9
b10110 !"
1'
#240000
0'
#245000
b11111111110100101011111011000100 F
b11111111110100101011111011000100 Z
b11111111110100101011111011000100 s
b11111111110100101011111011000100 w
b11111111110100101011111011000100 J
b11111111110100101011111011000100 k
b11111111110100101011111011000100 u
b101111 ?
b101111 y
b101111 ~
b101111 %"
b101110 @
b101110 z
b101110 }
b101110 $"
b1111111111111111111101001010111110110001000000000000000000000000 l
b11111111110100101011111011000100 :
b11111111110100101011111011000100 N
b11111111110100101011111011000100 e
b11111111110100101011111011000100 m
b11111111110100101011111011000100 *"
b0 A
b0 R
b0 r
b0 )"
b11111111101001010111110110001000 C
b11111111101001010111110110001000 T
b11111111101001010111110110001000 Y
b11111111101001010111110110001000 '"
b11111111110100101011111011000100 <
b11111111110100101011111011000100 P
b11111111110100101011111011000100 [
b11111111110100101011111011000100 t
b11111111110100101011111011000100 ,"
b10111 9
b10111 !"
1'
#250000
0'
#255000
b110001 ?
b110001 y
b110001 ~
b110001 %"
b110000 @
b110000 z
b110000 }
b110000 $"
b11000 9
b11000 !"
1'
#260000
0'
#265000
b11111111110100101011111011000100 F
b11111111110100101011111011000100 Z
b11111111110100101011111011000100 s
b11111111110100101011111011000100 w
b11111111110100101011111011000100 J
b11111111110100101011111011000100 k
b11111111110100101011111011000100 u
b110011 ?
b110011 y
b110011 ~
b110011 %"
b110010 @
b110010 z
b110010 }
b110010 $"
b1111111111111111111101001010111110110001000000000000000000000000 l
b11111111110100101011111011000100 :
b11111111110100101011111011000100 N
b11111111110100101011111011000100 e
b11111111110100101011111011000100 m
b11111111110100101011111011000100 *"
b0 A
b0 R
b0 r
b0 )"
b11111111101001010111110110001000 C
b11111111101001010111110110001000 T
b11111111101001010111110110001000 Y
b11111111101001010111110110001000 '"
b11111111110100101011111011000100 <
b11111111110100101011111011000100 P
b11111111110100101011111011000100 [
b11111111110100101011111011000100 t
b11111111110100101011111011000100 ,"
b11001 9
b11001 !"
1'
#270000
0'
#275000
b110101 ?
b110101 y
b110101 ~
b110101 %"
b110100 @
b110100 z
b110100 }
b110100 $"
b11010 9
b11010 !"
1'
#280000
0'
#285000
b11111111110100101011111011000100 F
b11111111110100101011111011000100 Z
b11111111110100101011111011000100 s
b11111111110100101011111011000100 w
b11111111110100101011111011000100 J
b11111111110100101011111011000100 k
b11111111110100101011111011000100 u
b110111 ?
b110111 y
b110111 ~
b110111 %"
b110110 @
b110110 z
b110110 }
b110110 $"
b1111111111111111111101001010111110110001000000000000000000000000 l
b11111111110100101011111011000100 :
b11111111110100101011111011000100 N
b11111111110100101011111011000100 e
b11111111110100101011111011000100 m
b11111111110100101011111011000100 *"
b0 A
b0 R
b0 r
b0 )"
b11111111101001010111110110001000 C
b11111111101001010111110110001000 T
b11111111101001010111110110001000 Y
b11111111101001010111110110001000 '"
b11111111110100101011111011000100 <
b11111111110100101011111011000100 P
b11111111110100101011111011000100 [
b11111111110100101011111011000100 t
b11111111110100101011111011000100 ,"
b11011 9
b11011 !"
1'
#290000
0'
#295000
b1011010100000100111100 F
b1011010100000100111100 Z
b1011010100000100111100 s
b1011010100000100111100 w
b1011010100000100111100 J
b1011010100000100111100 k
b1011010100000100111100 u
b10110101000001001111000000000000000000000000 l
b1011010100000100111100 :
b1011010100000100111100 N
b1011010100000100111100 e
b1011010100000100111100 m
b1011010100000100111100 *"
b0 A
b0 R
b0 r
b0 )"
b10110101000001001111000 C
b10110101000001001111000 T
b10110101000001001111000 Y
b10110101000001001111000 '"
b1011010100000100111100 <
b1011010100000100111100 P
b1011010100000100111100 [
b1011010100000100111100 t
b1011010100000100111100 ,"
b111001 ?
b111001 y
b111001 ~
b111001 %"
b111000 @
b111000 z
b111000 }
b111000 $"
b11100 9
b11100 !"
1'
#300000
0'
#305000
b1011010100000100111100 F
b1011010100000100111100 Z
b1011010100000100111100 s
b1011010100000100111100 w
b1011010100000100111100 J
b1011010100000100111100 k
b1011010100000100111100 u
b111011 ?
b111011 y
b111011 ~
b111011 %"
b111010 @
b111010 z
b111010 }
b111010 $"
b10110101000001001111000000000000000000000000 l
b1011010100000100111100 :
b1011010100000100111100 N
b1011010100000100111100 e
b1011010100000100111100 m
b1011010100000100111100 *"
b0 A
b0 R
b0 r
b0 )"
b10110101000001001111000 C
b10110101000001001111000 T
b10110101000001001111000 Y
b10110101000001001111000 '"
b1011010100000100111100 <
b1011010100000100111100 P
b1011010100000100111100 [
b1011010100000100111100 t
b1011010100000100111100 ,"
b11101 9
b11101 !"
1'
#310000
0'
#315000
b111101 ?
b111101 y
b111101 ~
b111101 %"
b111100 @
b111100 z
b111100 }
b111100 $"
b11110 9
b11110 !"
1'
#320000
0'
#325000
b1011010100000100111100 F
b1011010100000100111100 Z
b1011010100000100111100 s
b1011010100000100111100 w
b1011010100000100111100 J
b1011010100000100111100 k
b1011010100000100111100 u
b111111 ?
b111111 y
b111111 ~
b111111 %"
b111110 @
b111110 z
b111110 }
b111110 $"
b10110101000001001111000000000000000000000000 l
b1011010100000100111100 :
b1011010100000100111100 N
b1011010100000100111100 e
b1011010100000100111100 m
b1011010100000100111100 *"
b0 A
b0 R
b0 r
b0 )"
b10110101000001001111000 C
b10110101000001001111000 T
b10110101000001001111000 Y
b10110101000001001111000 '"
b1011010100000100111100 <
b1011010100000100111100 P
b1011010100000100111100 [
b1011010100000100111100 t
b1011010100000100111100 ,"
b11111 9
b11111 !"
1'
#330000
0'
#335000
b1110110010000011010111 F
b1110110010000011010111 Z
b1110110010000011010111 s
b1110110010000011010111 w
b1110110010000011010111 J
b1110110010000011010111 k
b1110110010000011010111 u
b11101100100000110101110000000000000000000000 l
b1110110010000011010111 :
b1110110010000011010111 N
b1110110010000011010111 e
b1110110010000011010111 m
b1110110010000011010111 *"
b0 A
b0 R
b0 r
b0 )"
b11101100100000110101110 C
b11101100100000110101110 T
b11101100100000110101110 Y
b11101100100000110101110 '"
b1110110010000011010111 <
b1110110010000011010111 P
b1110110010000011010111 [
b1110110010000011010111 t
b1110110010000011010111 ,"
b1000001 ?
b1000001 y
b1000001 ~
b1000001 %"
b1000000 @
b1000000 z
b1000000 }
b1000000 $"
b100000 9
b100000 !"
1'
#340000
0'
#345000
b1110110010000011010111 F
b1110110010000011010111 Z
b1110110010000011010111 s
b1110110010000011010111 w
b1110110010000011010111 J
b1110110010000011010111 k
b1110110010000011010111 u
b1000011 ?
b1000011 y
b1000011 ~
b1000011 %"
b1000010 @
b1000010 z
b1000010 }
b1000010 $"
b11101100100000110101110000000000000000000000 l
b1110110010000011010111 :
b1110110010000011010111 N
b1110110010000011010111 e
b1110110010000011010111 m
b1110110010000011010111 *"
b0 A
b0 R
b0 r
b0 )"
b11101100100000110101110 C
b11101100100000110101110 T
b11101100100000110101110 Y
b11101100100000110101110 '"
b1110110010000011010111 <
b1110110010000011010111 P
b1110110010000011010111 [
b1110110010000011010111 t
b1110110010000011010111 ,"
b100001 9
b100001 !"
1'
#350000
0'
#355000
b1000101 ?
b1000101 y
b1000101 ~
b1000101 %"
b1000100 @
b1000100 z
b1000100 }
b1000100 $"
b100010 9
b100010 !"
1'
#360000
0'
#365000
b1110110010000011010111 F
b1110110010000011010111 Z
b1110110010000011010111 s
b1110110010000011010111 w
b1110110010000011010111 J
b1110110010000011010111 k
b1110110010000011010111 u
b1000111 ?
b1000111 y
b1000111 ~
b1000111 %"
b1000110 @
b1000110 z
b1000110 }
b1000110 $"
b11101100100000110101110000000000000000000000 l
b1110110010000011010111 :
b1110110010000011010111 N
b1110110010000011010111 e
b1110110010000011010111 m
b1110110010000011010111 *"
b0 A
b0 R
b0 r
b0 )"
b11101100100000110101110 C
b11101100100000110101110 T
b11101100100000110101110 Y
b11101100100000110101110 '"
b1110110010000011010111 <
b1110110010000011010111 P
b1110110010000011010111 [
b1110110010000011010111 t
b1110110010000011010111 ,"
b100011 9
b100011 !"
1'
#370000
0'
#375000
b11111111110001001101111100101001 F
b11111111110001001101111100101001 Z
b11111111110001001101111100101001 s
b11111111110001001101111100101001 w
b11111111110001001101111100101001 J
b11111111110001001101111100101001 k
b11111111110001001101111100101001 u
b1111111111111111111100010011011111001010010000000000000000000000 l
b11111111110001001101111100101001 :
b11111111110001001101111100101001 N
b11111111110001001101111100101001 e
b11111111110001001101111100101001 m
b11111111110001001101111100101001 *"
b0 A
b0 R
b0 r
b0 )"
b11111111100010011011111001010010 C
b11111111100010011011111001010010 T
b11111111100010011011111001010010 Y
b11111111100010011011111001010010 '"
b11111111110001001101111100101001 <
b11111111110001001101111100101001 P
b11111111110001001101111100101001 [
b11111111110001001101111100101001 t
b11111111110001001101111100101001 ,"
b1001001 ?
b1001001 y
b1001001 ~
b1001001 %"
b1001000 @
b1001000 z
b1001000 }
b1001000 $"
b100100 9
b100100 !"
1'
#380000
0'
#385000
b11111111110001001101111100101001 F
b11111111110001001101111100101001 Z
b11111111110001001101111100101001 s
b11111111110001001101111100101001 w
b11111111110001001101111100101001 J
b11111111110001001101111100101001 k
b11111111110001001101111100101001 u
b1001011 ?
b1001011 y
b1001011 ~
b1001011 %"
b1001010 @
b1001010 z
b1001010 }
b1001010 $"
b1111111111111111111100010011011111001010010000000000000000000000 l
b11111111110001001101111100101001 :
b11111111110001001101111100101001 N
b11111111110001001101111100101001 e
b11111111110001001101111100101001 m
b11111111110001001101111100101001 *"
b0 A
b0 R
b0 r
b0 )"
b11111111100010011011111001010010 C
b11111111100010011011111001010010 T
b11111111100010011011111001010010 Y
b11111111100010011011111001010010 '"
b11111111110001001101111100101001 <
b11111111110001001101111100101001 P
b11111111110001001101111100101001 [
b11111111110001001101111100101001 t
b11111111110001001101111100101001 ,"
b100101 9
b100101 !"
1'
#390000
0'
#395000
b1001101 ?
b1001101 y
b1001101 ~
b1001101 %"
b1001100 @
b1001100 z
b1001100 }
b1001100 $"
b100110 9
b100110 !"
1'
#400000
0'
#405000
b11111111110001001101111100101001 F
b11111111110001001101111100101001 Z
b11111111110001001101111100101001 s
b11111111110001001101111100101001 w
b11111111110001001101111100101001 J
b11111111110001001101111100101001 k
b11111111110001001101111100101001 u
b1001111 ?
b1001111 y
b1001111 ~
b1001111 %"
b1001110 @
b1001110 z
b1001110 }
b1001110 $"
b1111111111111111111100010011011111001010010000000000000000000000 l
b11111111110001001101111100101001 :
b11111111110001001101111100101001 N
b11111111110001001101111100101001 e
b11111111110001001101111100101001 m
b11111111110001001101111100101001 *"
b0 A
b0 R
b0 r
b0 )"
b11111111100010011011111001010010 C
b11111111100010011011111001010010 T
b11111111100010011011111001010010 Y
b11111111100010011011111001010010 '"
b11111111110001001101111100101001 <
b11111111110001001101111100101001 P
b11111111110001001101111100101001 [
b11111111110001001101111100101001 t
b11111111110001001101111100101001 ,"
b100111 9
b100111 !"
1'
#410000
0'
#415000
b11111111111001111000001000011110 F
b11111111111001111000001000011110 Z
b11111111111001111000001000011110 s
b11111111111001111000001000011110 w
b11111111111001111000001000011110 J
b11111111111001111000001000011110 k
b11111111111001111000001000011110 u
b1111111111111111111110011110000010000111100000000000000000000000 l
b11111111111001111000001000011110 :
b11111111111001111000001000011110 N
b11111111111001111000001000011110 e
b11111111111001111000001000011110 m
b11111111111001111000001000011110 *"
b0 A
b0 R
b0 r
b0 )"
b11111111110011110000010000111100 C
b11111111110011110000010000111100 T
b11111111110011110000010000111100 Y
b11111111110011110000010000111100 '"
b11111111111001111000001000011110 <
b11111111111001111000001000011110 P
b11111111111001111000001000011110 [
b11111111111001111000001000011110 t
b11111111111001111000001000011110 ,"
b1010001 ?
b1010001 y
b1010001 ~
b1010001 %"
b1010000 @
b1010000 z
b1010000 }
b1010000 $"
b101000 9
b101000 !"
1'
#420000
0'
#425000
b11111111111001111000001000011110 F
b11111111111001111000001000011110 Z
b11111111111001111000001000011110 s
b11111111111001111000001000011110 w
b11111111111001111000001000011110 J
b11111111111001111000001000011110 k
b11111111111001111000001000011110 u
b1010011 ?
b1010011 y
b1010011 ~
b1010011 %"
b1010010 @
b1010010 z
b1010010 }
b1010010 $"
b1111111111111111111110011110000010000111100000000000000000000000 l
b11111111111001111000001000011110 :
b11111111111001111000001000011110 N
b11111111111001111000001000011110 e
b11111111111001111000001000011110 m
b11111111111001111000001000011110 *"
b0 A
b0 R
b0 r
b0 )"
b11111111110011110000010000111100 C
b11111111110011110000010000111100 T
b11111111110011110000010000111100 Y
b11111111110011110000010000111100 '"
b11111111111001111000001000011110 <
b11111111111001111000001000011110 P
b11111111111001111000001000011110 [
b11111111111001111000001000011110 t
b11111111111001111000001000011110 ,"
b101001 9
b101001 !"
1'
#430000
0'
#435000
b1010101 ?
b1010101 y
b1010101 ~
b1010101 %"
b1010100 @
b1010100 z
b1010100 }
b1010100 $"
b101010 9
b101010 !"
1'
#440000
0'
#445000
b11111111111001111000001000011110 F
b11111111111001111000001000011110 Z
b11111111111001111000001000011110 s
b11111111111001111000001000011110 w
b11111111111001111000001000011110 J
b11111111111001111000001000011110 k
b11111111111001111000001000011110 u
b1010111 ?
b1010111 y
b1010111 ~
b1010111 %"
b1010110 @
b1010110 z
b1010110 }
b1010110 $"
b1111111111111111111110011110000010000111100000000000000000000000 l
b11111111111001111000001000011110 :
b11111111111001111000001000011110 N
b11111111111001111000001000011110 e
b11111111111001111000001000011110 m
b11111111111001111000001000011110 *"
b0 A
b0 R
b0 r
b0 )"
b11111111110011110000010000111100 C
b11111111110011110000010000111100 T
b11111111110011110000010000111100 Y
b11111111110011110000010000111100 '"
b11111111111001111000001000011110 <
b11111111111001111000001000011110 P
b11111111111001111000001000011110 [
b11111111111001111000001000011110 t
b11111111111001111000001000011110 ,"
b101011 9
b101011 !"
1'
#450000
0'
#455000
b110000111110111100010 F
b110000111110111100010 Z
b110000111110111100010 s
b110000111110111100010 w
b110000111110111100010 J
b110000111110111100010 k
b110000111110111100010 u
b1100001111101111000100000000000000000000000 l
b110000111110111100010 :
b110000111110111100010 N
b110000111110111100010 e
b110000111110111100010 m
b110000111110111100010 *"
b0 A
b0 R
b0 r
b0 )"
b1100001111101111000100 C
b1100001111101111000100 T
b1100001111101111000100 Y
b1100001111101111000100 '"
b110000111110111100010 <
b110000111110111100010 P
b110000111110111100010 [
b110000111110111100010 t
b110000111110111100010 ,"
b1011001 ?
b1011001 y
b1011001 ~
b1011001 %"
b1011000 @
b1011000 z
b1011000 }
b1011000 $"
b101100 9
b101100 !"
1'
#460000
0'
#465000
b110000111110111100010 F
b110000111110111100010 Z
b110000111110111100010 s
b110000111110111100010 w
b110000111110111100010 J
b110000111110111100010 k
b110000111110111100010 u
b1011011 ?
b1011011 y
b1011011 ~
b1011011 %"
b1011010 @
b1011010 z
b1011010 }
b1011010 $"
b1100001111101111000100000000000000000000000 l
b110000111110111100010 :
b110000111110111100010 N
b110000111110111100010 e
b110000111110111100010 m
b110000111110111100010 *"
b0 A
b0 R
b0 r
b0 )"
b1100001111101111000100 C
b1100001111101111000100 T
b1100001111101111000100 Y
b1100001111101111000100 '"
b110000111110111100010 <
b110000111110111100010 P
b110000111110111100010 [
b110000111110111100010 t
b110000111110111100010 ,"
b101101 9
b101101 !"
1'
#470000
0'
#475000
b1011101 ?
b1011101 y
b1011101 ~
b1011101 %"
b1011100 @
b1011100 z
b1011100 }
b1011100 $"
b101110 9
b101110 !"
1'
#480000
0'
#485000
b110000111110111100010 F
b110000111110111100010 Z
b110000111110111100010 s
b110000111110111100010 w
b110000111110111100010 J
b110000111110111100010 k
b110000111110111100010 u
b1011111 ?
b1011111 y
b1011111 ~
b1011111 %"
b1011110 @
b1011110 z
b1011110 }
b1011110 $"
b1100001111101111000100000000000000000000000 l
b110000111110111100010 :
b110000111110111100010 N
b110000111110111100010 e
b110000111110111100010 m
b110000111110111100010 *"
b0 A
b0 R
b0 r
b0 )"
b1100001111101111000100 C
b1100001111101111000100 T
b1100001111101111000100 Y
b1100001111101111000100 '"
b110000111110111100010 <
b110000111110111100010 P
b110000111110111100010 [
b110000111110111100010 t
b110000111110111100010 ,"
b101111 9
b101111 !"
1'
#490000
0'
#495000
b1100001 ?
b1100001 y
b1100001 ~
b1100001 %"
b1100000 @
b1100000 z
b1100000 }
b1100000 $"
b110000 9
b110000 !"
1'
#500000
0'
#505000
b110000111110111100010 F
b110000111110111100010 Z
b110000111110111100010 s
b110000111110111100010 w
b110000111110111100010 J
b110000111110111100010 k
b110000111110111100010 u
b1100011 ?
b1100011 y
b1100011 ~
b1100011 %"
b1100010 @
b1100010 z
b1100010 }
b1100010 $"
b1100001111101111000100000000000000000000000 l
b110000111110111100010 :
b110000111110111100010 N
b110000111110111100010 e
b110000111110111100010 m
b110000111110111100010 *"
b0 A
b0 R
b0 r
b0 )"
b1100001111101111000100 C
b1100001111101111000100 T
b1100001111101111000100 Y
b1100001111101111000100 '"
b110000111110111100010 <
b110000111110111100010 P
b110000111110111100010 [
b110000111110111100010 t
b110000111110111100010 ,"
b110001 9
b110001 !"
1'
#510000
0'
#515000
b1100101 ?
b1100101 y
b1100101 ~
b1100101 %"
b1100100 @
b1100100 z
b1100100 }
b1100100 $"
b110010 9
b110010 !"
1'
#520000
0'
#525000
b110000111110111100010 F
b110000111110111100010 Z
b110000111110111100010 s
b110000111110111100010 w
b110000111110111100010 J
b110000111110111100010 k
b110000111110111100010 u
b1100111 ?
b1100111 y
b1100111 ~
b1100111 %"
b1100110 @
b1100110 z
b1100110 }
b1100110 $"
b1100001111101111000100000000000000000000000 l
b110000111110111100010 :
b110000111110111100010 N
b110000111110111100010 e
b110000111110111100010 m
b110000111110111100010 *"
b0 A
b0 R
b0 r
b0 )"
b1100001111101111000100 C
b1100001111101111000100 T
b1100001111101111000100 Y
b1100001111101111000100 '"
b110000111110111100010 <
b110000111110111100010 P
b110000111110111100010 [
b110000111110111100010 t
b110000111110111100010 ,"
b110011 9
b110011 !"
1'
#530000
0'
#535000
b11111111111001111000001000011110 F
b11111111111001111000001000011110 Z
b11111111111001111000001000011110 s
b11111111111001111000001000011110 w
b11111111111001111000001000011110 J
b11111111111001111000001000011110 k
b11111111111001111000001000011110 u
b1111111111111111111110011110000010000111100000000000000000000000 l
b11111111111001111000001000011110 :
b11111111111001111000001000011110 N
b11111111111001111000001000011110 e
b11111111111001111000001000011110 m
b11111111111001111000001000011110 *"
b0 A
b0 R
b0 r
b0 )"
b11111111110011110000010000111100 C
b11111111110011110000010000111100 T
b11111111110011110000010000111100 Y
b11111111110011110000010000111100 '"
b11111111111001111000001000011110 <
b11111111111001111000001000011110 P
b11111111111001111000001000011110 [
b11111111111001111000001000011110 t
b11111111111001111000001000011110 ,"
b1101001 ?
b1101001 y
b1101001 ~
b1101001 %"
b1101000 @
b1101000 z
b1101000 }
b1101000 $"
b110100 9
b110100 !"
1'
#540000
0'
#545000
b11111111111001111000001000011110 F
b11111111111001111000001000011110 Z
b11111111111001111000001000011110 s
b11111111111001111000001000011110 w
b11111111111001111000001000011110 J
b11111111111001111000001000011110 k
b11111111111001111000001000011110 u
b1101011 ?
b1101011 y
b1101011 ~
b1101011 %"
b1101010 @
b1101010 z
b1101010 }
b1101010 $"
b1111111111111111111110011110000010000111100000000000000000000000 l
b11111111111001111000001000011110 :
b11111111111001111000001000011110 N
b11111111111001111000001000011110 e
b11111111111001111000001000011110 m
b11111111111001111000001000011110 *"
b0 A
b0 R
b0 r
b0 )"
b11111111110011110000010000111100 C
b11111111110011110000010000111100 T
b11111111110011110000010000111100 Y
b11111111110011110000010000111100 '"
b11111111111001111000001000011110 <
b11111111111001111000001000011110 P
b11111111111001111000001000011110 [
b11111111111001111000001000011110 t
b11111111111001111000001000011110 ,"
b110101 9
b110101 !"
1'
#550000
0'
#555000
b1101101 ?
b1101101 y
b1101101 ~
b1101101 %"
b1101100 @
b1101100 z
b1101100 }
b1101100 $"
b110110 9
b110110 !"
1'
#560000
0'
#565000
b11111111111001111000001000011110 F
b11111111111001111000001000011110 Z
b11111111111001111000001000011110 s
b11111111111001111000001000011110 w
b11111111111001111000001000011110 J
b11111111111001111000001000011110 k
b11111111111001111000001000011110 u
b1101111 ?
b1101111 y
b1101111 ~
b1101111 %"
b1101110 @
b1101110 z
b1101110 }
b1101110 $"
b1111111111111111111110011110000010000111100000000000000000000000 l
b11111111111001111000001000011110 :
b11111111111001111000001000011110 N
b11111111111001111000001000011110 e
b11111111111001111000001000011110 m
b11111111111001111000001000011110 *"
b0 A
b0 R
b0 r
b0 )"
b11111111110011110000010000111100 C
b11111111110011110000010000111100 T
b11111111110011110000010000111100 Y
b11111111110011110000010000111100 '"
b11111111111001111000001000011110 <
b11111111111001111000001000011110 P
b11111111111001111000001000011110 [
b11111111111001111000001000011110 t
b11111111111001111000001000011110 ,"
b110111 9
b110111 !"
1'
#570000
0'
#575000
b11111111110001001101111100101001 F
b11111111110001001101111100101001 Z
b11111111110001001101111100101001 s
b11111111110001001101111100101001 w
b11111111110001001101111100101001 J
b11111111110001001101111100101001 k
b11111111110001001101111100101001 u
b1111111111111111111100010011011111001010010000000000000000000000 l
b11111111110001001101111100101001 :
b11111111110001001101111100101001 N
b11111111110001001101111100101001 e
b11111111110001001101111100101001 m
b11111111110001001101111100101001 *"
b0 A
b0 R
b0 r
b0 )"
b11111111100010011011111001010010 C
b11111111100010011011111001010010 T
b11111111100010011011111001010010 Y
b11111111100010011011111001010010 '"
b11111111110001001101111100101001 <
b11111111110001001101111100101001 P
b11111111110001001101111100101001 [
b11111111110001001101111100101001 t
b11111111110001001101111100101001 ,"
b1110001 ?
b1110001 y
b1110001 ~
b1110001 %"
b1110000 @
b1110000 z
b1110000 }
b1110000 $"
b111000 9
b111000 !"
1'
#580000
0'
#585000
b11111111110001001101111100101001 F
b11111111110001001101111100101001 Z
b11111111110001001101111100101001 s
b11111111110001001101111100101001 w
b11111111110001001101111100101001 J
b11111111110001001101111100101001 k
b11111111110001001101111100101001 u
b1110011 ?
b1110011 y
b1110011 ~
b1110011 %"
b1110010 @
b1110010 z
b1110010 }
b1110010 $"
b1111111111111111111100010011011111001010010000000000000000000000 l
b11111111110001001101111100101001 :
b11111111110001001101111100101001 N
b11111111110001001101111100101001 e
b11111111110001001101111100101001 m
b11111111110001001101111100101001 *"
b0 A
b0 R
b0 r
b0 )"
b11111111100010011011111001010010 C
b11111111100010011011111001010010 T
b11111111100010011011111001010010 Y
b11111111100010011011111001010010 '"
b11111111110001001101111100101001 <
b11111111110001001101111100101001 P
b11111111110001001101111100101001 [
b11111111110001001101111100101001 t
b11111111110001001101111100101001 ,"
b111001 9
b111001 !"
1'
#590000
0'
#595000
b1110101 ?
b1110101 y
b1110101 ~
b1110101 %"
b1110100 @
b1110100 z
b1110100 }
b1110100 $"
b111010 9
b111010 !"
1'
#600000
0'
#605000
b11111111110001001101111100101001 F
b11111111110001001101111100101001 Z
b11111111110001001101111100101001 s
b11111111110001001101111100101001 w
b11111111110001001101111100101001 J
b11111111110001001101111100101001 k
b11111111110001001101111100101001 u
b1110111 ?
b1110111 y
b1110111 ~
b1110111 %"
b1110110 @
b1110110 z
b1110110 }
b1110110 $"
b1111111111111111111100010011011111001010010000000000000000000000 l
b11111111110001001101111100101001 :
b11111111110001001101111100101001 N
b11111111110001001101111100101001 e
b11111111110001001101111100101001 m
b11111111110001001101111100101001 *"
b0 A
b0 R
b0 r
b0 )"
b11111111100010011011111001010010 C
b11111111100010011011111001010010 T
b11111111100010011011111001010010 Y
b11111111100010011011111001010010 '"
b11111111110001001101111100101001 <
b11111111110001001101111100101001 P
b11111111110001001101111100101001 [
b11111111110001001101111100101001 t
b11111111110001001101111100101001 ,"
b111011 9
b111011 !"
1'
#610000
0'
#615000
b1110110010000011010111 F
b1110110010000011010111 Z
b1110110010000011010111 s
b1110110010000011010111 w
b1110110010000011010111 J
b1110110010000011010111 k
b1110110010000011010111 u
b11101100100000110101110000000000000000000000 l
b1110110010000011010111 :
b1110110010000011010111 N
b1110110010000011010111 e
b1110110010000011010111 m
b1110110010000011010111 *"
b0 A
b0 R
b0 r
b0 )"
b11101100100000110101110 C
b11101100100000110101110 T
b11101100100000110101110 Y
b11101100100000110101110 '"
b1110110010000011010111 <
b1110110010000011010111 P
b1110110010000011010111 [
b1110110010000011010111 t
b1110110010000011010111 ,"
b1111001 ?
b1111001 y
b1111001 ~
b1111001 %"
b1111000 @
b1111000 z
b1111000 }
b1111000 $"
b111100 9
b111100 !"
1'
#620000
0'
#625000
b1110110010000011010111 F
b1110110010000011010111 Z
b1110110010000011010111 s
b1110110010000011010111 w
b1110110010000011010111 J
b1110110010000011010111 k
b1110110010000011010111 u
b1111011 ?
b1111011 y
b1111011 ~
b1111011 %"
b1111010 @
b1111010 z
b1111010 }
b1111010 $"
b11101100100000110101110000000000000000000000 l
b1110110010000011010111 :
b1110110010000011010111 N
b1110110010000011010111 e
b1110110010000011010111 m
b1110110010000011010111 *"
b0 A
b0 R
b0 r
b0 )"
b11101100100000110101110 C
b11101100100000110101110 T
b11101100100000110101110 Y
b11101100100000110101110 '"
b1110110010000011010111 <
b1110110010000011010111 P
b1110110010000011010111 [
b1110110010000011010111 t
b1110110010000011010111 ,"
b111101 9
b111101 !"
1'
#630000
0'
#635000
b1111101 ?
b1111101 y
b1111101 ~
b1111101 %"
b1111100 @
b1111100 z
b1111100 }
b1111100 $"
b111110 9
b111110 !"
1'
#640000
0'
#645000
b1110110010000011010111 F
b1110110010000011010111 Z
b1110110010000011010111 s
b1110110010000011010111 w
b1110110010000011010111 J
b1110110010000011010111 k
b1110110010000011010111 u
b1111111 ?
b1111111 y
b1111111 ~
b1111111 %"
b1111110 @
b1111110 z
b1111110 }
b1111110 $"
b11101100100000110101110000000000000000000000 l
b1110110010000011010111 :
b1110110010000011010111 N
b1110110010000011010111 e
b1110110010000011010111 m
b1110110010000011010111 *"
b0 A
b0 R
b0 r
b0 )"
b11101100100000110101110 C
b11101100100000110101110 T
b11101100100000110101110 Y
b11101100100000110101110 '"
b1110110010000011010111 <
b1110110010000011010111 P
b1110110010000011010111 [
b1110110010000011010111 t
b1110110010000011010111 ,"
b111111 9
b111111 !"
1'
#650000
0'
#655000
b1111101100010100101111 F
b1111101100010100101111 Z
b1111101100010100101111 s
b1111101100010100101111 w
b1111101100010100101111 J
b1111101100010100101111 k
b1111101100010100101111 u
b11111011000101001011110000000000000000000000 l
b1111101100010100101111 :
b1111101100010100101111 N
b1111101100010100101111 e
b1111101100010100101111 m
b1111101100010100101111 *"
b0 A
b0 R
b0 r
b0 )"
b11111011000101001011110 C
b11111011000101001011110 T
b11111011000101001011110 Y
b11111011000101001011110 '"
b1111101100010100101111 <
b1111101100010100101111 P
b1111101100010100101111 [
b1111101100010100101111 t
b1111101100010100101111 ,"
b10000001 ?
b10000001 y
b10000001 ~
b10000001 %"
b10000000 @
b10000000 z
b10000000 }
b10000000 $"
b1000000 9
b1000000 !"
1'
#660000
0'
#665000
b1111101100010100101111 F
b1111101100010100101111 Z
b1111101100010100101111 s
b1111101100010100101111 w
b1111101100010100101111 J
b1111101100010100101111 k
b1111101100010100101111 u
b10000011 ?
b10000011 y
b10000011 ~
b10000011 %"
b10000010 @
b10000010 z
b10000010 }
b10000010 $"
b11111011000101001011110000000000000000000000 l
b1111101100010100101111 :
b1111101100010100101111 N
b1111101100010100101111 e
b1111101100010100101111 m
b1111101100010100101111 *"
b0 A
b0 R
b0 r
b0 )"
b11111011000101001011110 C
b11111011000101001011110 T
b11111011000101001011110 Y
b11111011000101001011110 '"
b1111101100010100101111 <
b1111101100010100101111 P
b1111101100010100101111 [
b1111101100010100101111 t
b1111101100010100101111 ,"
b1000001 9
b1000001 !"
1'
#670000
0'
#675000
b10000101 ?
b10000101 y
b10000101 ~
b10000101 %"
b10000100 @
b10000100 z
b10000100 }
b10000100 $"
b1000010 9
b1000010 !"
1'
#680000
0'
#685000
b1111101100010100101111 F
b1111101100010100101111 Z
b1111101100010100101111 s
b1111101100010100101111 w
b1111101100010100101111 J
b1111101100010100101111 k
b1111101100010100101111 u
b10000111 ?
b10000111 y
b10000111 ~
b10000111 %"
b10000110 @
b10000110 z
b10000110 }
b10000110 $"
b11111011000101001011110000000000000000000000 l
b1111101100010100101111 :
b1111101100010100101111 N
b1111101100010100101111 e
b1111101100010100101111 m
b1111101100010100101111 *"
b0 A
b0 R
b0 r
b0 )"
b11111011000101001011110 C
b11111011000101001011110 T
b11111011000101001011110 Y
b11111011000101001011110 '"
b1111101100010100101111 <
b1111101100010100101111 P
b1111101100010100101111 [
b1111101100010100101111 t
b1111101100010100101111 ,"
b1000011 9
b1000011 !"
1'
#690000
0'
#695000
b11111111110000010011101011010001 F
b11111111110000010011101011010001 Z
b11111111110000010011101011010001 s
b11111111110000010011101011010001 w
b11111111110000010011101011010001 J
b11111111110000010011101011010001 k
b11111111110000010011101011010001 u
b1111111111111111111100000100111010110100010000000000000000000000 l
b11111111110000010011101011010001 :
b11111111110000010011101011010001 N
b11111111110000010011101011010001 e
b11111111110000010011101011010001 m
b11111111110000010011101011010001 *"
b0 A
b0 R
b0 r
b0 )"
b11111111100000100111010110100010 C
b11111111100000100111010110100010 T
b11111111100000100111010110100010 Y
b11111111100000100111010110100010 '"
b11111111110000010011101011010001 <
b11111111110000010011101011010001 P
b11111111110000010011101011010001 [
b11111111110000010011101011010001 t
b11111111110000010011101011010001 ,"
b10001001 ?
b10001001 y
b10001001 ~
b10001001 %"
b10001000 @
b10001000 z
b10001000 }
b10001000 $"
b1000100 9
b1000100 !"
1'
#700000
0'
#705000
b11111111110000010011101011010001 F
b11111111110000010011101011010001 Z
b11111111110000010011101011010001 s
b11111111110000010011101011010001 w
b11111111110000010011101011010001 J
b11111111110000010011101011010001 k
b11111111110000010011101011010001 u
b10001011 ?
b10001011 y
b10001011 ~
b10001011 %"
b10001010 @
b10001010 z
b10001010 }
b10001010 $"
b1111111111111111111100000100111010110100010000000000000000000000 l
b11111111110000010011101011010001 :
b11111111110000010011101011010001 N
b11111111110000010011101011010001 e
b11111111110000010011101011010001 m
b11111111110000010011101011010001 *"
b0 A
b0 R
b0 r
b0 )"
b11111111100000100111010110100010 C
b11111111100000100111010110100010 T
b11111111100000100111010110100010 Y
b11111111100000100111010110100010 '"
b11111111110000010011101011010001 <
b11111111110000010011101011010001 P
b11111111110000010011101011010001 [
b11111111110000010011101011010001 t
b11111111110000010011101011010001 ,"
b1000101 9
b1000101 !"
1'
#710000
0'
#715000
b10001101 ?
b10001101 y
b10001101 ~
b10001101 %"
b10001100 @
b10001100 z
b10001100 }
b10001100 $"
b1000110 9
b1000110 !"
1'
#720000
0'
#725000
b11111111110000010011101011010001 F
b11111111110000010011101011010001 Z
b11111111110000010011101011010001 s
b11111111110000010011101011010001 w
b11111111110000010011101011010001 J
b11111111110000010011101011010001 k
b11111111110000010011101011010001 u
b10001111 ?
b10001111 y
b10001111 ~
b10001111 %"
b10001110 @
b10001110 z
b10001110 }
b10001110 $"
b1111111111111111111100000100111010110100010000000000000000000000 l
b11111111110000010011101011010001 :
b11111111110000010011101011010001 N
b11111111110000010011101011010001 e
b11111111110000010011101011010001 m
b11111111110000010011101011010001 *"
b0 A
b0 R
b0 r
b0 )"
b11111111100000100111010110100010 C
b11111111100000100111010110100010 T
b11111111100000100111010110100010 Y
b11111111100000100111010110100010 '"
b11111111110000010011101011010001 <
b11111111110000010011101011010001 P
b11111111110000010011101011010001 [
b11111111110000010011101011010001 t
b11111111110000010011101011010001 ,"
b1000111 9
b1000111 !"
1'
#730000
0'
#735000
b11111111111100111000001110100100 F
b11111111111100111000001110100100 Z
b11111111111100111000001110100100 s
b11111111111100111000001110100100 w
b11111111111100111000001110100100 J
b11111111111100111000001110100100 k
b11111111111100111000001110100100 u
b1111111111111111111111001110000011101001000000000000000000000000 l
b11111111111100111000001110100100 :
b11111111111100111000001110100100 N
b11111111111100111000001110100100 e
b11111111111100111000001110100100 m
b11111111111100111000001110100100 *"
b0 A
b0 R
b0 r
b0 )"
b11111111111001110000011101001000 C
b11111111111001110000011101001000 T
b11111111111001110000011101001000 Y
b11111111111001110000011101001000 '"
b11111111111100111000001110100100 <
b11111111111100111000001110100100 P
b11111111111100111000001110100100 [
b11111111111100111000001110100100 t
b11111111111100111000001110100100 ,"
b10010001 ?
b10010001 y
b10010001 ~
b10010001 %"
b10010000 @
b10010000 z
b10010000 }
b10010000 $"
b1001000 9
b1001000 !"
1'
#740000
0'
#745000
b11111111111100111000001110100100 F
b11111111111100111000001110100100 Z
b11111111111100111000001110100100 s
b11111111111100111000001110100100 w
b11111111111100111000001110100100 J
b11111111111100111000001110100100 k
b11111111111100111000001110100100 u
b10010011 ?
b10010011 y
b10010011 ~
b10010011 %"
b10010010 @
b10010010 z
b10010010 }
b10010010 $"
b1111111111111111111111001110000011101001000000000000000000000000 l
b11111111111100111000001110100100 :
b11111111111100111000001110100100 N
b11111111111100111000001110100100 e
b11111111111100111000001110100100 m
b11111111111100111000001110100100 *"
b0 A
b0 R
b0 r
b0 )"
b11111111111001110000011101001000 C
b11111111111001110000011101001000 T
b11111111111001110000011101001000 Y
b11111111111001110000011101001000 '"
b11111111111100111000001110100100 <
b11111111111100111000001110100100 P
b11111111111100111000001110100100 [
b11111111111100111000001110100100 t
b11111111111100111000001110100100 ,"
b1001001 9
b1001001 !"
1'
#750000
0'
#755000
b10010101 ?
b10010101 y
b10010101 ~
b10010101 %"
b10010100 @
b10010100 z
b10010100 }
b10010100 $"
b1001010 9
b1001010 !"
1'
#760000
0'
#765000
b11111111111100111000001110100100 F
b11111111111100111000001110100100 Z
b11111111111100111000001110100100 s
b11111111111100111000001110100100 w
b11111111111100111000001110100100 J
b11111111111100111000001110100100 k
b11111111111100111000001110100100 u
b10010111 ?
b10010111 y
b10010111 ~
b10010111 %"
b10010110 @
b10010110 z
b10010110 }
b10010110 $"
b1111111111111111111111001110000011101001000000000000000000000000 l
b11111111111100111000001110100100 :
b11111111111100111000001110100100 N
b11111111111100111000001110100100 e
b11111111111100111000001110100100 m
b11111111111100111000001110100100 *"
b0 A
b0 R
b0 r
b0 )"
b11111111111001110000011101001000 C
b11111111111001110000011101001000 T
b11111111111001110000011101001000 Y
b11111111111001110000011101001000 '"
b11111111111100111000001110100100 <
b11111111111100111000001110100100 P
b11111111111100111000001110100100 [
b11111111111100111000001110100100 t
b11111111111100111000001110100100 ,"
b1001011 9
b1001011 !"
1'
#770000
0'
#775000
b11000111110001011100 F
b11000111110001011100 Z
b11000111110001011100 s
b11000111110001011100 w
b11000111110001011100 J
b11000111110001011100 k
b11000111110001011100 u
b110001111100010111000000000000000000000000 l
b11000111110001011100 :
b11000111110001011100 N
b11000111110001011100 e
b11000111110001011100 m
b11000111110001011100 *"
b0 A
b0 R
b0 r
b0 )"
b110001111100010111000 C
b110001111100010111000 T
b110001111100010111000 Y
b110001111100010111000 '"
b11000111110001011100 <
b11000111110001011100 P
b11000111110001011100 [
b11000111110001011100 t
b11000111110001011100 ,"
b10011001 ?
b10011001 y
b10011001 ~
b10011001 %"
b10011000 @
b10011000 z
b10011000 }
b10011000 $"
b1001100 9
b1001100 !"
1'
#780000
0'
#785000
b11000111110001011100 F
b11000111110001011100 Z
b11000111110001011100 s
b11000111110001011100 w
b11000111110001011100 J
b11000111110001011100 k
b11000111110001011100 u
b10011011 ?
b10011011 y
b10011011 ~
b10011011 %"
b10011010 @
b10011010 z
b10011010 }
b10011010 $"
b110001111100010111000000000000000000000000 l
b11000111110001011100 :
b11000111110001011100 N
b11000111110001011100 e
b11000111110001011100 m
b11000111110001011100 *"
b0 A
b0 R
b0 r
b0 )"
b110001111100010111000 C
b110001111100010111000 T
b110001111100010111000 Y
b110001111100010111000 '"
b11000111110001011100 <
b11000111110001011100 P
b11000111110001011100 [
b11000111110001011100 t
b11000111110001011100 ,"
b1001101 9
b1001101 !"
1'
#790000
0'
#795000
b10011101 ?
b10011101 y
b10011101 ~
b10011101 %"
b10011100 @
b10011100 z
b10011100 }
b10011100 $"
b1001110 9
b1001110 !"
1'
#800000
0'
#805000
b11000111110001011100 F
b11000111110001011100 Z
b11000111110001011100 s
b11000111110001011100 w
b11000111110001011100 J
b11000111110001011100 k
b11000111110001011100 u
b10011111 ?
b10011111 y
b10011111 ~
b10011111 %"
b10011110 @
b10011110 z
b10011110 }
b10011110 $"
b110001111100010111000000000000000000000000 l
b11000111110001011100 :
b11000111110001011100 N
b11000111110001011100 e
b11000111110001011100 m
b11000111110001011100 *"
b0 A
b0 R
b0 r
b0 )"
b110001111100010111000 C
b110001111100010111000 T
b110001111100010111000 Y
b110001111100010111000 '"
b11000111110001011100 <
b11000111110001011100 P
b11000111110001011100 [
b11000111110001011100 t
b11000111110001011100 ,"
b1001111 9
b1001111 !"
1'
#810000
0'
#815000
b1000111000111001110110 F
b1000111000111001110110 Z
b1000111000111001110110 s
b1000111000111001110110 w
b1000111000111001110110 J
b1000111000111001110110 k
b1000111000111001110110 u
b10001110001110011101100000000000000000000000 l
b1000111000111001110110 :
b1000111000111001110110 N
b1000111000111001110110 e
b1000111000111001110110 m
b1000111000111001110110 *"
b0 A
b0 R
b0 r
b0 )"
b10001110001110011101100 C
b10001110001110011101100 T
b10001110001110011101100 Y
b10001110001110011101100 '"
b1000111000111001110110 <
b1000111000111001110110 P
b1000111000111001110110 [
b1000111000111001110110 t
b1000111000111001110110 ,"
b10100001 ?
b10100001 y
b10100001 ~
b10100001 %"
b10100000 @
b10100000 z
b10100000 }
b10100000 $"
b1010000 9
b1010000 !"
1'
#820000
0'
#825000
b1000111000111001110110 F
b1000111000111001110110 Z
b1000111000111001110110 s
b1000111000111001110110 w
b1000111000111001110110 J
b1000111000111001110110 k
b1000111000111001110110 u
b10100011 ?
b10100011 y
b10100011 ~
b10100011 %"
b10100010 @
b10100010 z
b10100010 }
b10100010 $"
b10001110001110011101100000000000000000000000 l
b1000111000111001110110 :
b1000111000111001110110 N
b1000111000111001110110 e
b1000111000111001110110 m
b1000111000111001110110 *"
b0 A
b0 R
b0 r
b0 )"
b10001110001110011101100 C
b10001110001110011101100 T
b10001110001110011101100 Y
b10001110001110011101100 '"
b1000111000111001110110 <
b1000111000111001110110 P
b1000111000111001110110 [
b1000111000111001110110 t
b1000111000111001110110 ,"
b1010001 9
b1010001 !"
1'
#830000
0'
#835000
b10100101 ?
b10100101 y
b10100101 ~
b10100101 %"
b10100100 @
b10100100 z
b10100100 }
b10100100 $"
b1010010 9
b1010010 !"
1'
#840000
0'
#845000
b1000111000111001110110 F
b1000111000111001110110 Z
b1000111000111001110110 s
b1000111000111001110110 w
b1000111000111001110110 J
b1000111000111001110110 k
b1000111000111001110110 u
b10100111 ?
b10100111 y
b10100111 ~
b10100111 %"
b10100110 @
b10100110 z
b10100110 }
b10100110 $"
b10001110001110011101100000000000000000000000 l
b1000111000111001110110 :
b1000111000111001110110 N
b1000111000111001110110 e
b1000111000111001110110 m
b1000111000111001110110 *"
b0 A
b0 R
b0 r
b0 )"
b10001110001110011101100 C
b10001110001110011101100 T
b10001110001110011101100 Y
b10001110001110011101100 '"
b1000111000111001110110 <
b1000111000111001110110 P
b1000111000111001110110 [
b1000111000111001110110 t
b1000111000111001110110 ,"
b1010011 9
b1010011 !"
1'
#850000
0'
#855000
b11111111110111000111000110001010 F
b11111111110111000111000110001010 Z
b11111111110111000111000110001010 s
b11111111110111000111000110001010 w
b11111111110111000111000110001010 J
b11111111110111000111000110001010 k
b11111111110111000111000110001010 u
b1111111111111111111101110001110001100010100000000000000000000000 l
b11111111110111000111000110001010 :
b11111111110111000111000110001010 N
b11111111110111000111000110001010 e
b11111111110111000111000110001010 m
b11111111110111000111000110001010 *"
b0 A
b0 R
b0 r
b0 )"
b11111111101110001110001100010100 C
b11111111101110001110001100010100 T
b11111111101110001110001100010100 Y
b11111111101110001110001100010100 '"
b11111111110111000111000110001010 <
b11111111110111000111000110001010 P
b11111111110111000111000110001010 [
b11111111110111000111000110001010 t
b11111111110111000111000110001010 ,"
b10101001 ?
b10101001 y
b10101001 ~
b10101001 %"
b10101000 @
b10101000 z
b10101000 }
b10101000 $"
b1010100 9
b1010100 !"
1'
#860000
0'
#865000
b11111111110111000111000110001010 F
b11111111110111000111000110001010 Z
b11111111110111000111000110001010 s
b11111111110111000111000110001010 w
b11111111110111000111000110001010 J
b11111111110111000111000110001010 k
b11111111110111000111000110001010 u
b10101011 ?
b10101011 y
b10101011 ~
b10101011 %"
b10101010 @
b10101010 z
b10101010 }
b10101010 $"
b1111111111111111111101110001110001100010100000000000000000000000 l
b11111111110111000111000110001010 :
b11111111110111000111000110001010 N
b11111111110111000111000110001010 e
b11111111110111000111000110001010 m
b11111111110111000111000110001010 *"
b0 A
b0 R
b0 r
b0 )"
b11111111101110001110001100010100 C
b11111111101110001110001100010100 T
b11111111101110001110001100010100 Y
b11111111101110001110001100010100 '"
b11111111110111000111000110001010 <
b11111111110111000111000110001010 P
b11111111110111000111000110001010 [
b11111111110111000111000110001010 t
b11111111110111000111000110001010 ,"
b1010101 9
b1010101 !"
1'
#870000
0'
#875000
b10101101 ?
b10101101 y
b10101101 ~
b10101101 %"
b10101100 @
b10101100 z
b10101100 }
b10101100 $"
b1010110 9
b1010110 !"
1'
#880000
0'
#885000
b11111111110111000111000110001010 F
b11111111110111000111000110001010 Z
b11111111110111000111000110001010 s
b11111111110111000111000110001010 w
b11111111110111000111000110001010 J
b11111111110111000111000110001010 k
b11111111110111000111000110001010 u
b10101111 ?
b10101111 y
b10101111 ~
b10101111 %"
b10101110 @
b10101110 z
b10101110 }
b10101110 $"
b1111111111111111111101110001110001100010100000000000000000000000 l
b11111111110111000111000110001010 :
b11111111110111000111000110001010 N
b11111111110111000111000110001010 e
b11111111110111000111000110001010 m
b11111111110111000111000110001010 *"
b0 A
b0 R
b0 r
b0 )"
b11111111101110001110001100010100 C
b11111111101110001110001100010100 T
b11111111101110001110001100010100 Y
b11111111101110001110001100010100 '"
b11111111110111000111000110001010 <
b11111111110111000111000110001010 P
b11111111110111000111000110001010 [
b11111111110111000111000110001010 t
b11111111110111000111000110001010 ,"
b1010111 9
b1010111 !"
1'
#890000
0'
#895000
b11111111110010101100100100110100 F
b11111111110010101100100100110100 Z
b11111111110010101100100100110100 s
b11111111110010101100100100110100 w
b11111111110010101100100100110100 J
b11111111110010101100100100110100 k
b11111111110010101100100100110100 u
b1111111111111111111100101011001001001101000000000000000000000000 l
b11111111110010101100100100110100 :
b11111111110010101100100100110100 N
b11111111110010101100100100110100 e
b11111111110010101100100100110100 m
b11111111110010101100100100110100 *"
b0 A
b0 R
b0 r
b0 )"
b11111111100101011001001001101000 C
b11111111100101011001001001101000 T
b11111111100101011001001001101000 Y
b11111111100101011001001001101000 '"
b11111111110010101100100100110100 <
b11111111110010101100100100110100 P
b11111111110010101100100100110100 [
b11111111110010101100100100110100 t
b11111111110010101100100100110100 ,"
b10110001 ?
b10110001 y
b10110001 ~
b10110001 %"
b10110000 @
b10110000 z
b10110000 }
b10110000 $"
b1011000 9
b1011000 !"
1'
#900000
0'
#905000
b11111111110010101100100100110100 F
b11111111110010101100100100110100 Z
b11111111110010101100100100110100 s
b11111111110010101100100100110100 w
b11111111110010101100100100110100 J
b11111111110010101100100100110100 k
b11111111110010101100100100110100 u
b10110011 ?
b10110011 y
b10110011 ~
b10110011 %"
b10110010 @
b10110010 z
b10110010 }
b10110010 $"
b1111111111111111111100101011001001001101000000000000000000000000 l
b11111111110010101100100100110100 :
b11111111110010101100100100110100 N
b11111111110010101100100100110100 e
b11111111110010101100100100110100 m
b11111111110010101100100100110100 *"
b0 A
b0 R
b0 r
b0 )"
b11111111100101011001001001101000 C
b11111111100101011001001001101000 T
b11111111100101011001001001101000 Y
b11111111100101011001001001101000 '"
b11111111110010101100100100110100 <
b11111111110010101100100100110100 P
b11111111110010101100100100110100 [
b11111111110010101100100100110100 t
b11111111110010101100100100110100 ,"
b1011001 9
b1011001 !"
1'
#910000
0'
#915000
b10110101 ?
b10110101 y
b10110101 ~
b10110101 %"
b10110100 @
b10110100 z
b10110100 }
b10110100 $"
b1011010 9
b1011010 !"
1'
#920000
0'
#925000
b11111111110010101100100100110100 F
b11111111110010101100100100110100 Z
b11111111110010101100100100110100 s
b11111111110010101100100100110100 w
b11111111110010101100100100110100 J
b11111111110010101100100100110100 k
b11111111110010101100100100110100 u
b10110111 ?
b10110111 y
b10110111 ~
b10110111 %"
b10110110 @
b10110110 z
b10110110 }
b10110110 $"
b1111111111111111111100101011001001001101000000000000000000000000 l
b11111111110010101100100100110100 :
b11111111110010101100100100110100 N
b11111111110010101100100100110100 e
b11111111110010101100100100110100 m
b11111111110010101100100100110100 *"
b0 A
b0 R
b0 r
b0 )"
b11111111100101011001001001101000 C
b11111111100101011001001001101000 T
b11111111100101011001001001101000 Y
b11111111100101011001001001101000 '"
b11111111110010101100100100110100 <
b11111111110010101100100100110100 P
b11111111110010101100100100110100 [
b11111111110010101100100100110100 t
b11111111110010101100100100110100 ,"
b1011011 9
b1011011 !"
1'
#930000
0'
#935000
b1101010011011011001100 F
b1101010011011011001100 Z
b1101010011011011001100 s
b1101010011011011001100 w
b1101010011011011001100 J
b1101010011011011001100 k
b1101010011011011001100 u
b11010100110110110011000000000000000000000000 l
b1101010011011011001100 :
b1101010011011011001100 N
b1101010011011011001100 e
b1101010011011011001100 m
b1101010011011011001100 *"
b0 A
b0 R
b0 r
b0 )"
b11010100110110110011000 C
b11010100110110110011000 T
b11010100110110110011000 Y
b11010100110110110011000 '"
b1101010011011011001100 <
b1101010011011011001100 P
b1101010011011011001100 [
b1101010011011011001100 t
b1101010011011011001100 ,"
b10111001 ?
b10111001 y
b10111001 ~
b10111001 %"
b10111000 @
b10111000 z
b10111000 }
b10111000 $"
b1011100 9
b1011100 !"
1'
#940000
0'
#945000
b1101010011011011001100 F
b1101010011011011001100 Z
b1101010011011011001100 s
b1101010011011011001100 w
b1101010011011011001100 J
b1101010011011011001100 k
b1101010011011011001100 u
b10111011 ?
b10111011 y
b10111011 ~
b10111011 %"
b10111010 @
b10111010 z
b10111010 }
b10111010 $"
b11010100110110110011000000000000000000000000 l
b1101010011011011001100 :
b1101010011011011001100 N
b1101010011011011001100 e
b1101010011011011001100 m
b1101010011011011001100 *"
b0 A
b0 R
b0 r
b0 )"
b11010100110110110011000 C
b11010100110110110011000 T
b11010100110110110011000 Y
b11010100110110110011000 '"
b1101010011011011001100 <
b1101010011011011001100 P
b1101010011011011001100 [
b1101010011011011001100 t
b1101010011011011001100 ,"
b1011101 9
b1011101 !"
1'
#950000
0'
#955000
b10111101 ?
b10111101 y
b10111101 ~
b10111101 %"
b10111100 @
b10111100 z
b10111100 }
b10111100 $"
b1011110 9
b1011110 !"
1'
#960000
0'
#965000
b1101010011011011001100 F
b1101010011011011001100 Z
b1101010011011011001100 s
b1101010011011011001100 w
b1101010011011011001100 J
b1101010011011011001100 k
b1101010011011011001100 u
b10111111 ?
b10111111 y
b10111111 ~
b10111111 %"
b10111110 @
b10111110 z
b10111110 }
b10111110 $"
b11010100110110110011000000000000000000000000 l
b1101010011011011001100 :
b1101010011011011001100 N
b1101010011011011001100 e
b1101010011011011001100 m
b1101010011011011001100 *"
b0 A
b0 R
b0 r
b0 )"
b11010100110110110011000 C
b11010100110110110011000 T
b11010100110110110011000 Y
b11010100110110110011000 '"
b1101010011011011001100 <
b1101010011011011001100 P
b1101010011011011001100 [
b1101010011011011001100 t
b1101010011011011001100 ,"
b1011111 9
b1011111 !"
1'
#970000
0'
#975000
b11000001 ?
b11000001 y
b11000001 ~
b11000001 %"
b11000000 @
b11000000 z
b11000000 }
b11000000 $"
b1100000 9
b1100000 !"
1'
#980000
0'
#985000
b1101010011011011001100 F
b1101010011011011001100 Z
b1101010011011011001100 s
b1101010011011011001100 w
b1101010011011011001100 J
b1101010011011011001100 k
b1101010011011011001100 u
b11000011 ?
b11000011 y
b11000011 ~
b11000011 %"
b11000010 @
b11000010 z
b11000010 }
b11000010 $"
b11010100110110110011000000000000000000000000 l
b1101010011011011001100 :
b1101010011011011001100 N
b1101010011011011001100 e
b1101010011011011001100 m
b1101010011011011001100 *"
b0 A
b0 R
b0 r
b0 )"
b11010100110110110011000 C
b11010100110110110011000 T
b11010100110110110011000 Y
b11010100110110110011000 '"
b1101010011011011001100 <
b1101010011011011001100 P
b1101010011011011001100 [
b1101010011011011001100 t
b1101010011011011001100 ,"
b1100001 9
b1100001 !"
1'
#990000
0'
#995000
b11000101 ?
b11000101 y
b11000101 ~
b11000101 %"
b11000100 @
b11000100 z
b11000100 }
b11000100 $"
b1100010 9
b1100010 !"
1'
#1000000
0'
#1005000
b1101010011011011001100 F
b1101010011011011001100 Z
b1101010011011011001100 s
b1101010011011011001100 w
b1101010011011011001100 J
b1101010011011011001100 k
b1101010011011011001100 u
b11000111 ?
b11000111 y
b11000111 ~
b11000111 %"
b11000110 @
b11000110 z
b11000110 }
b11000110 $"
b11010100110110110011000000000000000000000000 l
b1101010011011011001100 :
b1101010011011011001100 N
b1101010011011011001100 e
b1101010011011011001100 m
b1101010011011011001100 *"
b0 A
b0 R
b0 r
b0 )"
b11010100110110110011000 C
b11010100110110110011000 T
b11010100110110110011000 Y
b11010100110110110011000 '"
b1101010011011011001100 <
b1101010011011011001100 P
b1101010011011011001100 [
b1101010011011011001100 t
b1101010011011011001100 ,"
b1100011 9
b1100011 !"
1'
#1010000
0'
#1015000
b11111111110010101100100100110100 F
b11111111110010101100100100110100 Z
b11111111110010101100100100110100 s
b11111111110010101100100100110100 w
b11111111110010101100100100110100 J
b11111111110010101100100100110100 k
b11111111110010101100100100110100 u
b1111111111111111111100101011001001001101000000000000000000000000 l
b11111111110010101100100100110100 :
b11111111110010101100100100110100 N
b11111111110010101100100100110100 e
b11111111110010101100100100110100 m
b11111111110010101100100100110100 *"
b0 A
b0 R
b0 r
b0 )"
b11111111100101011001001001101000 C
b11111111100101011001001001101000 T
b11111111100101011001001001101000 Y
b11111111100101011001001001101000 '"
b11111111110010101100100100110100 <
b11111111110010101100100100110100 P
b11111111110010101100100100110100 [
b11111111110010101100100100110100 t
b11111111110010101100100100110100 ,"
b11001001 ?
b11001001 y
b11001001 ~
b11001001 %"
b11001000 @
b11001000 z
b11001000 }
b11001000 $"
b1100100 9
b1100100 !"
1'
#1020000
0'
#1025000
b11111111110010101100100100110100 F
b11111111110010101100100100110100 Z
b11111111110010101100100100110100 s
b11111111110010101100100100110100 w
b11111111110010101100100100110100 J
b11111111110010101100100100110100 k
b11111111110010101100100100110100 u
b11001011 ?
b11001011 y
b11001011 ~
b11001011 %"
b11001010 @
b11001010 z
b11001010 }
b11001010 $"
b1111111111111111111100101011001001001101000000000000000000000000 l
b11111111110010101100100100110100 :
b11111111110010101100100100110100 N
b11111111110010101100100100110100 e
b11111111110010101100100100110100 m
b11111111110010101100100100110100 *"
b0 A
b0 R
b0 r
b0 )"
b11111111100101011001001001101000 C
b11111111100101011001001001101000 T
b11111111100101011001001001101000 Y
b11111111100101011001001001101000 '"
b11111111110010101100100100110100 <
b11111111110010101100100100110100 P
b11111111110010101100100100110100 [
b11111111110010101100100100110100 t
b11111111110010101100100100110100 ,"
b1100101 9
b1100101 !"
1'
#1030000
0'
#1035000
b11001101 ?
b11001101 y
b11001101 ~
b11001101 %"
b11001100 @
b11001100 z
b11001100 }
b11001100 $"
b1100110 9
b1100110 !"
1'
#1040000
0'
#1045000
b11111111110010101100100100110100 F
b11111111110010101100100100110100 Z
b11111111110010101100100100110100 s
b11111111110010101100100100110100 w
b11111111110010101100100100110100 J
b11111111110010101100100100110100 k
b11111111110010101100100100110100 u
b11001111 ?
b11001111 y
b11001111 ~
b11001111 %"
b11001110 @
b11001110 z
b11001110 }
b11001110 $"
b1111111111111111111100101011001001001101000000000000000000000000 l
b11111111110010101100100100110100 :
b11111111110010101100100100110100 N
b11111111110010101100100100110100 e
b11111111110010101100100100110100 m
b11111111110010101100100100110100 *"
b0 A
b0 R
b0 r
b0 )"
b11111111100101011001001001101000 C
b11111111100101011001001001101000 T
b11111111100101011001001001101000 Y
b11111111100101011001001001101000 '"
b11111111110010101100100100110100 <
b11111111110010101100100100110100 P
b11111111110010101100100100110100 [
b11111111110010101100100100110100 t
b11111111110010101100100100110100 ,"
b1100111 9
b1100111 !"
1'
#1050000
0'
#1055000
b11111111110111000111000110001010 F
b11111111110111000111000110001010 Z
b11111111110111000111000110001010 s
b11111111110111000111000110001010 w
b11111111110111000111000110001010 J
b11111111110111000111000110001010 k
b11111111110111000111000110001010 u
b1111111111111111111101110001110001100010100000000000000000000000 l
b11111111110111000111000110001010 :
b11111111110111000111000110001010 N
b11111111110111000111000110001010 e
b11111111110111000111000110001010 m
b11111111110111000111000110001010 *"
b0 A
b0 R
b0 r
b0 )"
b11111111101110001110001100010100 C
b11111111101110001110001100010100 T
b11111111101110001110001100010100 Y
b11111111101110001110001100010100 '"
b11111111110111000111000110001010 <
b11111111110111000111000110001010 P
b11111111110111000111000110001010 [
b11111111110111000111000110001010 t
b11111111110111000111000110001010 ,"
b11010001 ?
b11010001 y
b11010001 ~
b11010001 %"
b11010000 @
b11010000 z
b11010000 }
b11010000 $"
b1101000 9
b1101000 !"
1'
#1060000
0'
#1065000
b11111111110111000111000110001010 F
b11111111110111000111000110001010 Z
b11111111110111000111000110001010 s
b11111111110111000111000110001010 w
b11111111110111000111000110001010 J
b11111111110111000111000110001010 k
b11111111110111000111000110001010 u
b11010011 ?
b11010011 y
b11010011 ~
b11010011 %"
b11010010 @
b11010010 z
b11010010 }
b11010010 $"
b1111111111111111111101110001110001100010100000000000000000000000 l
b11111111110111000111000110001010 :
b11111111110111000111000110001010 N
b11111111110111000111000110001010 e
b11111111110111000111000110001010 m
b11111111110111000111000110001010 *"
b0 A
b0 R
b0 r
b0 )"
b11111111101110001110001100010100 C
b11111111101110001110001100010100 T
b11111111101110001110001100010100 Y
b11111111101110001110001100010100 '"
b11111111110111000111000110001010 <
b11111111110111000111000110001010 P
b11111111110111000111000110001010 [
b11111111110111000111000110001010 t
b11111111110111000111000110001010 ,"
b1101001 9
b1101001 !"
1'
#1070000
0'
#1075000
b11010101 ?
b11010101 y
b11010101 ~
b11010101 %"
b11010100 @
b11010100 z
b11010100 }
b11010100 $"
b1101010 9
b1101010 !"
1'
#1080000
0'
#1085000
b11111111110111000111000110001010 F
b11111111110111000111000110001010 Z
b11111111110111000111000110001010 s
b11111111110111000111000110001010 w
b11111111110111000111000110001010 J
b11111111110111000111000110001010 k
b11111111110111000111000110001010 u
b11010111 ?
b11010111 y
b11010111 ~
b11010111 %"
b11010110 @
b11010110 z
b11010110 }
b11010110 $"
b1111111111111111111101110001110001100010100000000000000000000000 l
b11111111110111000111000110001010 :
b11111111110111000111000110001010 N
b11111111110111000111000110001010 e
b11111111110111000111000110001010 m
b11111111110111000111000110001010 *"
b0 A
b0 R
b0 r
b0 )"
b11111111101110001110001100010100 C
b11111111101110001110001100010100 T
b11111111101110001110001100010100 Y
b11111111101110001110001100010100 '"
b11111111110111000111000110001010 <
b11111111110111000111000110001010 P
b11111111110111000111000110001010 [
b11111111110111000111000110001010 t
b11111111110111000111000110001010 ,"
b1101011 9
b1101011 !"
1'
#1090000
0'
#1095000
b1000111000111001110110 F
b1000111000111001110110 Z
b1000111000111001110110 s
b1000111000111001110110 w
b1000111000111001110110 J
b1000111000111001110110 k
b1000111000111001110110 u
b10001110001110011101100000000000000000000000 l
b1000111000111001110110 :
b1000111000111001110110 N
b1000111000111001110110 e
b1000111000111001110110 m
b1000111000111001110110 *"
b0 A
b0 R
b0 r
b0 )"
b10001110001110011101100 C
b10001110001110011101100 T
b10001110001110011101100 Y
b10001110001110011101100 '"
b1000111000111001110110 <
b1000111000111001110110 P
b1000111000111001110110 [
b1000111000111001110110 t
b1000111000111001110110 ,"
b11011001 ?
b11011001 y
b11011001 ~
b11011001 %"
b11011000 @
b11011000 z
b11011000 }
b11011000 $"
b1101100 9
b1101100 !"
1'
#1100000
0'
#1105000
b1000111000111001110110 F
b1000111000111001110110 Z
b1000111000111001110110 s
b1000111000111001110110 w
b1000111000111001110110 J
b1000111000111001110110 k
b1000111000111001110110 u
b11011011 ?
b11011011 y
b11011011 ~
b11011011 %"
b11011010 @
b11011010 z
b11011010 }
b11011010 $"
b10001110001110011101100000000000000000000000 l
b1000111000111001110110 :
b1000111000111001110110 N
b1000111000111001110110 e
b1000111000111001110110 m
b1000111000111001110110 *"
b0 A
b0 R
b0 r
b0 )"
b10001110001110011101100 C
b10001110001110011101100 T
b10001110001110011101100 Y
b10001110001110011101100 '"
b1000111000111001110110 <
b1000111000111001110110 P
b1000111000111001110110 [
b1000111000111001110110 t
b1000111000111001110110 ,"
b1101101 9
b1101101 !"
1'
#1110000
0'
#1115000
b11011101 ?
b11011101 y
b11011101 ~
b11011101 %"
b11011100 @
b11011100 z
b11011100 }
b11011100 $"
b1101110 9
b1101110 !"
1'
#1120000
0'
#1125000
b1000111000111001110110 F
b1000111000111001110110 Z
b1000111000111001110110 s
b1000111000111001110110 w
b1000111000111001110110 J
b1000111000111001110110 k
b1000111000111001110110 u
b11011111 ?
b11011111 y
b11011111 ~
b11011111 %"
b11011110 @
b11011110 z
b11011110 }
b11011110 $"
b10001110001110011101100000000000000000000000 l
b1000111000111001110110 :
b1000111000111001110110 N
b1000111000111001110110 e
b1000111000111001110110 m
b1000111000111001110110 *"
b0 A
b0 R
b0 r
b0 )"
b10001110001110011101100 C
b10001110001110011101100 T
b10001110001110011101100 Y
b10001110001110011101100 '"
b1000111000111001110110 <
b1000111000111001110110 P
b1000111000111001110110 [
b1000111000111001110110 t
b1000111000111001110110 ,"
b1101111 9
b1101111 !"
1'
#1130000
0'
#1135000
b11000111110001011100 F
b11000111110001011100 Z
b11000111110001011100 s
b11000111110001011100 w
b11000111110001011100 J
b11000111110001011100 k
b11000111110001011100 u
b110001111100010111000000000000000000000000 l
b11000111110001011100 :
b11000111110001011100 N
b11000111110001011100 e
b11000111110001011100 m
b11000111110001011100 *"
b0 A
b0 R
b0 r
b0 )"
b110001111100010111000 C
b110001111100010111000 T
b110001111100010111000 Y
b110001111100010111000 '"
b11000111110001011100 <
b11000111110001011100 P
b11000111110001011100 [
b11000111110001011100 t
b11000111110001011100 ,"
b11100001 ?
b11100001 y
b11100001 ~
b11100001 %"
b11100000 @
b11100000 z
b11100000 }
b11100000 $"
b1110000 9
b1110000 !"
1'
#1140000
0'
#1145000
b11000111110001011100 F
b11000111110001011100 Z
b11000111110001011100 s
b11000111110001011100 w
b11000111110001011100 J
b11000111110001011100 k
b11000111110001011100 u
b11100011 ?
b11100011 y
b11100011 ~
b11100011 %"
b11100010 @
b11100010 z
b11100010 }
b11100010 $"
b110001111100010111000000000000000000000000 l
b11000111110001011100 :
b11000111110001011100 N
b11000111110001011100 e
b11000111110001011100 m
b11000111110001011100 *"
b0 A
b0 R
b0 r
b0 )"
b110001111100010111000 C
b110001111100010111000 T
b110001111100010111000 Y
b110001111100010111000 '"
b11000111110001011100 <
b11000111110001011100 P
b11000111110001011100 [
b11000111110001011100 t
b11000111110001011100 ,"
b1110001 9
b1110001 !"
1'
#1150000
0'
#1155000
b11100101 ?
b11100101 y
b11100101 ~
b11100101 %"
b11100100 @
b11100100 z
b11100100 }
b11100100 $"
b1110010 9
b1110010 !"
1'
#1160000
0'
#1165000
b11000111110001011100 F
b11000111110001011100 Z
b11000111110001011100 s
b11000111110001011100 w
b11000111110001011100 J
b11000111110001011100 k
b11000111110001011100 u
b11100111 ?
b11100111 y
b11100111 ~
b11100111 %"
b11100110 @
b11100110 z
b11100110 }
b11100110 $"
b110001111100010111000000000000000000000000 l
b11000111110001011100 :
b11000111110001011100 N
b11000111110001011100 e
b11000111110001011100 m
b11000111110001011100 *"
b0 A
b0 R
b0 r
b0 )"
b110001111100010111000 C
b110001111100010111000 T
b110001111100010111000 Y
b110001111100010111000 '"
b11000111110001011100 <
b11000111110001011100 P
b11000111110001011100 [
b11000111110001011100 t
b11000111110001011100 ,"
b1110011 9
b1110011 !"
1'
#1170000
0'
#1175000
b11111111111100111000001110100100 F
b11111111111100111000001110100100 Z
b11111111111100111000001110100100 s
b11111111111100111000001110100100 w
b11111111111100111000001110100100 J
b11111111111100111000001110100100 k
b11111111111100111000001110100100 u
b1111111111111111111111001110000011101001000000000000000000000000 l
b11111111111100111000001110100100 :
b11111111111100111000001110100100 N
b11111111111100111000001110100100 e
b11111111111100111000001110100100 m
b11111111111100111000001110100100 *"
b0 A
b0 R
b0 r
b0 )"
b11111111111001110000011101001000 C
b11111111111001110000011101001000 T
b11111111111001110000011101001000 Y
b11111111111001110000011101001000 '"
b11111111111100111000001110100100 <
b11111111111100111000001110100100 P
b11111111111100111000001110100100 [
b11111111111100111000001110100100 t
b11111111111100111000001110100100 ,"
b11101001 ?
b11101001 y
b11101001 ~
b11101001 %"
b11101000 @
b11101000 z
b11101000 }
b11101000 $"
b1110100 9
b1110100 !"
1'
#1180000
0'
#1185000
b11111111111100111000001110100100 F
b11111111111100111000001110100100 Z
b11111111111100111000001110100100 s
b11111111111100111000001110100100 w
b11111111111100111000001110100100 J
b11111111111100111000001110100100 k
b11111111111100111000001110100100 u
b11101011 ?
b11101011 y
b11101011 ~
b11101011 %"
b11101010 @
b11101010 z
b11101010 }
b11101010 $"
b1111111111111111111111001110000011101001000000000000000000000000 l
b11111111111100111000001110100100 :
b11111111111100111000001110100100 N
b11111111111100111000001110100100 e
b11111111111100111000001110100100 m
b11111111111100111000001110100100 *"
b0 A
b0 R
b0 r
b0 )"
b11111111111001110000011101001000 C
b11111111111001110000011101001000 T
b11111111111001110000011101001000 Y
b11111111111001110000011101001000 '"
b11111111111100111000001110100100 <
b11111111111100111000001110100100 P
b11111111111100111000001110100100 [
b11111111111100111000001110100100 t
b11111111111100111000001110100100 ,"
b1110101 9
b1110101 !"
1'
#1190000
0'
#1195000
b11101101 ?
b11101101 y
b11101101 ~
b11101101 %"
b11101100 @
b11101100 z
b11101100 }
b11101100 $"
b1110110 9
b1110110 !"
1'
#1200000
0'
#1205000
b11111111111100111000001110100100 F
b11111111111100111000001110100100 Z
b11111111111100111000001110100100 s
b11111111111100111000001110100100 w
b11111111111100111000001110100100 J
b11111111111100111000001110100100 k
b11111111111100111000001110100100 u
b11101111 ?
b11101111 y
b11101111 ~
b11101111 %"
b11101110 @
b11101110 z
b11101110 }
b11101110 $"
b1111111111111111111111001110000011101001000000000000000000000000 l
b11111111111100111000001110100100 :
b11111111111100111000001110100100 N
b11111111111100111000001110100100 e
b11111111111100111000001110100100 m
b11111111111100111000001110100100 *"
b0 A
b0 R
b0 r
b0 )"
b11111111111001110000011101001000 C
b11111111111001110000011101001000 T
b11111111111001110000011101001000 Y
b11111111111001110000011101001000 '"
b11111111111100111000001110100100 <
b11111111111100111000001110100100 P
b11111111111100111000001110100100 [
b11111111111100111000001110100100 t
b11111111111100111000001110100100 ,"
b1110111 9
b1110111 !"
1'
#1210000
0'
#1215000
b11111111110000010011101011010001 F
b11111111110000010011101011010001 Z
b11111111110000010011101011010001 s
b11111111110000010011101011010001 w
b11111111110000010011101011010001 J
b11111111110000010011101011010001 k
b11111111110000010011101011010001 u
b1111111111111111111100000100111010110100010000000000000000000000 l
b11111111110000010011101011010001 :
b11111111110000010011101011010001 N
b11111111110000010011101011010001 e
b11111111110000010011101011010001 m
b11111111110000010011101011010001 *"
b0 A
b0 R
b0 r
b0 )"
b11111111100000100111010110100010 C
b11111111100000100111010110100010 T
b11111111100000100111010110100010 Y
b11111111100000100111010110100010 '"
b11111111110000010011101011010001 <
b11111111110000010011101011010001 P
b11111111110000010011101011010001 [
b11111111110000010011101011010001 t
b11111111110000010011101011010001 ,"
b11110001 ?
b11110001 y
b11110001 ~
b11110001 %"
b11110000 @
b11110000 z
b11110000 }
b11110000 $"
b1111000 9
b1111000 !"
1'
#1220000
0'
#1225000
b11111111110000010011101011010001 F
b11111111110000010011101011010001 Z
b11111111110000010011101011010001 s
b11111111110000010011101011010001 w
b11111111110000010011101011010001 J
b11111111110000010011101011010001 k
b11111111110000010011101011010001 u
b11110011 ?
b11110011 y
b11110011 ~
b11110011 %"
b11110010 @
b11110010 z
b11110010 }
b11110010 $"
b1111111111111111111100000100111010110100010000000000000000000000 l
b11111111110000010011101011010001 :
b11111111110000010011101011010001 N
b11111111110000010011101011010001 e
b11111111110000010011101011010001 m
b11111111110000010011101011010001 *"
b0 A
b0 R
b0 r
b0 )"
b11111111100000100111010110100010 C
b11111111100000100111010110100010 T
b11111111100000100111010110100010 Y
b11111111100000100111010110100010 '"
b11111111110000010011101011010001 <
b11111111110000010011101011010001 P
b11111111110000010011101011010001 [
b11111111110000010011101011010001 t
b11111111110000010011101011010001 ,"
b1111001 9
b1111001 !"
1'
#1230000
0'
#1235000
b11110101 ?
b11110101 y
b11110101 ~
b11110101 %"
b11110100 @
b11110100 z
b11110100 }
b11110100 $"
b1111010 9
b1111010 !"
1'
#1240000
0'
#1245000
b11111111110000010011101011010001 F
b11111111110000010011101011010001 Z
b11111111110000010011101011010001 s
b11111111110000010011101011010001 w
b11111111110000010011101011010001 J
b11111111110000010011101011010001 k
b11111111110000010011101011010001 u
b11110111 ?
b11110111 y
b11110111 ~
b11110111 %"
b11110110 @
b11110110 z
b11110110 }
b11110110 $"
b1111111111111111111100000100111010110100010000000000000000000000 l
b11111111110000010011101011010001 :
b11111111110000010011101011010001 N
b11111111110000010011101011010001 e
b11111111110000010011101011010001 m
b11111111110000010011101011010001 *"
b0 A
b0 R
b0 r
b0 )"
b11111111100000100111010110100010 C
b11111111100000100111010110100010 T
b11111111100000100111010110100010 Y
b11111111100000100111010110100010 '"
b11111111110000010011101011010001 <
b11111111110000010011101011010001 P
b11111111110000010011101011010001 [
b11111111110000010011101011010001 t
b11111111110000010011101011010001 ,"
b1111011 9
b1111011 !"
1'
#1250000
0'
#1255000
b1111101100010100101111 F
b1111101100010100101111 Z
b1111101100010100101111 s
b1111101100010100101111 w
b1111101100010100101111 J
b1111101100010100101111 k
b1111101100010100101111 u
b11111011000101001011110000000000000000000000 l
b1111101100010100101111 :
b1111101100010100101111 N
b1111101100010100101111 e
b1111101100010100101111 m
b1111101100010100101111 *"
b0 A
b0 R
b0 r
b0 )"
b11111011000101001011110 C
b11111011000101001011110 T
b11111011000101001011110 Y
b11111011000101001011110 '"
b1111101100010100101111 <
b1111101100010100101111 P
b1111101100010100101111 [
b1111101100010100101111 t
b1111101100010100101111 ,"
b11111001 ?
b11111001 y
b11111001 ~
b11111001 %"
b11111000 @
b11111000 z
b11111000 }
b11111000 $"
b1111100 9
b1111100 !"
1'
#1260000
0'
#1265000
b1111101100010100101111 F
b1111101100010100101111 Z
b1111101100010100101111 s
b1111101100010100101111 w
b1111101100010100101111 J
b1111101100010100101111 k
b1111101100010100101111 u
b11111011 ?
b11111011 y
b11111011 ~
b11111011 %"
b11111010 @
b11111010 z
b11111010 }
b11111010 $"
b11111011000101001011110000000000000000000000 l
b1111101100010100101111 :
b1111101100010100101111 N
b1111101100010100101111 e
b1111101100010100101111 m
b1111101100010100101111 *"
b0 A
b0 R
b0 r
b0 )"
b11111011000101001011110 C
b11111011000101001011110 T
b11111011000101001011110 Y
b11111011000101001011110 '"
b1111101100010100101111 <
b1111101100010100101111 P
b1111101100010100101111 [
b1111101100010100101111 t
b1111101100010100101111 ,"
b1111101 9
b1111101 !"
1'
#1270000
0'
#1275000
b11111101 ?
b11111101 y
b11111101 ~
b11111101 %"
b11111100 @
b11111100 z
b11111100 }
b11111100 $"
b1111110 9
b1111110 !"
1'
#1280000
0'
#1285000
b1111101100010100101111 F
b1111101100010100101111 Z
b1111101100010100101111 s
b1111101100010100101111 w
b1111101100010100101111 J
b1111101100010100101111 k
b1111101100010100101111 u
b11111111 ?
b11111111 y
b11111111 ~
b11111111 %"
b11111110 @
b11111110 z
b11111110 }
b11111110 $"
b11111011000101001011110000000000000000000000 l
b1111101100010100101111 :
b1111101100010100101111 N
b1111101100010100101111 e
b1111101100010100101111 m
b1111101100010100101111 *"
b0 A
b0 R
b0 r
b0 )"
b11111011000101001011110 C
b11111011000101001011110 T
b11111011000101001011110 Y
b11111011000101001011110 '"
b1111101100010100101111 <
b1111101100010100101111 P
b1111101100010100101111 [
b1111101100010100101111 t
b1111101100010100101111 ,"
b1111111 9
b1111111 !"
1'
#1290000
0'
#1295000
b100000000000000000000000 F
b100000000000000000000000 Z
b100000000000000000000000 s
b100000000000000000000000 w
b100000000000000000000000 J
b100000000000000000000000 k
b100000000000000000000000 u
b1000000000000000000000000000000000000000000000 l
b100000000000000000000000 :
b100000000000000000000000 N
b100000000000000000000000 e
b100000000000000000000000 m
b100000000000000000000000 *"
b0 A
b0 R
b0 r
b0 )"
b1000000000000000000000000 C
b1000000000000000000000000 T
b1000000000000000000000000 Y
b1000000000000000000000000 '"
b100000000000000000000000 <
b100000000000000000000000 P
b100000000000000000000000 [
b100000000000000000000000 t
b100000000000000000000000 ,"
b10 ?
b10 y
b10 ~
b10 %"
b0 @
b0 z
b0 }
b0 $"
b1 8
b1 #"
b0 9
b0 !"
1'
#1300000
0'
#1305000
b0 6
b0 L
b0 j
b0 n
b0 /"
b11111111110000000000000000000000 7
b11111111110000000000000000000000 M
b11111111110000000000000000000000 b
b11111111110000000000000000000000 f
b11111111110000000000000000000000 0"
b1000000 1"
b0 F
b0 Z
b0 s
b0 w
b0 J
b0 k
b0 u
b11 ?
b11 y
b11 ~
b11 %"
b1 @
b1 z
b1 }
b1 $"
b1000000 5
b1000000 x
b1000000 ."
b1000000 ""
b0 l
b0 :
b0 N
b0 e
b0 m
b0 *"
b0 A
b0 R
b0 r
b0 )"
b0 C
b0 T
b0 Y
b0 '"
b0 <
b0 P
b0 [
b0 t
b0 ,"
b1 9
b1 !"
1'
#1310000
0'
#1315000
b100000000000000000000000 F
b100000000000000000000000 Z
b100000000000000000000000 s
b100000000000000000000000 w
b100000000000000000000000 J
b100000000000000000000000 k
b100000000000000000000000 u
b1000000000000000000000000000000000000000000000 l
b10000000000000000000000 6
b10000000000000000000000 L
b10000000000000000000000 j
b10000000000000000000000 n
b10000000000000000000000 /"
b0 7
b0 M
b0 b
b0 f
b0 0"
b0 B
b0 S
b0 p
b0 ("
b0 D
b0 U
b0 V
b0 &"
b0 K
b0 W
b0 \
b0 o
b0 G
b0 ]
b0 c
b0 1"
b0 d
b100000000000000000000000 :
b100000000000000000000000 N
b100000000000000000000000 e
b100000000000000000000000 m
b100000000000000000000000 *"
b0 A
b0 R
b0 r
b0 )"
b1000000000000000000000000 C
b1000000000000000000000000 T
b1000000000000000000000000 Y
b1000000000000000000000000 '"
b100000000000000000000000 <
b100000000000000000000000 P
b100000000000000000000000 [
b100000000000000000000000 t
b100000000000000000000000 ,"
b0 5
b0 x
b0 ."
b0 ""
b110 ?
b110 y
b110 ~
b110 %"
b100 @
b100 z
b100 }
b100 $"
b10 9
b10 !"
1'
#1320000
0'
#1325000
b0 6
b0 L
b0 j
b0 n
b0 /"
b11111111110000000000000000000000 7
b11111111110000000000000000000000 M
b11111111110000000000000000000000 b
b11111111110000000000000000000000 f
b11111111110000000000000000000000 0"
b1000000 1"
b0 F
b0 Z
b0 s
b0 w
b0 J
b0 k
b0 u
b111 ?
b111 y
b111 ~
b111 %"
b101 @
b101 z
b101 }
b101 $"
b1000000 5
b1000000 x
b1000000 ."
b1000000 ""
b0 l
b0 :
b0 N
b0 e
b0 m
b0 *"
b0 A
b0 R
b0 r
b0 )"
b0 C
b0 T
b0 Y
b0 '"
b0 <
b0 P
b0 [
b0 t
b0 ,"
b11 9
b11 !"
1'
#1330000
0'
#1335000
b11111111100000000000000000000000 F
b11111111100000000000000000000000 Z
b11111111100000000000000000000000 s
b11111111100000000000000000000000 w
b11111111100000000000000000000000 J
b11111111100000000000000000000000 k
b11111111100000000000000000000000 u
b1111111111111111111000000000000000000000000000000000000000000000 l
b10000000000000000000000 6
b10000000000000000000000 L
b10000000000000000000000 j
b10000000000000000000000 n
b10000000000000000000000 /"
b0 7
b0 M
b0 b
b0 f
b0 0"
b0 B
b0 S
b0 p
b0 ("
b0 D
b0 U
b0 V
b0 &"
b0 K
b0 W
b0 \
b0 o
b0 G
b0 ]
b0 c
b0 1"
b0 d
b11111111100000000000000000000000 :
b11111111100000000000000000000000 N
b11111111100000000000000000000000 e
b11111111100000000000000000000000 m
b11111111100000000000000000000000 *"
b0 A
b0 R
b0 r
b0 )"
b11111111000000000000000000000000 C
b11111111000000000000000000000000 T
b11111111000000000000000000000000 Y
b11111111000000000000000000000000 '"
b11111111100000000000000000000000 <
b11111111100000000000000000000000 P
b11111111100000000000000000000000 [
b11111111100000000000000000000000 t
b11111111100000000000000000000000 ,"
b0 5
b0 x
b0 ."
b0 ""
b1010 ?
b1010 y
b1010 ~
b1010 %"
b1000 @
b1000 z
b1000 }
b1000 $"
b100 9
b100 !"
1'
#1340000
0'
#1345000
b0 6
b0 L
b0 j
b0 n
b0 /"
b11111111110000000000000000000000 7
b11111111110000000000000000000000 M
b11111111110000000000000000000000 b
b11111111110000000000000000000000 f
b11111111110000000000000000000000 0"
b1000000 1"
b0 F
b0 Z
b0 s
b0 w
b0 J
b0 k
b0 u
b1011 ?
b1011 y
b1011 ~
b1011 %"
b1001 @
b1001 z
b1001 }
b1001 $"
b1000000 5
b1000000 x
b1000000 ."
b1000000 ""
b0 l
b0 :
b0 N
b0 e
b0 m
b0 *"
b0 A
b0 R
b0 r
b0 )"
b0 C
b0 T
b0 Y
b0 '"
b0 <
b0 P
b0 [
b0 t
b0 ,"
b101 9
b101 !"
1'
#1350000
0'
#1355000
b11111111100000000000000000000000 F
b11111111100000000000000000000000 Z
b11111111100000000000000000000000 s
b11111111100000000000000000000000 w
b11111111100000000000000000000000 J
b11111111100000000000000000000000 k
b11111111100000000000000000000000 u
b1111111111111111111000000000000000000000000000000000000000000000 l
b10000000000000000000000 6
b10000000000000000000000 L
b10000000000000000000000 j
b10000000000000000000000 n
b10000000000000000000000 /"
b0 7
b0 M
b0 b
b0 f
b0 0"
b0 B
b0 S
b0 p
b0 ("
b0 D
b0 U
b0 V
b0 &"
b0 K
b0 W
b0 \
b0 o
b0 G
b0 ]
b0 c
b0 1"
b0 d
b11111111100000000000000000000000 :
b11111111100000000000000000000000 N
b11111111100000000000000000000000 e
b11111111100000000000000000000000 m
b11111111100000000000000000000000 *"
b0 A
b0 R
b0 r
b0 )"
b11111111000000000000000000000000 C
b11111111000000000000000000000000 T
b11111111000000000000000000000000 Y
b11111111000000000000000000000000 '"
b11111111100000000000000000000000 <
b11111111100000000000000000000000 P
b11111111100000000000000000000000 [
b11111111100000000000000000000000 t
b11111111100000000000000000000000 ,"
b0 5
b0 x
b0 ."
b0 ""
b1110 ?
b1110 y
b1110 ~
b1110 %"
b1100 @
b1100 z
b1100 }
b1100 $"
b110 9
b110 !"
1'
#1360000
0'
#1365000
b0 6
b0 L
b0 j
b0 n
b0 /"
b11111111110000000000000000000000 7
b11111111110000000000000000000000 M
b11111111110000000000000000000000 b
b11111111110000000000000000000000 f
b11111111110000000000000000000000 0"
b1000000 1"
b0 F
b0 Z
b0 s
b0 w
b0 J
b0 k
b0 u
b1111 ?
b1111 y
b1111 ~
b1111 %"
b1101 @
b1101 z
b1101 }
b1101 $"
b1000000 5
b1000000 x
b1000000 ."
b1000000 ""
b0 l
b0 :
b0 N
b0 e
b0 m
b0 *"
b0 A
b0 R
b0 r
b0 )"
b0 C
b0 T
b0 Y
b0 '"
b0 <
b0 P
b0 [
b0 t
b0 ,"
b111 9
b111 !"
1'
#1370000
0'
#1375000
b10000000000000000000000 6
b10000000000000000000000 L
b10000000000000000000000 j
b10000000000000000000000 n
b10000000000000000000000 /"
b0 7
b0 M
b0 b
b0 f
b0 0"
b0 1"
b0 5
b0 x
b0 ."
b0 ""
b10010 ?
b10010 y
b10010 ~
b10010 %"
b10000 @
b10000 z
b10000 }
b10000 $"
b1000 9
b1000 !"
1'
#1380000
0'
#1385000
b0 6
b0 L
b0 j
b0 n
b0 /"
b11111111110000000000000000000000 7
b11111111110000000000000000000000 M
b11111111110000000000000000000000 b
b11111111110000000000000000000000 f
b11111111110000000000000000000000 0"
b1000000 1"
b10011 ?
b10011 y
b10011 ~
b10011 %"
b10001 @
b10001 z
b10001 }
b10001 $"
b1000000 5
b1000000 x
b1000000 ."
b1000000 ""
b1001 9
b1001 !"
1'
#1390000
0'
#1395000
b10000000000000000000000 6
b10000000000000000000000 L
b10000000000000000000000 j
b10000000000000000000000 n
b10000000000000000000000 /"
b0 7
b0 M
b0 b
b0 f
b0 0"
b0 1"
b0 5
b0 x
b0 ."
b0 ""
b10110 ?
b10110 y
b10110 ~
b10110 %"
b10100 @
b10100 z
b10100 }
b10100 $"
b1010 9
b1010 !"
1'
#1400000
0'
#1405000
b0 6
b0 L
b0 j
b0 n
b0 /"
b11111111110000000000000000000000 7
b11111111110000000000000000000000 M
b11111111110000000000000000000000 b
b11111111110000000000000000000000 f
b11111111110000000000000000000000 0"
b1000000 1"
b10111 ?
b10111 y
b10111 ~
b10111 %"
b10101 @
b10101 z
b10101 }
b10101 $"
b1000000 5
b1000000 x
b1000000 ."
b1000000 ""
b1011 9
b1011 !"
1'
#1410000
0'
#1415000
b10000000000000000000000 6
b10000000000000000000000 L
b10000000000000000000000 j
b10000000000000000000000 n
b10000000000000000000000 /"
b0 7
b0 M
b0 b
b0 f
b0 0"
b0 1"
b0 5
b0 x
b0 ."
b0 ""
b11010 ?
b11010 y
b11010 ~
b11010 %"
b11000 @
b11000 z
b11000 }
b11000 $"
b1100 9
b1100 !"
1'
#1420000
0'
#1425000
b0 6
b0 L
b0 j
b0 n
b0 /"
b11111111110000000000000000000000 7
b11111111110000000000000000000000 M
b11111111110000000000000000000000 b
b11111111110000000000000000000000 f
b11111111110000000000000000000000 0"
b1000000 1"
b11011 ?
b11011 y
b11011 ~
b11011 %"
b11001 @
b11001 z
b11001 }
b11001 $"
b1000000 5
b1000000 x
b1000000 ."
b1000000 ""
b1101 9
b1101 !"
1'
#1430000
0'
#1435000
b10000000000000000000000 6
b10000000000000000000000 L
b10000000000000000000000 j
b10000000000000000000000 n
b10000000000000000000000 /"
b0 7
b0 M
b0 b
b0 f
b0 0"
b0 1"
b0 5
b0 x
b0 ."
b0 ""
b11110 ?
b11110 y
b11110 ~
b11110 %"
b11100 @
b11100 z
b11100 }
b11100 $"
b1110 9
b1110 !"
1'
#1440000
0'
#1445000
b0 6
b0 L
b0 j
b0 n
b0 /"
b11111111110000000000000000000000 7
b11111111110000000000000000000000 M
b11111111110000000000000000000000 b
b11111111110000000000000000000000 f
b11111111110000000000000000000000 0"
b1000000 1"
b11111 ?
b11111 y
b11111 ~
b11111 %"
b11101 @
b11101 z
b11101 }
b11101 $"
b1000000 5
b1000000 x
b1000000 ."
b1000000 ""
b1111 9
b1111 !"
1'
#1450000
0'
#1455000
b10110101000001001111000 F
b10110101000001001111000 Z
b10110101000001001111000 s
b10110101000001001111000 w
b10110101000001001111000 J
b10110101000001001111000 k
b10110101000001001111000 u
b101101010000010011110000000000000000000000000 l
b10000000000000000000000 6
b10000000000000000000000 L
b10000000000000000000000 j
b10000000000000000000000 n
b10000000000000000000000 /"
b0 7
b0 M
b0 b
b0 f
b0 0"
b0 B
b0 S
b0 p
b0 ("
b0 D
b0 U
b0 V
b0 &"
b0 K
b0 W
b0 \
b0 o
b0 G
b0 ]
b0 c
b0 1"
b0 d
b10110101000001001111000 :
b10110101000001001111000 N
b10110101000001001111000 e
b10110101000001001111000 m
b10110101000001001111000 *"
b0 A
b0 R
b0 r
b0 )"
b101101010000010011110000 C
b101101010000010011110000 T
b101101010000010011110000 Y
b101101010000010011110000 '"
b10110101000001001111000 <
b10110101000001001111000 P
b10110101000001001111000 [
b10110101000001001111000 t
b10110101000001001111000 ,"
b0 5
b0 x
b0 ."
b0 ""
b100010 ?
b100010 y
b100010 ~
b100010 %"
b100000 @
b100000 z
b100000 }
b100000 $"
b10000 9
b10000 !"
1'
#1460000
0'
#1465000
b0 6
b0 L
b0 j
b0 n
b0 /"
b11111111110000000000000000000000 7
b11111111110000000000000000000000 M
b11111111110000000000000000000000 b
b11111111110000000000000000000000 f
b11111111110000000000000000000000 0"
b1000000 1"
b0 F
b0 Z
b0 s
b0 w
b0 J
b0 k
b0 u
b100011 ?
b100011 y
b100011 ~
b100011 %"
b100001 @
b100001 z
b100001 }
b100001 $"
b1000000 5
b1000000 x
b1000000 ."
b1000000 ""
b0 l
b0 :
b0 N
b0 e
b0 m
b0 *"
b0 A
b0 R
b0 r
b0 )"
b0 C
b0 T
b0 Y
b0 '"
b0 <
b0 P
b0 [
b0 t
b0 ,"
b10001 9
b10001 !"
1'
#1470000
0'
#1475000
b10110101000001001111000 F
b10110101000001001111000 Z
b10110101000001001111000 s
b10110101000001001111000 w
b10110101000001001111000 J
b10110101000001001111000 k
b10110101000001001111000 u
b101101010000010011110000000000000000000000000 l
b10000000000000000000000 6
b10000000000000000000000 L
b10000000000000000000000 j
b10000000000000000000000 n
b10000000000000000000000 /"
b0 7
b0 M
b0 b
b0 f
b0 0"
b0 B
b0 S
b0 p
b0 ("
b0 D
b0 U
b0 V
b0 &"
b0 K
b0 W
b0 \
b0 o
b0 G
b0 ]
b0 c
b0 1"
b0 d
b10110101000001001111000 :
b10110101000001001111000 N
b10110101000001001111000 e
b10110101000001001111000 m
b10110101000001001111000 *"
b0 A
b0 R
b0 r
b0 )"
b101101010000010011110000 C
b101101010000010011110000 T
b101101010000010011110000 Y
b101101010000010011110000 '"
b10110101000001001111000 <
b10110101000001001111000 P
b10110101000001001111000 [
b10110101000001001111000 t
b10110101000001001111000 ,"
b0 5
b0 x
b0 ."
b0 ""
b100110 ?
b100110 y
b100110 ~
b100110 %"
b100100 @
b100100 z
b100100 }
b100100 $"
b10010 9
b10010 !"
1'
#1480000
0'
#1485000
b0 6
b0 L
b0 j
b0 n
b0 /"
b11111111110000000000000000000000 7
b11111111110000000000000000000000 M
b11111111110000000000000000000000 b
b11111111110000000000000000000000 f
b11111111110000000000000000000000 0"
b1000000 1"
b0 F
b0 Z
b0 s
b0 w
b0 J
b0 k
b0 u
b100111 ?
b100111 y
b100111 ~
b100111 %"
b100101 @
b100101 z
b100101 }
b100101 $"
b1000000 5
b1000000 x
b1000000 ."
b1000000 ""
b0 l
b0 :
b0 N
b0 e
b0 m
b0 *"
b0 A
b0 R
b0 r
b0 )"
b0 C
b0 T
b0 Y
b0 '"
b0 <
b0 P
b0 [
b0 t
b0 ,"
b10011 9
b10011 !"
1'
#1490000
0'
#1495000
b11111111101001010111110110001000 F
b11111111101001010111110110001000 Z
b11111111101001010111110110001000 s
b11111111101001010111110110001000 w
b11111111101001010111110110001000 J
b11111111101001010111110110001000 k
b11111111101001010111110110001000 u
b1111111111111111111010010101111101100010000000000000000000000000 l
b10000000000000000000000 6
b10000000000000000000000 L
b10000000000000000000000 j
b10000000000000000000000 n
b10000000000000000000000 /"
b0 7
b0 M
b0 b
b0 f
b0 0"
b0 B
b0 S
b0 p
b0 ("
b0 D
b0 U
b0 V
b0 &"
b0 K
b0 W
b0 \
b0 o
b0 G
b0 ]
b0 c
b0 1"
b0 d
b11111111101001010111110110001000 :
b11111111101001010111110110001000 N
b11111111101001010111110110001000 e
b11111111101001010111110110001000 m
b11111111101001010111110110001000 *"
b0 A
b0 R
b0 r
b0 )"
b11111111010010101111101100010000 C
b11111111010010101111101100010000 T
b11111111010010101111101100010000 Y
b11111111010010101111101100010000 '"
b11111111101001010111110110001000 <
b11111111101001010111110110001000 P
b11111111101001010111110110001000 [
b11111111101001010111110110001000 t
b11111111101001010111110110001000 ,"
b0 5
b0 x
b0 ."
b0 ""
b101010 ?
b101010 y
b101010 ~
b101010 %"
b101000 @
b101000 z
b101000 }
b101000 $"
b10100 9
b10100 !"
1'
#1500000
0'
#1505000
b0 6
b0 L
b0 j
b0 n
b0 /"
b11111111110000000000000000000000 7
b11111111110000000000000000000000 M
b11111111110000000000000000000000 b
b11111111110000000000000000000000 f
b11111111110000000000000000000000 0"
b1000000 1"
b0 F
b0 Z
b0 s
b0 w
b0 J
b0 k
b0 u
b101011 ?
b101011 y
b101011 ~
b101011 %"
b101001 @
b101001 z
b101001 }
b101001 $"
b1000000 5
b1000000 x
b1000000 ."
b1000000 ""
b0 l
b0 :
b0 N
b0 e
b0 m
b0 *"
b0 A
b0 R
b0 r
b0 )"
b0 C
b0 T
b0 Y
b0 '"
b0 <
b0 P
b0 [
b0 t
b0 ,"
b10101 9
b10101 !"
1'
#1510000
0'
#1515000
b11111111101001010111110110001000 F
b11111111101001010111110110001000 Z
b11111111101001010111110110001000 s
b11111111101001010111110110001000 w
b11111111101001010111110110001000 J
b11111111101001010111110110001000 k
b11111111101001010111110110001000 u
b1111111111111111111010010101111101100010000000000000000000000000 l
b10000000000000000000000 6
b10000000000000000000000 L
b10000000000000000000000 j
b10000000000000000000000 n
b10000000000000000000000 /"
b0 7
b0 M
b0 b
b0 f
b0 0"
b0 B
b0 S
b0 p
b0 ("
b0 D
b0 U
b0 V
b0 &"
b0 K
b0 W
b0 \
b0 o
b0 G
b0 ]
b0 c
b0 1"
b0 d
b11111111101001010111110110001000 :
b11111111101001010111110110001000 N
b11111111101001010111110110001000 e
b11111111101001010111110110001000 m
b11111111101001010111110110001000 *"
b0 A
b0 R
b0 r
b0 )"
b11111111010010101111101100010000 C
b11111111010010101111101100010000 T
b11111111010010101111101100010000 Y
b11111111010010101111101100010000 '"
b11111111101001010111110110001000 <
b11111111101001010111110110001000 P
b11111111101001010111110110001000 [
b11111111101001010111110110001000 t
b11111111101001010111110110001000 ,"
b0 5
b0 x
b0 ."
b0 ""
b101110 ?
b101110 y
b101110 ~
b101110 %"
b101100 @
b101100 z
b101100 }
b101100 $"
b10110 9
b10110 !"
1'
#1520000
0'
#1525000
b0 6
b0 L
b0 j
b0 n
b0 /"
b11111111110000000000000000000000 7
b11111111110000000000000000000000 M
b11111111110000000000000000000000 b
b11111111110000000000000000000000 f
b11111111110000000000000000000000 0"
b1000000 1"
b0 F
b0 Z
b0 s
b0 w
b0 J
b0 k
b0 u
b101111 ?
b101111 y
b101111 ~
b101111 %"
b101101 @
b101101 z
b101101 }
b101101 $"
b1000000 5
b1000000 x
b1000000 ."
b1000000 ""
b0 l
b0 :
b0 N
b0 e
b0 m
b0 *"
b0 A
b0 R
b0 r
b0 )"
b0 C
b0 T
b0 Y
b0 '"
b0 <
b0 P
b0 [
b0 t
b0 ,"
b10111 9
b10111 !"
1'
#1530000
0'
#1535000
b11111111101001010111110110001000 F
b11111111101001010111110110001000 Z
b11111111101001010111110110001000 s
b11111111101001010111110110001000 w
b11111111101001010111110110001000 J
b11111111101001010111110110001000 k
b11111111101001010111110110001000 u
b1111111111111111111010010101111101100010000000000000000000000000 l
b10000000000000000000000 6
b10000000000000000000000 L
b10000000000000000000000 j
b10000000000000000000000 n
b10000000000000000000000 /"
b0 7
b0 M
b0 b
b0 f
b0 0"
b0 B
b0 S
b0 p
b0 ("
b0 D
b0 U
b0 V
b0 &"
b0 K
b0 W
b0 \
b0 o
b0 G
b0 ]
b0 c
b0 1"
b0 d
b11111111101001010111110110001000 :
b11111111101001010111110110001000 N
b11111111101001010111110110001000 e
b11111111101001010111110110001000 m
b11111111101001010111110110001000 *"
b0 A
b0 R
b0 r
b0 )"
b11111111010010101111101100010000 C
b11111111010010101111101100010000 T
b11111111010010101111101100010000 Y
b11111111010010101111101100010000 '"
b11111111101001010111110110001000 <
b11111111101001010111110110001000 P
b11111111101001010111110110001000 [
b11111111101001010111110110001000 t
b11111111101001010111110110001000 ,"
b0 5
b0 x
b0 ."
b0 ""
b110010 ?
b110010 y
b110010 ~
b110010 %"
b110000 @
b110000 z
b110000 }
b110000 $"
b11000 9
b11000 !"
1'
#1540000
0'
#1545000
b0 6
b0 L
b0 j
b0 n
b0 /"
b11111111110000000000000000000000 7
b11111111110000000000000000000000 M
b11111111110000000000000000000000 b
b11111111110000000000000000000000 f
b11111111110000000000000000000000 0"
b1000000 1"
b0 F
b0 Z
b0 s
b0 w
b0 J
b0 k
b0 u
b110011 ?
b110011 y
b110011 ~
b110011 %"
b110001 @
b110001 z
b110001 }
b110001 $"
b1000000 5
b1000000 x
b1000000 ."
b1000000 ""
b0 l
b0 :
b0 N
b0 e
b0 m
b0 *"
b0 A
b0 R
b0 r
b0 )"
b0 C
b0 T
b0 Y
b0 '"
b0 <
b0 P
b0 [
b0 t
b0 ,"
b11001 9
b11001 !"
1'
#1550000
0'
#1555000
b11111111101001010111110110001000 F
b11111111101001010111110110001000 Z
b11111111101001010111110110001000 s
b11111111101001010111110110001000 w
b11111111101001010111110110001000 J
b11111111101001010111110110001000 k
b11111111101001010111110110001000 u
b1111111111111111111010010101111101100010000000000000000000000000 l
b10000000000000000000000 6
b10000000000000000000000 L
b10000000000000000000000 j
b10000000000000000000000 n
b10000000000000000000000 /"
b0 7
b0 M
b0 b
b0 f
b0 0"
b0 B
b0 S
b0 p
b0 ("
b0 D
b0 U
b0 V
b0 &"
b0 K
b0 W
b0 \
b0 o
b0 G
b0 ]
b0 c
b0 1"
b0 d
b11111111101001010111110110001000 :
b11111111101001010111110110001000 N
b11111111101001010111110110001000 e
b11111111101001010111110110001000 m
b11111111101001010111110110001000 *"
b0 A
b0 R
b0 r
b0 )"
b11111111010010101111101100010000 C
b11111111010010101111101100010000 T
b11111111010010101111101100010000 Y
b11111111010010101111101100010000 '"
b11111111101001010111110110001000 <
b11111111101001010111110110001000 P
b11111111101001010111110110001000 [
b11111111101001010111110110001000 t
b11111111101001010111110110001000 ,"
b0 5
b0 x
b0 ."
b0 ""
b110110 ?
b110110 y
b110110 ~
b110110 %"
b110100 @
b110100 z
b110100 }
b110100 $"
b11010 9
b11010 !"
1'
#1560000
0'
#1565000
b0 6
b0 L
b0 j
b0 n
b0 /"
b11111111110000000000000000000000 7
b11111111110000000000000000000000 M
b11111111110000000000000000000000 b
b11111111110000000000000000000000 f
b11111111110000000000000000000000 0"
b1000000 1"
b0 F
b0 Z
b0 s
b0 w
b0 J
b0 k
b0 u
b110111 ?
b110111 y
b110111 ~
b110111 %"
b110101 @
b110101 z
b110101 }
b110101 $"
b1000000 5
b1000000 x
b1000000 ."
b1000000 ""
b0 l
b0 :
b0 N
b0 e
b0 m
b0 *"
b0 A
b0 R
b0 r
b0 )"
b0 C
b0 T
b0 Y
b0 '"
b0 <
b0 P
b0 [
b0 t
b0 ,"
b11011 9
b11011 !"
1'
#1570000
0'
#1575000
b10110101000001001111000 F
b10110101000001001111000 Z
b10110101000001001111000 s
b10110101000001001111000 w
b10110101000001001111000 J
b10110101000001001111000 k
b10110101000001001111000 u
b101101010000010011110000000000000000000000000 l
b10000000000000000000000 6
b10000000000000000000000 L
b10000000000000000000000 j
b10000000000000000000000 n
b10000000000000000000000 /"
b0 7
b0 M
b0 b
b0 f
b0 0"
b0 B
b0 S
b0 p
b0 ("
b0 D
b0 U
b0 V
b0 &"
b0 K
b0 W
b0 \
b0 o
b0 G
b0 ]
b0 c
b0 1"
b0 d
b10110101000001001111000 :
b10110101000001001111000 N
b10110101000001001111000 e
b10110101000001001111000 m
b10110101000001001111000 *"
b0 A
b0 R
b0 r
b0 )"
b101101010000010011110000 C
b101101010000010011110000 T
b101101010000010011110000 Y
b101101010000010011110000 '"
b10110101000001001111000 <
b10110101000001001111000 P
b10110101000001001111000 [
b10110101000001001111000 t
b10110101000001001111000 ,"
b0 5
b0 x
b0 ."
b0 ""
b111010 ?
b111010 y
b111010 ~
b111010 %"
b111000 @
b111000 z
b111000 }
b111000 $"
b11100 9
b11100 !"
1'
#1580000
0'
#1585000
b0 6
b0 L
b0 j
b0 n
b0 /"
b11111111110000000000000000000000 7
b11111111110000000000000000000000 M
b11111111110000000000000000000000 b
b11111111110000000000000000000000 f
b11111111110000000000000000000000 0"
b1000000 1"
b0 F
b0 Z
b0 s
b0 w
b0 J
b0 k
b0 u
b111011 ?
b111011 y
b111011 ~
b111011 %"
b111001 @
b111001 z
b111001 }
b111001 $"
b1000000 5
b1000000 x
b1000000 ."
b1000000 ""
b0 l
b0 :
b0 N
b0 e
b0 m
b0 *"
b0 A
b0 R
b0 r
b0 )"
b0 C
b0 T
b0 Y
b0 '"
b0 <
b0 P
b0 [
b0 t
b0 ,"
b11101 9
b11101 !"
1'
#1590000
0'
#1595000
b10110101000001001111000 F
b10110101000001001111000 Z
b10110101000001001111000 s
b10110101000001001111000 w
b10110101000001001111000 J
b10110101000001001111000 k
b10110101000001001111000 u
b101101010000010011110000000000000000000000000 l
b10000000000000000000000 6
b10000000000000000000000 L
b10000000000000000000000 j
b10000000000000000000000 n
b10000000000000000000000 /"
b0 7
b0 M
b0 b
b0 f
b0 0"
b0 B
b0 S
b0 p
b0 ("
b0 D
b0 U
b0 V
b0 &"
b0 K
b0 W
b0 \
b0 o
b0 G
b0 ]
b0 c
b0 1"
b0 d
b10110101000001001111000 :
b10110101000001001111000 N
b10110101000001001111000 e
b10110101000001001111000 m
b10110101000001001111000 *"
b0 A
b0 R
b0 r
b0 )"
b101101010000010011110000 C
b101101010000010011110000 T
b101101010000010011110000 Y
b101101010000010011110000 '"
b10110101000001001111000 <
b10110101000001001111000 P
b10110101000001001111000 [
b10110101000001001111000 t
b10110101000001001111000 ,"
b0 5
b0 x
b0 ."
b0 ""
b111110 ?
b111110 y
b111110 ~
b111110 %"
b111100 @
b111100 z
b111100 }
b111100 $"
b11110 9
b11110 !"
1'
#1600000
0'
#1605000
b0 6
b0 L
b0 j
b0 n
b0 /"
b11111111110000000000000000000000 7
b11111111110000000000000000000000 M
b11111111110000000000000000000000 b
b11111111110000000000000000000000 f
b11111111110000000000000000000000 0"
b1000000 1"
b0 F
b0 Z
b0 s
b0 w
b0 J
b0 k
b0 u
b111111 ?
b111111 y
b111111 ~
b111111 %"
b111101 @
b111101 z
b111101 }
b111101 $"
b1000000 5
b1000000 x
b1000000 ."
b1000000 ""
b0 l
b0 :
b0 N
b0 e
b0 m
b0 *"
b0 A
b0 R
b0 r
b0 )"
b0 C
b0 T
b0 Y
b0 '"
b0 <
b0 P
b0 [
b0 t
b0 ,"
b11111 9
b11111 !"
1'
#1610000
0'
#1615000
b11101100100000110101110 F
b11101100100000110101110 Z
b11101100100000110101110 s
b11101100100000110101110 w
b11101100100000110101110 J
b11101100100000110101110 k
b11101100100000110101110 u
b111011001000001101011100000000000000000000000 l
b10000000000000000000000 6
b10000000000000000000000 L
b10000000000000000000000 j
b10000000000000000000000 n
b10000000000000000000000 /"
b0 7
b0 M
b0 b
b0 f
b0 0"
b0 B
b0 S
b0 p
b0 ("
b0 D
b0 U
b0 V
b0 &"
b0 K
b0 W
b0 \
b0 o
b0 G
b0 ]
b0 c
b0 1"
b0 d
b11101100100000110101110 :
b11101100100000110101110 N
b11101100100000110101110 e
b11101100100000110101110 m
b11101100100000110101110 *"
b0 A
b0 R
b0 r
b0 )"
b111011001000001101011100 C
b111011001000001101011100 T
b111011001000001101011100 Y
b111011001000001101011100 '"
b11101100100000110101110 <
b11101100100000110101110 P
b11101100100000110101110 [
b11101100100000110101110 t
b11101100100000110101110 ,"
b0 5
b0 x
b0 ."
b0 ""
b1000010 ?
b1000010 y
b1000010 ~
b1000010 %"
b1000000 @
b1000000 z
b1000000 }
b1000000 $"
b100000 9
b100000 !"
1'
#1620000
0'
#1625000
b0 6
b0 L
b0 j
b0 n
b0 /"
b11111111110000000000000000000000 7
b11111111110000000000000000000000 M
b11111111110000000000000000000000 b
b11111111110000000000000000000000 f
b11111111110000000000000000000000 0"
b1000000 1"
b0 F
b0 Z
b0 s
b0 w
b0 J
b0 k
b0 u
b1000011 ?
b1000011 y
b1000011 ~
b1000011 %"
b1000001 @
b1000001 z
b1000001 }
b1000001 $"
b1000000 5
b1000000 x
b1000000 ."
b1000000 ""
b0 l
b0 :
b0 N
b0 e
b0 m
b0 *"
b0 A
b0 R
b0 r
b0 )"
b0 C
b0 T
b0 Y
b0 '"
b0 <
b0 P
b0 [
b0 t
b0 ,"
b100001 9
b100001 !"
1'
#1630000
0'
#1635000
b11101100100000110101110 F
b11101100100000110101110 Z
b11101100100000110101110 s
b11101100100000110101110 w
b11101100100000110101110 J
b11101100100000110101110 k
b11101100100000110101110 u
b111011001000001101011100000000000000000000000 l
b10000000000000000000000 6
b10000000000000000000000 L
b10000000000000000000000 j
b10000000000000000000000 n
b10000000000000000000000 /"
b0 7
b0 M
b0 b
b0 f
b0 0"
b0 B
b0 S
b0 p
b0 ("
b0 D
b0 U
b0 V
b0 &"
b0 K
b0 W
b0 \
b0 o
b0 G
b0 ]
b0 c
b0 1"
b0 d
b11101100100000110101110 :
b11101100100000110101110 N
b11101100100000110101110 e
b11101100100000110101110 m
b11101100100000110101110 *"
b0 A
b0 R
b0 r
b0 )"
b111011001000001101011100 C
b111011001000001101011100 T
b111011001000001101011100 Y
b111011001000001101011100 '"
b11101100100000110101110 <
b11101100100000110101110 P
b11101100100000110101110 [
b11101100100000110101110 t
b11101100100000110101110 ,"
b0 5
b0 x
b0 ."
b0 ""
b1000110 ?
b1000110 y
b1000110 ~
b1000110 %"
b1000100 @
b1000100 z
b1000100 }
b1000100 $"
b100010 9
b100010 !"
1'
#1640000
0'
#1645000
b0 6
b0 L
b0 j
b0 n
b0 /"
b11111111110000000000000000000000 7
b11111111110000000000000000000000 M
b11111111110000000000000000000000 b
b11111111110000000000000000000000 f
b11111111110000000000000000000000 0"
b1000000 1"
b0 F
b0 Z
b0 s
b0 w
b0 J
b0 k
b0 u
b1000111 ?
b1000111 y
b1000111 ~
b1000111 %"
b1000101 @
b1000101 z
b1000101 }
b1000101 $"
b1000000 5
b1000000 x
b1000000 ."
b1000000 ""
b0 l
b0 :
b0 N
b0 e
b0 m
b0 *"
b0 A
b0 R
b0 r
b0 )"
b0 C
b0 T
b0 Y
b0 '"
b0 <
b0 P
b0 [
b0 t
b0 ,"
b100011 9
b100011 !"
1'
#1650000
0'
#1655000
b11111111100010011011111001010010 F
b11111111100010011011111001010010 Z
b11111111100010011011111001010010 s
b11111111100010011011111001010010 w
b11111111100010011011111001010010 J
b11111111100010011011111001010010 k
b11111111100010011011111001010010 u
b1111111111111111111000100110111110010100100000000000000000000000 l
b10000000000000000000000 6
b10000000000000000000000 L
b10000000000000000000000 j
b10000000000000000000000 n
b10000000000000000000000 /"
b0 7
b0 M
b0 b
b0 f
b0 0"
b0 B
b0 S
b0 p
b0 ("
b0 D
b0 U
b0 V
b0 &"
b0 K
b0 W
b0 \
b0 o
b0 G
b0 ]
b0 c
b0 1"
b0 d
b11111111100010011011111001010010 :
b11111111100010011011111001010010 N
b11111111100010011011111001010010 e
b11111111100010011011111001010010 m
b11111111100010011011111001010010 *"
b0 A
b0 R
b0 r
b0 )"
b11111111000100110111110010100100 C
b11111111000100110111110010100100 T
b11111111000100110111110010100100 Y
b11111111000100110111110010100100 '"
b11111111100010011011111001010010 <
b11111111100010011011111001010010 P
b11111111100010011011111001010010 [
b11111111100010011011111001010010 t
b11111111100010011011111001010010 ,"
b0 5
b0 x
b0 ."
b0 ""
b1001010 ?
b1001010 y
b1001010 ~
b1001010 %"
b1001000 @
b1001000 z
b1001000 }
b1001000 $"
b100100 9
b100100 !"
1'
#1660000
0'
#1665000
b0 6
b0 L
b0 j
b0 n
b0 /"
b11111111110000000000000000000000 7
b11111111110000000000000000000000 M
b11111111110000000000000000000000 b
b11111111110000000000000000000000 f
b11111111110000000000000000000000 0"
b1000000 1"
b0 F
b0 Z
b0 s
b0 w
b0 J
b0 k
b0 u
b1001011 ?
b1001011 y
b1001011 ~
b1001011 %"
b1001001 @
b1001001 z
b1001001 }
b1001001 $"
b1000000 5
b1000000 x
b1000000 ."
b1000000 ""
b0 l
b0 :
b0 N
b0 e
b0 m
b0 *"
b0 A
b0 R
b0 r
b0 )"
b0 C
b0 T
b0 Y
b0 '"
b0 <
b0 P
b0 [
b0 t
b0 ,"
b100101 9
b100101 !"
1'
#1670000
0'
#1675000
b11111111100010011011111001010010 F
b11111111100010011011111001010010 Z
b11111111100010011011111001010010 s
b11111111100010011011111001010010 w
b11111111100010011011111001010010 J
b11111111100010011011111001010010 k
b11111111100010011011111001010010 u
b1111111111111111111000100110111110010100100000000000000000000000 l
b10000000000000000000000 6
b10000000000000000000000 L
b10000000000000000000000 j
b10000000000000000000000 n
b10000000000000000000000 /"
b0 7
b0 M
b0 b
b0 f
b0 0"
b0 B
b0 S
b0 p
b0 ("
b0 D
b0 U
b0 V
b0 &"
b0 K
b0 W
b0 \
b0 o
b0 G
b0 ]
b0 c
b0 1"
b0 d
b11111111100010011011111001010010 :
b11111111100010011011111001010010 N
b11111111100010011011111001010010 e
b11111111100010011011111001010010 m
b11111111100010011011111001010010 *"
b0 A
b0 R
b0 r
b0 )"
b11111111000100110111110010100100 C
b11111111000100110111110010100100 T
b11111111000100110111110010100100 Y
b11111111000100110111110010100100 '"
b11111111100010011011111001010010 <
b11111111100010011011111001010010 P
b11111111100010011011111001010010 [
b11111111100010011011111001010010 t
b11111111100010011011111001010010 ,"
b0 5
b0 x
b0 ."
b0 ""
b1001110 ?
b1001110 y
b1001110 ~
b1001110 %"
b1001100 @
b1001100 z
b1001100 }
b1001100 $"
b100110 9
b100110 !"
1'
#1680000
0'
#1685000
b0 6
b0 L
b0 j
b0 n
b0 /"
b11111111110000000000000000000000 7
b11111111110000000000000000000000 M
b11111111110000000000000000000000 b
b11111111110000000000000000000000 f
b11111111110000000000000000000000 0"
b1000000 1"
b0 F
b0 Z
b0 s
b0 w
b0 J
b0 k
b0 u
b1001111 ?
b1001111 y
b1001111 ~
b1001111 %"
b1001101 @
b1001101 z
b1001101 }
b1001101 $"
b1000000 5
b1000000 x
b1000000 ."
b1000000 ""
b0 l
b0 :
b0 N
b0 e
b0 m
b0 *"
b0 A
b0 R
b0 r
b0 )"
b0 C
b0 T
b0 Y
b0 '"
b0 <
b0 P
b0 [
b0 t
b0 ,"
b100111 9
b100111 !"
1'
#1690000
0'
#1695000
b11111111110011110000010000111100 F
b11111111110011110000010000111100 Z
b11111111110011110000010000111100 s
b11111111110011110000010000111100 w
b11111111110011110000010000111100 J
b11111111110011110000010000111100 k
b11111111110011110000010000111100 u
b1111111111111111111100111100000100001111000000000000000000000000 l
b10000000000000000000000 6
b10000000000000000000000 L
b10000000000000000000000 j
b10000000000000000000000 n
b10000000000000000000000 /"
b0 7
b0 M
b0 b
b0 f
b0 0"
b0 B
b0 S
b0 p
b0 ("
b0 D
b0 U
b0 V
b0 &"
b0 K
b0 W
b0 \
b0 o
b0 G
b0 ]
b0 c
b0 1"
b0 d
b11111111110011110000010000111100 :
b11111111110011110000010000111100 N
b11111111110011110000010000111100 e
b11111111110011110000010000111100 m
b11111111110011110000010000111100 *"
b0 A
b0 R
b0 r
b0 )"
b11111111100111100000100001111000 C
b11111111100111100000100001111000 T
b11111111100111100000100001111000 Y
b11111111100111100000100001111000 '"
b11111111110011110000010000111100 <
b11111111110011110000010000111100 P
b11111111110011110000010000111100 [
b11111111110011110000010000111100 t
b11111111110011110000010000111100 ,"
b0 5
b0 x
b0 ."
b0 ""
b1010010 ?
b1010010 y
b1010010 ~
b1010010 %"
b1010000 @
b1010000 z
b1010000 }
b1010000 $"
b101000 9
b101000 !"
1'
#1700000
0'
#1705000
b0 6
b0 L
b0 j
b0 n
b0 /"
b11111111110000000000000000000000 7
b11111111110000000000000000000000 M
b11111111110000000000000000000000 b
b11111111110000000000000000000000 f
b11111111110000000000000000000000 0"
b1000000 1"
b0 F
b0 Z
b0 s
b0 w
b0 J
b0 k
b0 u
b1010011 ?
b1010011 y
b1010011 ~
b1010011 %"
b1010001 @
b1010001 z
b1010001 }
b1010001 $"
b1000000 5
b1000000 x
b1000000 ."
b1000000 ""
b0 l
b0 :
b0 N
b0 e
b0 m
b0 *"
b0 A
b0 R
b0 r
b0 )"
b0 C
b0 T
b0 Y
b0 '"
b0 <
b0 P
b0 [
b0 t
b0 ,"
b101001 9
b101001 !"
1'
#1710000
0'
#1715000
b11111111110011110000010000111100 F
b11111111110011110000010000111100 Z
b11111111110011110000010000111100 s
b11111111110011110000010000111100 w
b11111111110011110000010000111100 J
b11111111110011110000010000111100 k
b11111111110011110000010000111100 u
b1111111111111111111100111100000100001111000000000000000000000000 l
b10000000000000000000000 6
b10000000000000000000000 L
b10000000000000000000000 j
b10000000000000000000000 n
b10000000000000000000000 /"
b0 7
b0 M
b0 b
b0 f
b0 0"
b0 B
b0 S
b0 p
b0 ("
b0 D
b0 U
b0 V
b0 &"
b0 K
b0 W
b0 \
b0 o
b0 G
b0 ]
b0 c
b0 1"
b0 d
b11111111110011110000010000111100 :
b11111111110011110000010000111100 N
b11111111110011110000010000111100 e
b11111111110011110000010000111100 m
b11111111110011110000010000111100 *"
b0 A
b0 R
b0 r
b0 )"
b11111111100111100000100001111000 C
b11111111100111100000100001111000 T
b11111111100111100000100001111000 Y
b11111111100111100000100001111000 '"
b11111111110011110000010000111100 <
b11111111110011110000010000111100 P
b11111111110011110000010000111100 [
b11111111110011110000010000111100 t
b11111111110011110000010000111100 ,"
b0 5
b0 x
b0 ."
b0 ""
b1010110 ?
b1010110 y
b1010110 ~
b1010110 %"
b1010100 @
b1010100 z
b1010100 }
b1010100 $"
b101010 9
b101010 !"
1'
#1720000
0'
#1725000
b0 6
b0 L
b0 j
b0 n
b0 /"
b11111111110000000000000000000000 7
b11111111110000000000000000000000 M
b11111111110000000000000000000000 b
b11111111110000000000000000000000 f
b11111111110000000000000000000000 0"
b1000000 1"
b0 F
b0 Z
b0 s
b0 w
b0 J
b0 k
b0 u
b1010111 ?
b1010111 y
b1010111 ~
b1010111 %"
b1010101 @
b1010101 z
b1010101 }
b1010101 $"
b1000000 5
b1000000 x
b1000000 ."
b1000000 ""
b0 l
b0 :
b0 N
b0 e
b0 m
b0 *"
b0 A
b0 R
b0 r
b0 )"
b0 C
b0 T
b0 Y
b0 '"
b0 <
b0 P
b0 [
b0 t
b0 ,"
b101011 9
b101011 !"
1'
#1730000
0'
#1735000
b1100001111101111000100 F
b1100001111101111000100 Z
b1100001111101111000100 s
b1100001111101111000100 w
b1100001111101111000100 J
b1100001111101111000100 k
b1100001111101111000100 u
b11000011111011110001000000000000000000000000 l
b10000000000000000000000 6
b10000000000000000000000 L
b10000000000000000000000 j
b10000000000000000000000 n
b10000000000000000000000 /"
b0 7
b0 M
b0 b
b0 f
b0 0"
b0 B
b0 S
b0 p
b0 ("
b0 D
b0 U
b0 V
b0 &"
b0 K
b0 W
b0 \
b0 o
b0 G
b0 ]
b0 c
b0 1"
b0 d
b1100001111101111000100 :
b1100001111101111000100 N
b1100001111101111000100 e
b1100001111101111000100 m
b1100001111101111000100 *"
b0 A
b0 R
b0 r
b0 )"
b11000011111011110001000 C
b11000011111011110001000 T
b11000011111011110001000 Y
b11000011111011110001000 '"
b1100001111101111000100 <
b1100001111101111000100 P
b1100001111101111000100 [
b1100001111101111000100 t
b1100001111101111000100 ,"
b0 5
b0 x
b0 ."
b0 ""
b1011010 ?
b1011010 y
b1011010 ~
b1011010 %"
b1011000 @
b1011000 z
b1011000 }
b1011000 $"
b101100 9
b101100 !"
1'
#1740000
0'
#1745000
b0 6
b0 L
b0 j
b0 n
b0 /"
b11111111110000000000000000000000 7
b11111111110000000000000000000000 M
b11111111110000000000000000000000 b
b11111111110000000000000000000000 f
b11111111110000000000000000000000 0"
b1000000 1"
b0 F
b0 Z
b0 s
b0 w
b0 J
b0 k
b0 u
b1011011 ?
b1011011 y
b1011011 ~
b1011011 %"
b1011001 @
b1011001 z
b1011001 }
b1011001 $"
b1000000 5
b1000000 x
b1000000 ."
b1000000 ""
b0 l
b0 :
b0 N
b0 e
b0 m
b0 *"
b0 A
b0 R
b0 r
b0 )"
b0 C
b0 T
b0 Y
b0 '"
b0 <
b0 P
b0 [
b0 t
b0 ,"
b101101 9
b101101 !"
1'
#1750000
0'
#1755000
b1100001111101111000100 F
b1100001111101111000100 Z
b1100001111101111000100 s
b1100001111101111000100 w
b1100001111101111000100 J
b1100001111101111000100 k
b1100001111101111000100 u
b11000011111011110001000000000000000000000000 l
b10000000000000000000000 6
b10000000000000000000000 L
b10000000000000000000000 j
b10000000000000000000000 n
b10000000000000000000000 /"
b0 7
b0 M
b0 b
b0 f
b0 0"
b0 B
b0 S
b0 p
b0 ("
b0 D
b0 U
b0 V
b0 &"
b0 K
b0 W
b0 \
b0 o
b0 G
b0 ]
b0 c
b0 1"
b0 d
b1100001111101111000100 :
b1100001111101111000100 N
b1100001111101111000100 e
b1100001111101111000100 m
b1100001111101111000100 *"
b0 A
b0 R
b0 r
b0 )"
b11000011111011110001000 C
b11000011111011110001000 T
b11000011111011110001000 Y
b11000011111011110001000 '"
b1100001111101111000100 <
b1100001111101111000100 P
b1100001111101111000100 [
b1100001111101111000100 t
b1100001111101111000100 ,"
b0 5
b0 x
b0 ."
b0 ""
b1011110 ?
b1011110 y
b1011110 ~
b1011110 %"
b1011100 @
b1011100 z
b1011100 }
b1011100 $"
b101110 9
b101110 !"
1'
#1760000
0'
#1765000
b0 6
b0 L
b0 j
b0 n
b0 /"
b11111111110000000000000000000000 7
b11111111110000000000000000000000 M
b11111111110000000000000000000000 b
b11111111110000000000000000000000 f
b11111111110000000000000000000000 0"
b1000000 1"
b0 F
b0 Z
b0 s
b0 w
b0 J
b0 k
b0 u
b1011111 ?
b1011111 y
b1011111 ~
b1011111 %"
b1011101 @
b1011101 z
b1011101 }
b1011101 $"
b1000000 5
b1000000 x
b1000000 ."
b1000000 ""
b0 l
b0 :
b0 N
b0 e
b0 m
b0 *"
b0 A
b0 R
b0 r
b0 )"
b0 C
b0 T
b0 Y
b0 '"
b0 <
b0 P
b0 [
b0 t
b0 ,"
b101111 9
b101111 !"
1'
#1770000
0'
#1775000
b1100001111101111000100 F
b1100001111101111000100 Z
b1100001111101111000100 s
b1100001111101111000100 w
b1100001111101111000100 J
b1100001111101111000100 k
b1100001111101111000100 u
b11000011111011110001000000000000000000000000 l
b10000000000000000000000 6
b10000000000000000000000 L
b10000000000000000000000 j
b10000000000000000000000 n
b10000000000000000000000 /"
b0 7
b0 M
b0 b
b0 f
b0 0"
b0 B
b0 S
b0 p
b0 ("
b0 D
b0 U
b0 V
b0 &"
b0 K
b0 W
b0 \
b0 o
b0 G
b0 ]
b0 c
b0 1"
b0 d
b1100001111101111000100 :
b1100001111101111000100 N
b1100001111101111000100 e
b1100001111101111000100 m
b1100001111101111000100 *"
b0 A
b0 R
b0 r
b0 )"
b11000011111011110001000 C
b11000011111011110001000 T
b11000011111011110001000 Y
b11000011111011110001000 '"
b1100001111101111000100 <
b1100001111101111000100 P
b1100001111101111000100 [
b1100001111101111000100 t
b1100001111101111000100 ,"
b0 5
b0 x
b0 ."
b0 ""
b1100010 ?
b1100010 y
b1100010 ~
b1100010 %"
b1100000 @
b1100000 z
b1100000 }
b1100000 $"
b110000 9
b110000 !"
1'
#1780000
0'
#1785000
b0 6
b0 L
b0 j
b0 n
b0 /"
b11111111110000000000000000000000 7
b11111111110000000000000000000000 M
b11111111110000000000000000000000 b
b11111111110000000000000000000000 f
b11111111110000000000000000000000 0"
b1000000 1"
b0 F
b0 Z
b0 s
b0 w
b0 J
b0 k
b0 u
b1100011 ?
b1100011 y
b1100011 ~
b1100011 %"
b1100001 @
b1100001 z
b1100001 }
b1100001 $"
b1000000 5
b1000000 x
b1000000 ."
b1000000 ""
b0 l
b0 :
b0 N
b0 e
b0 m
b0 *"
b0 A
b0 R
b0 r
b0 )"
b0 C
b0 T
b0 Y
b0 '"
b0 <
b0 P
b0 [
b0 t
b0 ,"
b110001 9
b110001 !"
1'
#1790000
0'
#1795000
b1100001111101111000100 F
b1100001111101111000100 Z
b1100001111101111000100 s
b1100001111101111000100 w
b1100001111101111000100 J
b1100001111101111000100 k
b1100001111101111000100 u
b11000011111011110001000000000000000000000000 l
b10000000000000000000000 6
b10000000000000000000000 L
b10000000000000000000000 j
b10000000000000000000000 n
b10000000000000000000000 /"
b0 7
b0 M
b0 b
b0 f
b0 0"
b0 B
b0 S
b0 p
b0 ("
b0 D
b0 U
b0 V
b0 &"
b0 K
b0 W
b0 \
b0 o
b0 G
b0 ]
b0 c
b0 1"
b0 d
b1100001111101111000100 :
b1100001111101111000100 N
b1100001111101111000100 e
b1100001111101111000100 m
b1100001111101111000100 *"
b0 A
b0 R
b0 r
b0 )"
b11000011111011110001000 C
b11000011111011110001000 T
b11000011111011110001000 Y
b11000011111011110001000 '"
b1100001111101111000100 <
b1100001111101111000100 P
b1100001111101111000100 [
b1100001111101111000100 t
b1100001111101111000100 ,"
b0 5
b0 x
b0 ."
b0 ""
b1100110 ?
b1100110 y
b1100110 ~
b1100110 %"
b1100100 @
b1100100 z
b1100100 }
b1100100 $"
b110010 9
b110010 !"
1'
#1800000
0'
#1805000
b0 6
b0 L
b0 j
b0 n
b0 /"
b11111111110000000000000000000000 7
b11111111110000000000000000000000 M
b11111111110000000000000000000000 b
b11111111110000000000000000000000 f
b11111111110000000000000000000000 0"
b1000000 1"
b0 F
b0 Z
b0 s
b0 w
b0 J
b0 k
b0 u
b1100111 ?
b1100111 y
b1100111 ~
b1100111 %"
b1100101 @
b1100101 z
b1100101 }
b1100101 $"
b1000000 5
b1000000 x
b1000000 ."
b1000000 ""
b0 l
b0 :
b0 N
b0 e
b0 m
b0 *"
b0 A
b0 R
b0 r
b0 )"
b0 C
b0 T
b0 Y
b0 '"
b0 <
b0 P
b0 [
b0 t
b0 ,"
b110011 9
b110011 !"
1'
#1810000
0'
#1815000
b11111111110011110000010000111100 F
b11111111110011110000010000111100 Z
b11111111110011110000010000111100 s
b11111111110011110000010000111100 w
b11111111110011110000010000111100 J
b11111111110011110000010000111100 k
b11111111110011110000010000111100 u
b1111111111111111111100111100000100001111000000000000000000000000 l
b10000000000000000000000 6
b10000000000000000000000 L
b10000000000000000000000 j
b10000000000000000000000 n
b10000000000000000000000 /"
b0 7
b0 M
b0 b
b0 f
b0 0"
b0 B
b0 S
b0 p
b0 ("
b0 D
b0 U
b0 V
b0 &"
b0 K
b0 W
b0 \
b0 o
b0 G
b0 ]
b0 c
b0 1"
b0 d
b11111111110011110000010000111100 :
b11111111110011110000010000111100 N
b11111111110011110000010000111100 e
b11111111110011110000010000111100 m
b11111111110011110000010000111100 *"
b0 A
b0 R
b0 r
b0 )"
b11111111100111100000100001111000 C
b11111111100111100000100001111000 T
b11111111100111100000100001111000 Y
b11111111100111100000100001111000 '"
b11111111110011110000010000111100 <
b11111111110011110000010000111100 P
b11111111110011110000010000111100 [
b11111111110011110000010000111100 t
b11111111110011110000010000111100 ,"
b0 5
b0 x
b0 ."
b0 ""
b1101010 ?
b1101010 y
b1101010 ~
b1101010 %"
b1101000 @
b1101000 z
b1101000 }
b1101000 $"
b110100 9
b110100 !"
1'
#1820000
0'
#1825000
b0 6
b0 L
b0 j
b0 n
b0 /"
b11111111110000000000000000000000 7
b11111111110000000000000000000000 M
b11111111110000000000000000000000 b
b11111111110000000000000000000000 f
b11111111110000000000000000000000 0"
b1000000 1"
b0 F
b0 Z
b0 s
b0 w
b0 J
b0 k
b0 u
b1101011 ?
b1101011 y
b1101011 ~
b1101011 %"
b1101001 @
b1101001 z
b1101001 }
b1101001 $"
b1000000 5
b1000000 x
b1000000 ."
b1000000 ""
b0 l
b0 :
b0 N
b0 e
b0 m
b0 *"
b0 A
b0 R
b0 r
b0 )"
b0 C
b0 T
b0 Y
b0 '"
b0 <
b0 P
b0 [
b0 t
b0 ,"
b110101 9
b110101 !"
1'
#1830000
0'
#1835000
b11111111110011110000010000111100 F
b11111111110011110000010000111100 Z
b11111111110011110000010000111100 s
b11111111110011110000010000111100 w
b11111111110011110000010000111100 J
b11111111110011110000010000111100 k
b11111111110011110000010000111100 u
b1111111111111111111100111100000100001111000000000000000000000000 l
b10000000000000000000000 6
b10000000000000000000000 L
b10000000000000000000000 j
b10000000000000000000000 n
b10000000000000000000000 /"
b0 7
b0 M
b0 b
b0 f
b0 0"
b0 B
b0 S
b0 p
b0 ("
b0 D
b0 U
b0 V
b0 &"
b0 K
b0 W
b0 \
b0 o
b0 G
b0 ]
b0 c
b0 1"
b0 d
b11111111110011110000010000111100 :
b11111111110011110000010000111100 N
b11111111110011110000010000111100 e
b11111111110011110000010000111100 m
b11111111110011110000010000111100 *"
b0 A
b0 R
b0 r
b0 )"
b11111111100111100000100001111000 C
b11111111100111100000100001111000 T
b11111111100111100000100001111000 Y
b11111111100111100000100001111000 '"
b11111111110011110000010000111100 <
b11111111110011110000010000111100 P
b11111111110011110000010000111100 [
b11111111110011110000010000111100 t
b11111111110011110000010000111100 ,"
b0 5
b0 x
b0 ."
b0 ""
b1101110 ?
b1101110 y
b1101110 ~
b1101110 %"
b1101100 @
b1101100 z
b1101100 }
b1101100 $"
b110110 9
b110110 !"
1'
#1840000
0'
#1845000
b0 6
b0 L
b0 j
b0 n
b0 /"
b11111111110000000000000000000000 7
b11111111110000000000000000000000 M
b11111111110000000000000000000000 b
b11111111110000000000000000000000 f
b11111111110000000000000000000000 0"
b1000000 1"
b0 F
b0 Z
b0 s
b0 w
b0 J
b0 k
b0 u
b1101111 ?
b1101111 y
b1101111 ~
b1101111 %"
b1101101 @
b1101101 z
b1101101 }
b1101101 $"
b1000000 5
b1000000 x
b1000000 ."
b1000000 ""
b0 l
b0 :
b0 N
b0 e
b0 m
b0 *"
b0 A
b0 R
b0 r
b0 )"
b0 C
b0 T
b0 Y
b0 '"
b0 <
b0 P
b0 [
b0 t
b0 ,"
b110111 9
b110111 !"
1'
#1850000
0'
#1855000
b11111111100010011011111001010010 F
b11111111100010011011111001010010 Z
b11111111100010011011111001010010 s
b11111111100010011011111001010010 w
b11111111100010011011111001010010 J
b11111111100010011011111001010010 k
b11111111100010011011111001010010 u
b1111111111111111111000100110111110010100100000000000000000000000 l
b10000000000000000000000 6
b10000000000000000000000 L
b10000000000000000000000 j
b10000000000000000000000 n
b10000000000000000000000 /"
b0 7
b0 M
b0 b
b0 f
b0 0"
b0 B
b0 S
b0 p
b0 ("
b0 D
b0 U
b0 V
b0 &"
b0 K
b0 W
b0 \
b0 o
b0 G
b0 ]
b0 c
b0 1"
b0 d
b11111111100010011011111001010010 :
b11111111100010011011111001010010 N
b11111111100010011011111001010010 e
b11111111100010011011111001010010 m
b11111111100010011011111001010010 *"
b0 A
b0 R
b0 r
b0 )"
b11111111000100110111110010100100 C
b11111111000100110111110010100100 T
b11111111000100110111110010100100 Y
b11111111000100110111110010100100 '"
b11111111100010011011111001010010 <
b11111111100010011011111001010010 P
b11111111100010011011111001010010 [
b11111111100010011011111001010010 t
b11111111100010011011111001010010 ,"
b0 5
b0 x
b0 ."
b0 ""
b1110010 ?
b1110010 y
b1110010 ~
b1110010 %"
b1110000 @
b1110000 z
b1110000 }
b1110000 $"
b111000 9
b111000 !"
1'
#1860000
0'
#1865000
b0 6
b0 L
b0 j
b0 n
b0 /"
b11111111110000000000000000000000 7
b11111111110000000000000000000000 M
b11111111110000000000000000000000 b
b11111111110000000000000000000000 f
b11111111110000000000000000000000 0"
b1000000 1"
b0 F
b0 Z
b0 s
b0 w
b0 J
b0 k
b0 u
b1110011 ?
b1110011 y
b1110011 ~
b1110011 %"
b1110001 @
b1110001 z
b1110001 }
b1110001 $"
b1000000 5
b1000000 x
b1000000 ."
b1000000 ""
b0 l
b0 :
b0 N
b0 e
b0 m
b0 *"
b0 A
b0 R
b0 r
b0 )"
b0 C
b0 T
b0 Y
b0 '"
b0 <
b0 P
b0 [
b0 t
b0 ,"
b111001 9
b111001 !"
1'
#1870000
0'
#1875000
b11111111100010011011111001010010 F
b11111111100010011011111001010010 Z
b11111111100010011011111001010010 s
b11111111100010011011111001010010 w
b11111111100010011011111001010010 J
b11111111100010011011111001010010 k
b11111111100010011011111001010010 u
b1111111111111111111000100110111110010100100000000000000000000000 l
b10000000000000000000000 6
b10000000000000000000000 L
b10000000000000000000000 j
b10000000000000000000000 n
b10000000000000000000000 /"
b0 7
b0 M
b0 b
b0 f
b0 0"
b0 B
b0 S
b0 p
b0 ("
b0 D
b0 U
b0 V
b0 &"
b0 K
b0 W
b0 \
b0 o
b0 G
b0 ]
b0 c
b0 1"
b0 d
b11111111100010011011111001010010 :
b11111111100010011011111001010010 N
b11111111100010011011111001010010 e
b11111111100010011011111001010010 m
b11111111100010011011111001010010 *"
b0 A
b0 R
b0 r
b0 )"
b11111111000100110111110010100100 C
b11111111000100110111110010100100 T
b11111111000100110111110010100100 Y
b11111111000100110111110010100100 '"
b11111111100010011011111001010010 <
b11111111100010011011111001010010 P
b11111111100010011011111001010010 [
b11111111100010011011111001010010 t
b11111111100010011011111001010010 ,"
b0 5
b0 x
b0 ."
b0 ""
b1110110 ?
b1110110 y
b1110110 ~
b1110110 %"
b1110100 @
b1110100 z
b1110100 }
b1110100 $"
b111010 9
b111010 !"
1'
#1880000
0'
#1885000
b0 6
b0 L
b0 j
b0 n
b0 /"
b11111111110000000000000000000000 7
b11111111110000000000000000000000 M
b11111111110000000000000000000000 b
b11111111110000000000000000000000 f
b11111111110000000000000000000000 0"
b1000000 1"
b0 F
b0 Z
b0 s
b0 w
b0 J
b0 k
b0 u
b1110111 ?
b1110111 y
b1110111 ~
b1110111 %"
b1110101 @
b1110101 z
b1110101 }
b1110101 $"
b1000000 5
b1000000 x
b1000000 ."
b1000000 ""
b0 l
b0 :
b0 N
b0 e
b0 m
b0 *"
b0 A
b0 R
b0 r
b0 )"
b0 C
b0 T
b0 Y
b0 '"
b0 <
b0 P
b0 [
b0 t
b0 ,"
b111011 9
b111011 !"
1'
#1890000
0'
#1895000
b11101100100000110101110 F
b11101100100000110101110 Z
b11101100100000110101110 s
b11101100100000110101110 w
b11101100100000110101110 J
b11101100100000110101110 k
b11101100100000110101110 u
b111011001000001101011100000000000000000000000 l
b10000000000000000000000 6
b10000000000000000000000 L
b10000000000000000000000 j
b10000000000000000000000 n
b10000000000000000000000 /"
b0 7
b0 M
b0 b
b0 f
b0 0"
b0 B
b0 S
b0 p
b0 ("
b0 D
b0 U
b0 V
b0 &"
b0 K
b0 W
b0 \
b0 o
b0 G
b0 ]
b0 c
b0 1"
b0 d
b11101100100000110101110 :
b11101100100000110101110 N
b11101100100000110101110 e
b11101100100000110101110 m
b11101100100000110101110 *"
b0 A
b0 R
b0 r
b0 )"
b111011001000001101011100 C
b111011001000001101011100 T
b111011001000001101011100 Y
b111011001000001101011100 '"
b11101100100000110101110 <
b11101100100000110101110 P
b11101100100000110101110 [
b11101100100000110101110 t
b11101100100000110101110 ,"
b0 5
b0 x
b0 ."
b0 ""
b1111010 ?
b1111010 y
b1111010 ~
b1111010 %"
b1111000 @
b1111000 z
b1111000 }
b1111000 $"
b111100 9
b111100 !"
1'
#1900000
0'
#1905000
b0 6
b0 L
b0 j
b0 n
b0 /"
b11111111110000000000000000000000 7
b11111111110000000000000000000000 M
b11111111110000000000000000000000 b
b11111111110000000000000000000000 f
b11111111110000000000000000000000 0"
b1000000 1"
b0 F
b0 Z
b0 s
b0 w
b0 J
b0 k
b0 u
b1111011 ?
b1111011 y
b1111011 ~
b1111011 %"
b1111001 @
b1111001 z
b1111001 }
b1111001 $"
b1000000 5
b1000000 x
b1000000 ."
b1000000 ""
b0 l
b0 :
b0 N
b0 e
b0 m
b0 *"
b0 A
b0 R
b0 r
b0 )"
b0 C
b0 T
b0 Y
b0 '"
b0 <
b0 P
b0 [
b0 t
b0 ,"
b111101 9
b111101 !"
1'
#1910000
0'
#1915000
b11101100100000110101110 F
b11101100100000110101110 Z
b11101100100000110101110 s
b11101100100000110101110 w
b11101100100000110101110 J
b11101100100000110101110 k
b11101100100000110101110 u
b111011001000001101011100000000000000000000000 l
b10000000000000000000000 6
b10000000000000000000000 L
b10000000000000000000000 j
b10000000000000000000000 n
b10000000000000000000000 /"
b0 7
b0 M
b0 b
b0 f
b0 0"
b0 B
b0 S
b0 p
b0 ("
b0 D
b0 U
b0 V
b0 &"
b0 K
b0 W
b0 \
b0 o
b0 G
b0 ]
b0 c
b0 1"
b0 d
b11101100100000110101110 :
b11101100100000110101110 N
b11101100100000110101110 e
b11101100100000110101110 m
b11101100100000110101110 *"
b0 A
b0 R
b0 r
b0 )"
b111011001000001101011100 C
b111011001000001101011100 T
b111011001000001101011100 Y
b111011001000001101011100 '"
b11101100100000110101110 <
b11101100100000110101110 P
b11101100100000110101110 [
b11101100100000110101110 t
b11101100100000110101110 ,"
b0 5
b0 x
b0 ."
b0 ""
b1111110 ?
b1111110 y
b1111110 ~
b1111110 %"
b1111100 @
b1111100 z
b1111100 }
b1111100 $"
b111110 9
b111110 !"
1'
#1920000
0'
#1925000
b0 6
b0 L
b0 j
b0 n
b0 /"
b11111111110000000000000000000000 7
b11111111110000000000000000000000 M
b11111111110000000000000000000000 b
b11111111110000000000000000000000 f
b11111111110000000000000000000000 0"
b1000000 1"
b0 F
b0 Z
b0 s
b0 w
b0 J
b0 k
b0 u
b1111111 ?
b1111111 y
b1111111 ~
b1111111 %"
b1111101 @
b1111101 z
b1111101 }
b1111101 $"
b1000000 5
b1000000 x
b1000000 ."
b1000000 ""
b0 l
b0 :
b0 N
b0 e
b0 m
b0 *"
b0 A
b0 R
b0 r
b0 )"
b0 C
b0 T
b0 Y
b0 '"
b0 <
b0 P
b0 [
b0 t
b0 ,"
b111111 9
b111111 !"
1'
#1930000
0'
#1935000
b11111011000101001011110 F
b11111011000101001011110 Z
b11111011000101001011110 s
b11111011000101001011110 w
b11111011000101001011110 J
b11111011000101001011110 k
b11111011000101001011110 u
b111110110001010010111100000000000000000000000 l
b10000000000000000000000 6
b10000000000000000000000 L
b10000000000000000000000 j
b10000000000000000000000 n
b10000000000000000000000 /"
b0 7
b0 M
b0 b
b0 f
b0 0"
b0 B
b0 S
b0 p
b0 ("
b0 D
b0 U
b0 V
b0 &"
b0 K
b0 W
b0 \
b0 o
b0 G
b0 ]
b0 c
b0 1"
b0 d
b11111011000101001011110 :
b11111011000101001011110 N
b11111011000101001011110 e
b11111011000101001011110 m
b11111011000101001011110 *"
b0 A
b0 R
b0 r
b0 )"
b111110110001010010111100 C
b111110110001010010111100 T
b111110110001010010111100 Y
b111110110001010010111100 '"
b11111011000101001011110 <
b11111011000101001011110 P
b11111011000101001011110 [
b11111011000101001011110 t
b11111011000101001011110 ,"
b0 5
b0 x
b0 ."
b0 ""
b10000010 ?
b10000010 y
b10000010 ~
b10000010 %"
b10000000 @
b10000000 z
b10000000 }
b10000000 $"
b1000000 9
b1000000 !"
1'
#1940000
0'
#1945000
b0 6
b0 L
b0 j
b0 n
b0 /"
b11111111110000000000000000000000 7
b11111111110000000000000000000000 M
b11111111110000000000000000000000 b
b11111111110000000000000000000000 f
b11111111110000000000000000000000 0"
b1000000 1"
b0 F
b0 Z
b0 s
b0 w
b0 J
b0 k
b0 u
b10000011 ?
b10000011 y
b10000011 ~
b10000011 %"
b10000001 @
b10000001 z
b10000001 }
b10000001 $"
b1000000 5
b1000000 x
b1000000 ."
b1000000 ""
b0 l
b0 :
b0 N
b0 e
b0 m
b0 *"
b0 A
b0 R
b0 r
b0 )"
b0 C
b0 T
b0 Y
b0 '"
b0 <
b0 P
b0 [
b0 t
b0 ,"
b1000001 9
b1000001 !"
1'
#1950000
0'
#1955000
b11111011000101001011110 F
b11111011000101001011110 Z
b11111011000101001011110 s
b11111011000101001011110 w
b11111011000101001011110 J
b11111011000101001011110 k
b11111011000101001011110 u
b111110110001010010111100000000000000000000000 l
b10000000000000000000000 6
b10000000000000000000000 L
b10000000000000000000000 j
b10000000000000000000000 n
b10000000000000000000000 /"
b0 7
b0 M
b0 b
b0 f
b0 0"
b0 B
b0 S
b0 p
b0 ("
b0 D
b0 U
b0 V
b0 &"
b0 K
b0 W
b0 \
b0 o
b0 G
b0 ]
b0 c
b0 1"
b0 d
b11111011000101001011110 :
b11111011000101001011110 N
b11111011000101001011110 e
b11111011000101001011110 m
b11111011000101001011110 *"
b0 A
b0 R
b0 r
b0 )"
b111110110001010010111100 C
b111110110001010010111100 T
b111110110001010010111100 Y
b111110110001010010111100 '"
b11111011000101001011110 <
b11111011000101001011110 P
b11111011000101001011110 [
b11111011000101001011110 t
b11111011000101001011110 ,"
b0 5
b0 x
b0 ."
b0 ""
b10000110 ?
b10000110 y
b10000110 ~
b10000110 %"
b10000100 @
b10000100 z
b10000100 }
b10000100 $"
b1000010 9
b1000010 !"
1'
#1960000
0'
#1965000
b0 6
b0 L
b0 j
b0 n
b0 /"
b11111111110000000000000000000000 7
b11111111110000000000000000000000 M
b11111111110000000000000000000000 b
b11111111110000000000000000000000 f
b11111111110000000000000000000000 0"
b1000000 1"
b0 F
b0 Z
b0 s
b0 w
b0 J
b0 k
b0 u
b10000111 ?
b10000111 y
b10000111 ~
b10000111 %"
b10000101 @
b10000101 z
b10000101 }
b10000101 $"
b1000000 5
b1000000 x
b1000000 ."
b1000000 ""
b0 l
b0 :
b0 N
b0 e
b0 m
b0 *"
b0 A
b0 R
b0 r
b0 )"
b0 C
b0 T
b0 Y
b0 '"
b0 <
b0 P
b0 [
b0 t
b0 ,"
b1000011 9
b1000011 !"
1'
#1970000
0'
#1975000
b11111111100000100111010110100010 F
b11111111100000100111010110100010 Z
b11111111100000100111010110100010 s
b11111111100000100111010110100010 w
b11111111100000100111010110100010 J
b11111111100000100111010110100010 k
b11111111100000100111010110100010 u
b1111111111111111111000001001110101101000100000000000000000000000 l
b10000000000000000000000 6
b10000000000000000000000 L
b10000000000000000000000 j
b10000000000000000000000 n
b10000000000000000000000 /"
b0 7
b0 M
b0 b
b0 f
b0 0"
b0 B
b0 S
b0 p
b0 ("
b0 D
b0 U
b0 V
b0 &"
b0 K
b0 W
b0 \
b0 o
b0 G
b0 ]
b0 c
b0 1"
b0 d
b11111111100000100111010110100010 :
b11111111100000100111010110100010 N
b11111111100000100111010110100010 e
b11111111100000100111010110100010 m
b11111111100000100111010110100010 *"
b0 A
b0 R
b0 r
b0 )"
b11111111000001001110101101000100 C
b11111111000001001110101101000100 T
b11111111000001001110101101000100 Y
b11111111000001001110101101000100 '"
b11111111100000100111010110100010 <
b11111111100000100111010110100010 P
b11111111100000100111010110100010 [
b11111111100000100111010110100010 t
b11111111100000100111010110100010 ,"
b0 5
b0 x
b0 ."
b0 ""
b10001010 ?
b10001010 y
b10001010 ~
b10001010 %"
b10001000 @
b10001000 z
b10001000 }
b10001000 $"
b1000100 9
b1000100 !"
1'
#1980000
0'
#1985000
b0 6
b0 L
b0 j
b0 n
b0 /"
b11111111110000000000000000000000 7
b11111111110000000000000000000000 M
b11111111110000000000000000000000 b
b11111111110000000000000000000000 f
b11111111110000000000000000000000 0"
b1000000 1"
b0 F
b0 Z
b0 s
b0 w
b0 J
b0 k
b0 u
b10001011 ?
b10001011 y
b10001011 ~
b10001011 %"
b10001001 @
b10001001 z
b10001001 }
b10001001 $"
b1000000 5
b1000000 x
b1000000 ."
b1000000 ""
b0 l
b0 :
b0 N
b0 e
b0 m
b0 *"
b0 A
b0 R
b0 r
b0 )"
b0 C
b0 T
b0 Y
b0 '"
b0 <
b0 P
b0 [
b0 t
b0 ,"
b1000101 9
b1000101 !"
1'
#1990000
0'
#1995000
b11111111100000100111010110100010 F
b11111111100000100111010110100010 Z
b11111111100000100111010110100010 s
b11111111100000100111010110100010 w
b11111111100000100111010110100010 J
b11111111100000100111010110100010 k
b11111111100000100111010110100010 u
b1111111111111111111000001001110101101000100000000000000000000000 l
b10000000000000000000000 6
b10000000000000000000000 L
b10000000000000000000000 j
b10000000000000000000000 n
b10000000000000000000000 /"
b0 7
b0 M
b0 b
b0 f
b0 0"
b0 B
b0 S
b0 p
b0 ("
b0 D
b0 U
b0 V
b0 &"
b0 K
b0 W
b0 \
b0 o
b0 G
b0 ]
b0 c
b0 1"
b0 d
b11111111100000100111010110100010 :
b11111111100000100111010110100010 N
b11111111100000100111010110100010 e
b11111111100000100111010110100010 m
b11111111100000100111010110100010 *"
b0 A
b0 R
b0 r
b0 )"
b11111111000001001110101101000100 C
b11111111000001001110101101000100 T
b11111111000001001110101101000100 Y
b11111111000001001110101101000100 '"
b11111111100000100111010110100010 <
b11111111100000100111010110100010 P
b11111111100000100111010110100010 [
b11111111100000100111010110100010 t
b11111111100000100111010110100010 ,"
b0 5
b0 x
b0 ."
b0 ""
b10001110 ?
b10001110 y
b10001110 ~
b10001110 %"
b10001100 @
b10001100 z
b10001100 }
b10001100 $"
b1000110 9
b1000110 !"
1'
#2000000
0'
#2005000
b0 6
b0 L
b0 j
b0 n
b0 /"
b11111111110000000000000000000000 7
b11111111110000000000000000000000 M
b11111111110000000000000000000000 b
b11111111110000000000000000000000 f
b11111111110000000000000000000000 0"
b1000000 1"
b0 F
b0 Z
b0 s
b0 w
b0 J
b0 k
b0 u
b10001111 ?
b10001111 y
b10001111 ~
b10001111 %"
b10001101 @
b10001101 z
b10001101 }
b10001101 $"
b1000000 5
b1000000 x
b1000000 ."
b1000000 ""
b0 l
b0 :
b0 N
b0 e
b0 m
b0 *"
b0 A
b0 R
b0 r
b0 )"
b0 C
b0 T
b0 Y
b0 '"
b0 <
b0 P
b0 [
b0 t
b0 ,"
b1000111 9
b1000111 !"
1'
#2010000
0'
#2015000
b11111111111001110000011101001000 F
b11111111111001110000011101001000 Z
b11111111111001110000011101001000 s
b11111111111001110000011101001000 w
b11111111111001110000011101001000 J
b11111111111001110000011101001000 k
b11111111111001110000011101001000 u
b1111111111111111111110011100000111010010000000000000000000000000 l
b10000000000000000000000 6
b10000000000000000000000 L
b10000000000000000000000 j
b10000000000000000000000 n
b10000000000000000000000 /"
b0 7
b0 M
b0 b
b0 f
b0 0"
b0 B
b0 S
b0 p
b0 ("
b0 D
b0 U
b0 V
b0 &"
b0 K
b0 W
b0 \
b0 o
b0 G
b0 ]
b0 c
b0 1"
b0 d
b11111111111001110000011101001000 :
b11111111111001110000011101001000 N
b11111111111001110000011101001000 e
b11111111111001110000011101001000 m
b11111111111001110000011101001000 *"
b0 A
b0 R
b0 r
b0 )"
b11111111110011100000111010010000 C
b11111111110011100000111010010000 T
b11111111110011100000111010010000 Y
b11111111110011100000111010010000 '"
b11111111111001110000011101001000 <
b11111111111001110000011101001000 P
b11111111111001110000011101001000 [
b11111111111001110000011101001000 t
b11111111111001110000011101001000 ,"
b0 5
b0 x
b0 ."
b0 ""
b10010010 ?
b10010010 y
b10010010 ~
b10010010 %"
b10010000 @
b10010000 z
b10010000 }
b10010000 $"
b1001000 9
b1001000 !"
1'
#2020000
0'
#2025000
b0 6
b0 L
b0 j
b0 n
b0 /"
b11111111110000000000000000000000 7
b11111111110000000000000000000000 M
b11111111110000000000000000000000 b
b11111111110000000000000000000000 f
b11111111110000000000000000000000 0"
b1000000 1"
b0 F
b0 Z
b0 s
b0 w
b0 J
b0 k
b0 u
b10010011 ?
b10010011 y
b10010011 ~
b10010011 %"
b10010001 @
b10010001 z
b10010001 }
b10010001 $"
b1000000 5
b1000000 x
b1000000 ."
b1000000 ""
b0 l
b0 :
b0 N
b0 e
b0 m
b0 *"
b0 A
b0 R
b0 r
b0 )"
b0 C
b0 T
b0 Y
b0 '"
b0 <
b0 P
b0 [
b0 t
b0 ,"
b1001001 9
b1001001 !"
1'
#2030000
0'
#2035000
b11111111111001110000011101001000 F
b11111111111001110000011101001000 Z
b11111111111001110000011101001000 s
b11111111111001110000011101001000 w
b11111111111001110000011101001000 J
b11111111111001110000011101001000 k
b11111111111001110000011101001000 u
b1111111111111111111110011100000111010010000000000000000000000000 l
b10000000000000000000000 6
b10000000000000000000000 L
b10000000000000000000000 j
b10000000000000000000000 n
b10000000000000000000000 /"
b0 7
b0 M
b0 b
b0 f
b0 0"
b0 B
b0 S
b0 p
b0 ("
b0 D
b0 U
b0 V
b0 &"
b0 K
b0 W
b0 \
b0 o
b0 G
b0 ]
b0 c
b0 1"
b0 d
b11111111111001110000011101001000 :
b11111111111001110000011101001000 N
b11111111111001110000011101001000 e
b11111111111001110000011101001000 m
b11111111111001110000011101001000 *"
b0 A
b0 R
b0 r
b0 )"
b11111111110011100000111010010000 C
b11111111110011100000111010010000 T
b11111111110011100000111010010000 Y
b11111111110011100000111010010000 '"
b11111111111001110000011101001000 <
b11111111111001110000011101001000 P
b11111111111001110000011101001000 [
b11111111111001110000011101001000 t
b11111111111001110000011101001000 ,"
b0 5
b0 x
b0 ."
b0 ""
b10010110 ?
b10010110 y
b10010110 ~
b10010110 %"
b10010100 @
b10010100 z
b10010100 }
b10010100 $"
b1001010 9
b1001010 !"
1'
#2040000
0'
#2045000
b0 6
b0 L
b0 j
b0 n
b0 /"
b11111111110000000000000000000000 7
b11111111110000000000000000000000 M
b11111111110000000000000000000000 b
b11111111110000000000000000000000 f
b11111111110000000000000000000000 0"
b1000000 1"
b0 F
b0 Z
b0 s
b0 w
b0 J
b0 k
b0 u
b10010111 ?
b10010111 y
b10010111 ~
b10010111 %"
b10010101 @
b10010101 z
b10010101 }
b10010101 $"
b1000000 5
b1000000 x
b1000000 ."
b1000000 ""
b0 l
b0 :
b0 N
b0 e
b0 m
b0 *"
b0 A
b0 R
b0 r
b0 )"
b0 C
b0 T
b0 Y
b0 '"
b0 <
b0 P
b0 [
b0 t
b0 ,"
b1001011 9
b1001011 !"
1'
#2050000
0'
#2055000
b110001111100010111000 F
b110001111100010111000 Z
b110001111100010111000 s
b110001111100010111000 w
b110001111100010111000 J
b110001111100010111000 k
b110001111100010111000 u
b1100011111000101110000000000000000000000000 l
b10000000000000000000000 6
b10000000000000000000000 L
b10000000000000000000000 j
b10000000000000000000000 n
b10000000000000000000000 /"
b0 7
b0 M
b0 b
b0 f
b0 0"
b0 B
b0 S
b0 p
b0 ("
b0 D
b0 U
b0 V
b0 &"
b0 K
b0 W
b0 \
b0 o
b0 G
b0 ]
b0 c
b0 1"
b0 d
b110001111100010111000 :
b110001111100010111000 N
b110001111100010111000 e
b110001111100010111000 m
b110001111100010111000 *"
b0 A
b0 R
b0 r
b0 )"
b1100011111000101110000 C
b1100011111000101110000 T
b1100011111000101110000 Y
b1100011111000101110000 '"
b110001111100010111000 <
b110001111100010111000 P
b110001111100010111000 [
b110001111100010111000 t
b110001111100010111000 ,"
b0 5
b0 x
b0 ."
b0 ""
b10011010 ?
b10011010 y
b10011010 ~
b10011010 %"
b10011000 @
b10011000 z
b10011000 }
b10011000 $"
b1001100 9
b1001100 !"
1'
#2060000
0'
#2065000
b0 6
b0 L
b0 j
b0 n
b0 /"
b11111111110000000000000000000000 7
b11111111110000000000000000000000 M
b11111111110000000000000000000000 b
b11111111110000000000000000000000 f
b11111111110000000000000000000000 0"
b1000000 1"
b0 F
b0 Z
b0 s
b0 w
b0 J
b0 k
b0 u
b10011011 ?
b10011011 y
b10011011 ~
b10011011 %"
b10011001 @
b10011001 z
b10011001 }
b10011001 $"
b1000000 5
b1000000 x
b1000000 ."
b1000000 ""
b0 l
b0 :
b0 N
b0 e
b0 m
b0 *"
b0 A
b0 R
b0 r
b0 )"
b0 C
b0 T
b0 Y
b0 '"
b0 <
b0 P
b0 [
b0 t
b0 ,"
b1001101 9
b1001101 !"
1'
#2070000
0'
#2075000
b110001111100010111000 F
b110001111100010111000 Z
b110001111100010111000 s
b110001111100010111000 w
b110001111100010111000 J
b110001111100010111000 k
b110001111100010111000 u
b1100011111000101110000000000000000000000000 l
b10000000000000000000000 6
b10000000000000000000000 L
b10000000000000000000000 j
b10000000000000000000000 n
b10000000000000000000000 /"
b0 7
b0 M
b0 b
b0 f
b0 0"
b0 B
b0 S
b0 p
b0 ("
b0 D
b0 U
b0 V
b0 &"
b0 K
b0 W
b0 \
b0 o
b0 G
b0 ]
b0 c
b0 1"
b0 d
b110001111100010111000 :
b110001111100010111000 N
b110001111100010111000 e
b110001111100010111000 m
b110001111100010111000 *"
b0 A
b0 R
b0 r
b0 )"
b1100011111000101110000 C
b1100011111000101110000 T
b1100011111000101110000 Y
b1100011111000101110000 '"
b110001111100010111000 <
b110001111100010111000 P
b110001111100010111000 [
b110001111100010111000 t
b110001111100010111000 ,"
b0 5
b0 x
b0 ."
b0 ""
b10011110 ?
b10011110 y
b10011110 ~
b10011110 %"
b10011100 @
b10011100 z
b10011100 }
b10011100 $"
b1001110 9
b1001110 !"
1'
#2080000
0'
#2085000
b0 6
b0 L
b0 j
b0 n
b0 /"
b11111111110000000000000000000000 7
b11111111110000000000000000000000 M
b11111111110000000000000000000000 b
b11111111110000000000000000000000 f
b11111111110000000000000000000000 0"
b1000000 1"
b0 F
b0 Z
b0 s
b0 w
b0 J
b0 k
b0 u
b10011111 ?
b10011111 y
b10011111 ~
b10011111 %"
b10011101 @
b10011101 z
b10011101 }
b10011101 $"
b1000000 5
b1000000 x
b1000000 ."
b1000000 ""
b0 l
b0 :
b0 N
b0 e
b0 m
b0 *"
b0 A
b0 R
b0 r
b0 )"
b0 C
b0 T
b0 Y
b0 '"
b0 <
b0 P
b0 [
b0 t
b0 ,"
b1001111 9
b1001111 !"
1'
#2090000
0'
#2095000
b10001110001110011101100 F
b10001110001110011101100 Z
b10001110001110011101100 s
b10001110001110011101100 w
b10001110001110011101100 J
b10001110001110011101100 k
b10001110001110011101100 u
b100011100011100111011000000000000000000000000 l
b10000000000000000000000 6
b10000000000000000000000 L
b10000000000000000000000 j
b10000000000000000000000 n
b10000000000000000000000 /"
b0 7
b0 M
b0 b
b0 f
b0 0"
b0 B
b0 S
b0 p
b0 ("
b0 D
b0 U
b0 V
b0 &"
b0 K
b0 W
b0 \
b0 o
b0 G
b0 ]
b0 c
b0 1"
b0 d
b10001110001110011101100 :
b10001110001110011101100 N
b10001110001110011101100 e
b10001110001110011101100 m
b10001110001110011101100 *"
b0 A
b0 R
b0 r
b0 )"
b100011100011100111011000 C
b100011100011100111011000 T
b100011100011100111011000 Y
b100011100011100111011000 '"
b10001110001110011101100 <
b10001110001110011101100 P
b10001110001110011101100 [
b10001110001110011101100 t
b10001110001110011101100 ,"
b0 5
b0 x
b0 ."
b0 ""
b10100010 ?
b10100010 y
b10100010 ~
b10100010 %"
b10100000 @
b10100000 z
b10100000 }
b10100000 $"
b1010000 9
b1010000 !"
1'
#2100000
0'
#2105000
b0 6
b0 L
b0 j
b0 n
b0 /"
b11111111110000000000000000000000 7
b11111111110000000000000000000000 M
b11111111110000000000000000000000 b
b11111111110000000000000000000000 f
b11111111110000000000000000000000 0"
b1000000 1"
b0 F
b0 Z
b0 s
b0 w
b0 J
b0 k
b0 u
b10100011 ?
b10100011 y
b10100011 ~
b10100011 %"
b10100001 @
b10100001 z
b10100001 }
b10100001 $"
b1000000 5
b1000000 x
b1000000 ."
b1000000 ""
b0 l
b0 :
b0 N
b0 e
b0 m
b0 *"
b0 A
b0 R
b0 r
b0 )"
b0 C
b0 T
b0 Y
b0 '"
b0 <
b0 P
b0 [
b0 t
b0 ,"
b1010001 9
b1010001 !"
1'
#2110000
0'
#2115000
b10001110001110011101100 F
b10001110001110011101100 Z
b10001110001110011101100 s
b10001110001110011101100 w
b10001110001110011101100 J
b10001110001110011101100 k
b10001110001110011101100 u
b100011100011100111011000000000000000000000000 l
b10000000000000000000000 6
b10000000000000000000000 L
b10000000000000000000000 j
b10000000000000000000000 n
b10000000000000000000000 /"
b0 7
b0 M
b0 b
b0 f
b0 0"
b0 B
b0 S
b0 p
b0 ("
b0 D
b0 U
b0 V
b0 &"
b0 K
b0 W
b0 \
b0 o
b0 G
b0 ]
b0 c
b0 1"
b0 d
b10001110001110011101100 :
b10001110001110011101100 N
b10001110001110011101100 e
b10001110001110011101100 m
b10001110001110011101100 *"
b0 A
b0 R
b0 r
b0 )"
b100011100011100111011000 C
b100011100011100111011000 T
b100011100011100111011000 Y
b100011100011100111011000 '"
b10001110001110011101100 <
b10001110001110011101100 P
b10001110001110011101100 [
b10001110001110011101100 t
b10001110001110011101100 ,"
b0 5
b0 x
b0 ."
b0 ""
b10100110 ?
b10100110 y
b10100110 ~
b10100110 %"
b10100100 @
b10100100 z
b10100100 }
b10100100 $"
b1010010 9
b1010010 !"
1'
#2120000
0'
#2125000
b0 6
b0 L
b0 j
b0 n
b0 /"
b11111111110000000000000000000000 7
b11111111110000000000000000000000 M
b11111111110000000000000000000000 b
b11111111110000000000000000000000 f
b11111111110000000000000000000000 0"
b1000000 1"
b0 F
b0 Z
b0 s
b0 w
b0 J
b0 k
b0 u
b10100111 ?
b10100111 y
b10100111 ~
b10100111 %"
b10100101 @
b10100101 z
b10100101 }
b10100101 $"
b1000000 5
b1000000 x
b1000000 ."
b1000000 ""
b0 l
b0 :
b0 N
b0 e
b0 m
b0 *"
b0 A
b0 R
b0 r
b0 )"
b0 C
b0 T
b0 Y
b0 '"
b0 <
b0 P
b0 [
b0 t
b0 ,"
b1010011 9
b1010011 !"
1'
#2130000
0'
#2135000
b11111111101110001110001100010100 F
b11111111101110001110001100010100 Z
b11111111101110001110001100010100 s
b11111111101110001110001100010100 w
b11111111101110001110001100010100 J
b11111111101110001110001100010100 k
b11111111101110001110001100010100 u
b1111111111111111111011100011100011000101000000000000000000000000 l
b10000000000000000000000 6
b10000000000000000000000 L
b10000000000000000000000 j
b10000000000000000000000 n
b10000000000000000000000 /"
b0 7
b0 M
b0 b
b0 f
b0 0"
b0 B
b0 S
b0 p
b0 ("
b0 D
b0 U
b0 V
b0 &"
b0 K
b0 W
b0 \
b0 o
b0 G
b0 ]
b0 c
b0 1"
b0 d
b11111111101110001110001100010100 :
b11111111101110001110001100010100 N
b11111111101110001110001100010100 e
b11111111101110001110001100010100 m
b11111111101110001110001100010100 *"
b0 A
b0 R
b0 r
b0 )"
b11111111011100011100011000101000 C
b11111111011100011100011000101000 T
b11111111011100011100011000101000 Y
b11111111011100011100011000101000 '"
b11111111101110001110001100010100 <
b11111111101110001110001100010100 P
b11111111101110001110001100010100 [
b11111111101110001110001100010100 t
b11111111101110001110001100010100 ,"
b0 5
b0 x
b0 ."
b0 ""
b10101010 ?
b10101010 y
b10101010 ~
b10101010 %"
b10101000 @
b10101000 z
b10101000 }
b10101000 $"
b1010100 9
b1010100 !"
1'
#2140000
0'
#2145000
b0 6
b0 L
b0 j
b0 n
b0 /"
b11111111110000000000000000000000 7
b11111111110000000000000000000000 M
b11111111110000000000000000000000 b
b11111111110000000000000000000000 f
b11111111110000000000000000000000 0"
b1000000 1"
b0 F
b0 Z
b0 s
b0 w
b0 J
b0 k
b0 u
b10101011 ?
b10101011 y
b10101011 ~
b10101011 %"
b10101001 @
b10101001 z
b10101001 }
b10101001 $"
b1000000 5
b1000000 x
b1000000 ."
b1000000 ""
b0 l
b0 :
b0 N
b0 e
b0 m
b0 *"
b0 A
b0 R
b0 r
b0 )"
b0 C
b0 T
b0 Y
b0 '"
b0 <
b0 P
b0 [
b0 t
b0 ,"
b1010101 9
b1010101 !"
1'
#2150000
0'
#2155000
b11111111101110001110001100010100 F
b11111111101110001110001100010100 Z
b11111111101110001110001100010100 s
b11111111101110001110001100010100 w
b11111111101110001110001100010100 J
b11111111101110001110001100010100 k
b11111111101110001110001100010100 u
b1111111111111111111011100011100011000101000000000000000000000000 l
b10000000000000000000000 6
b10000000000000000000000 L
b10000000000000000000000 j
b10000000000000000000000 n
b10000000000000000000000 /"
b0 7
b0 M
b0 b
b0 f
b0 0"
b0 B
b0 S
b0 p
b0 ("
b0 D
b0 U
b0 V
b0 &"
b0 K
b0 W
b0 \
b0 o
b0 G
b0 ]
b0 c
b0 1"
b0 d
b11111111101110001110001100010100 :
b11111111101110001110001100010100 N
b11111111101110001110001100010100 e
b11111111101110001110001100010100 m
b11111111101110001110001100010100 *"
b0 A
b0 R
b0 r
b0 )"
b11111111011100011100011000101000 C
b11111111011100011100011000101000 T
b11111111011100011100011000101000 Y
b11111111011100011100011000101000 '"
b11111111101110001110001100010100 <
b11111111101110001110001100010100 P
b11111111101110001110001100010100 [
b11111111101110001110001100010100 t
b11111111101110001110001100010100 ,"
b0 5
b0 x
b0 ."
b0 ""
b10101110 ?
b10101110 y
b10101110 ~
b10101110 %"
b10101100 @
b10101100 z
b10101100 }
b10101100 $"
b1010110 9
b1010110 !"
1'
#2160000
0'
#2165000
b0 6
b0 L
b0 j
b0 n
b0 /"
b11111111110000000000000000000000 7
b11111111110000000000000000000000 M
b11111111110000000000000000000000 b
b11111111110000000000000000000000 f
b11111111110000000000000000000000 0"
b1000000 1"
b0 F
b0 Z
b0 s
b0 w
b0 J
b0 k
b0 u
b10101111 ?
b10101111 y
b10101111 ~
b10101111 %"
b10101101 @
b10101101 z
b10101101 }
b10101101 $"
b1000000 5
b1000000 x
b1000000 ."
b1000000 ""
b0 l
b0 :
b0 N
b0 e
b0 m
b0 *"
b0 A
b0 R
b0 r
b0 )"
b0 C
b0 T
b0 Y
b0 '"
b0 <
b0 P
b0 [
b0 t
b0 ,"
b1010111 9
b1010111 !"
1'
#2170000
0'
#2175000
b11111111100101011001001001101000 F
b11111111100101011001001001101000 Z
b11111111100101011001001001101000 s
b11111111100101011001001001101000 w
b11111111100101011001001001101000 J
b11111111100101011001001001101000 k
b11111111100101011001001001101000 u
b1111111111111111111001010110010010011010000000000000000000000000 l
b10000000000000000000000 6
b10000000000000000000000 L
b10000000000000000000000 j
b10000000000000000000000 n
b10000000000000000000000 /"
b0 7
b0 M
b0 b
b0 f
b0 0"
b0 B
b0 S
b0 p
b0 ("
b0 D
b0 U
b0 V
b0 &"
b0 K
b0 W
b0 \
b0 o
b0 G
b0 ]
b0 c
b0 1"
b0 d
b11111111100101011001001001101000 :
b11111111100101011001001001101000 N
b11111111100101011001001001101000 e
b11111111100101011001001001101000 m
b11111111100101011001001001101000 *"
b0 A
b0 R
b0 r
b0 )"
b11111111001010110010010011010000 C
b11111111001010110010010011010000 T
b11111111001010110010010011010000 Y
b11111111001010110010010011010000 '"
b11111111100101011001001001101000 <
b11111111100101011001001001101000 P
b11111111100101011001001001101000 [
b11111111100101011001001001101000 t
b11111111100101011001001001101000 ,"
b0 5
b0 x
b0 ."
b0 ""
b10110010 ?
b10110010 y
b10110010 ~
b10110010 %"
b10110000 @
b10110000 z
b10110000 }
b10110000 $"
b1011000 9
b1011000 !"
1'
#2180000
0'
#2185000
b0 6
b0 L
b0 j
b0 n
b0 /"
b11111111110000000000000000000000 7
b11111111110000000000000000000000 M
b11111111110000000000000000000000 b
b11111111110000000000000000000000 f
b11111111110000000000000000000000 0"
b1000000 1"
b0 F
b0 Z
b0 s
b0 w
b0 J
b0 k
b0 u
b10110011 ?
b10110011 y
b10110011 ~
b10110011 %"
b10110001 @
b10110001 z
b10110001 }
b10110001 $"
b1000000 5
b1000000 x
b1000000 ."
b1000000 ""
b0 l
b0 :
b0 N
b0 e
b0 m
b0 *"
b0 A
b0 R
b0 r
b0 )"
b0 C
b0 T
b0 Y
b0 '"
b0 <
b0 P
b0 [
b0 t
b0 ,"
b1011001 9
b1011001 !"
1'
#2190000
0'
#2195000
b11111111100101011001001001101000 F
b11111111100101011001001001101000 Z
b11111111100101011001001001101000 s
b11111111100101011001001001101000 w
b11111111100101011001001001101000 J
b11111111100101011001001001101000 k
b11111111100101011001001001101000 u
b1111111111111111111001010110010010011010000000000000000000000000 l
b10000000000000000000000 6
b10000000000000000000000 L
b10000000000000000000000 j
b10000000000000000000000 n
b10000000000000000000000 /"
b0 7
b0 M
b0 b
b0 f
b0 0"
b0 B
b0 S
b0 p
b0 ("
b0 D
b0 U
b0 V
b0 &"
b0 K
b0 W
b0 \
b0 o
b0 G
b0 ]
b0 c
b0 1"
b0 d
b11111111100101011001001001101000 :
b11111111100101011001001001101000 N
b11111111100101011001001001101000 e
b11111111100101011001001001101000 m
b11111111100101011001001001101000 *"
b0 A
b0 R
b0 r
b0 )"
b11111111001010110010010011010000 C
b11111111001010110010010011010000 T
b11111111001010110010010011010000 Y
b11111111001010110010010011010000 '"
b11111111100101011001001001101000 <
b11111111100101011001001001101000 P
b11111111100101011001001001101000 [
b11111111100101011001001001101000 t
b11111111100101011001001001101000 ,"
b0 5
b0 x
b0 ."
b0 ""
b10110110 ?
b10110110 y
b10110110 ~
b10110110 %"
b10110100 @
b10110100 z
b10110100 }
b10110100 $"
b1011010 9
b1011010 !"
1'
#2200000
0'
#2205000
b0 6
b0 L
b0 j
b0 n
b0 /"
b11111111110000000000000000000000 7
b11111111110000000000000000000000 M
b11111111110000000000000000000000 b
b11111111110000000000000000000000 f
b11111111110000000000000000000000 0"
b1000000 1"
b0 F
b0 Z
b0 s
b0 w
b0 J
b0 k
b0 u
b10110111 ?
b10110111 y
b10110111 ~
b10110111 %"
b10110101 @
b10110101 z
b10110101 }
b10110101 $"
b1000000 5
b1000000 x
b1000000 ."
b1000000 ""
b0 l
b0 :
b0 N
b0 e
b0 m
b0 *"
b0 A
b0 R
b0 r
b0 )"
b0 C
b0 T
b0 Y
b0 '"
b0 <
b0 P
b0 [
b0 t
b0 ,"
b1011011 9
b1011011 !"
1'
#2210000
0'
#2215000
b11010100110110110011000 F
b11010100110110110011000 Z
b11010100110110110011000 s
b11010100110110110011000 w
b11010100110110110011000 J
b11010100110110110011000 k
b11010100110110110011000 u
b110101001101101100110000000000000000000000000 l
b10000000000000000000000 6
b10000000000000000000000 L
b10000000000000000000000 j
b10000000000000000000000 n
b10000000000000000000000 /"
b0 7
b0 M
b0 b
b0 f
b0 0"
b0 B
b0 S
b0 p
b0 ("
b0 D
b0 U
b0 V
b0 &"
b0 K
b0 W
b0 \
b0 o
b0 G
b0 ]
b0 c
b0 1"
b0 d
b11010100110110110011000 :
b11010100110110110011000 N
b11010100110110110011000 e
b11010100110110110011000 m
b11010100110110110011000 *"
b0 A
b0 R
b0 r
b0 )"
b110101001101101100110000 C
b110101001101101100110000 T
b110101001101101100110000 Y
b110101001101101100110000 '"
b11010100110110110011000 <
b11010100110110110011000 P
b11010100110110110011000 [
b11010100110110110011000 t
b11010100110110110011000 ,"
b0 5
b0 x
b0 ."
b0 ""
b10111010 ?
b10111010 y
b10111010 ~
b10111010 %"
b10111000 @
b10111000 z
b10111000 }
b10111000 $"
b1011100 9
b1011100 !"
1'
#2220000
0'
#2225000
b0 6
b0 L
b0 j
b0 n
b0 /"
b11111111110000000000000000000000 7
b11111111110000000000000000000000 M
b11111111110000000000000000000000 b
b11111111110000000000000000000000 f
b11111111110000000000000000000000 0"
b1000000 1"
b0 F
b0 Z
b0 s
b0 w
b0 J
b0 k
b0 u
b10111011 ?
b10111011 y
b10111011 ~
b10111011 %"
b10111001 @
b10111001 z
b10111001 }
b10111001 $"
b1000000 5
b1000000 x
b1000000 ."
b1000000 ""
b0 l
b0 :
b0 N
b0 e
b0 m
b0 *"
b0 A
b0 R
b0 r
b0 )"
b0 C
b0 T
b0 Y
b0 '"
b0 <
b0 P
b0 [
b0 t
b0 ,"
b1011101 9
b1011101 !"
1'
#2230000
0'
#2235000
b11010100110110110011000 F
b11010100110110110011000 Z
b11010100110110110011000 s
b11010100110110110011000 w
b11010100110110110011000 J
b11010100110110110011000 k
b11010100110110110011000 u
b110101001101101100110000000000000000000000000 l
b10000000000000000000000 6
b10000000000000000000000 L
b10000000000000000000000 j
b10000000000000000000000 n
b10000000000000000000000 /"
b0 7
b0 M
b0 b
b0 f
b0 0"
b0 B
b0 S
b0 p
b0 ("
b0 D
b0 U
b0 V
b0 &"
b0 K
b0 W
b0 \
b0 o
b0 G
b0 ]
b0 c
b0 1"
b0 d
b11010100110110110011000 :
b11010100110110110011000 N
b11010100110110110011000 e
b11010100110110110011000 m
b11010100110110110011000 *"
b0 A
b0 R
b0 r
b0 )"
b110101001101101100110000 C
b110101001101101100110000 T
b110101001101101100110000 Y
b110101001101101100110000 '"
b11010100110110110011000 <
b11010100110110110011000 P
b11010100110110110011000 [
b11010100110110110011000 t
b11010100110110110011000 ,"
b0 5
b0 x
b0 ."
b0 ""
b10111110 ?
b10111110 y
b10111110 ~
b10111110 %"
b10111100 @
b10111100 z
b10111100 }
b10111100 $"
b1011110 9
b1011110 !"
1'
#2240000
0'
#2245000
b0 6
b0 L
b0 j
b0 n
b0 /"
b11111111110000000000000000000000 7
b11111111110000000000000000000000 M
b11111111110000000000000000000000 b
b11111111110000000000000000000000 f
b11111111110000000000000000000000 0"
b1000000 1"
b0 F
b0 Z
b0 s
b0 w
b0 J
b0 k
b0 u
b10111111 ?
b10111111 y
b10111111 ~
b10111111 %"
b10111101 @
b10111101 z
b10111101 }
b10111101 $"
b1000000 5
b1000000 x
b1000000 ."
b1000000 ""
b0 l
b0 :
b0 N
b0 e
b0 m
b0 *"
b0 A
b0 R
b0 r
b0 )"
b0 C
b0 T
b0 Y
b0 '"
b0 <
b0 P
b0 [
b0 t
b0 ,"
b1011111 9
b1011111 !"
1'
#2250000
0'
#2255000
b11010100110110110011000 F
b11010100110110110011000 Z
b11010100110110110011000 s
b11010100110110110011000 w
b11010100110110110011000 J
b11010100110110110011000 k
b11010100110110110011000 u
b110101001101101100110000000000000000000000000 l
b10000000000000000000000 6
b10000000000000000000000 L
b10000000000000000000000 j
b10000000000000000000000 n
b10000000000000000000000 /"
b0 7
b0 M
b0 b
b0 f
b0 0"
b0 B
b0 S
b0 p
b0 ("
b0 D
b0 U
b0 V
b0 &"
b0 K
b0 W
b0 \
b0 o
b0 G
b0 ]
b0 c
b0 1"
b0 d
b11010100110110110011000 :
b11010100110110110011000 N
b11010100110110110011000 e
b11010100110110110011000 m
b11010100110110110011000 *"
b0 A
b0 R
b0 r
b0 )"
b110101001101101100110000 C
b110101001101101100110000 T
b110101001101101100110000 Y
b110101001101101100110000 '"
b11010100110110110011000 <
b11010100110110110011000 P
b11010100110110110011000 [
b11010100110110110011000 t
b11010100110110110011000 ,"
b0 5
b0 x
b0 ."
b0 ""
b11000010 ?
b11000010 y
b11000010 ~
b11000010 %"
b11000000 @
b11000000 z
b11000000 }
b11000000 $"
b1100000 9
b1100000 !"
1'
#2260000
0'
#2265000
b0 6
b0 L
b0 j
b0 n
b0 /"
b11111111110000000000000000000000 7
b11111111110000000000000000000000 M
b11111111110000000000000000000000 b
b11111111110000000000000000000000 f
b11111111110000000000000000000000 0"
b1000000 1"
b0 F
b0 Z
b0 s
b0 w
b0 J
b0 k
b0 u
b11000011 ?
b11000011 y
b11000011 ~
b11000011 %"
b11000001 @
b11000001 z
b11000001 }
b11000001 $"
b1000000 5
b1000000 x
b1000000 ."
b1000000 ""
b0 l
b0 :
b0 N
b0 e
b0 m
b0 *"
b0 A
b0 R
b0 r
b0 )"
b0 C
b0 T
b0 Y
b0 '"
b0 <
b0 P
b0 [
b0 t
b0 ,"
b1100001 9
b1100001 !"
1'
#2270000
0'
#2275000
b11010100110110110011000 F
b11010100110110110011000 Z
b11010100110110110011000 s
b11010100110110110011000 w
b11010100110110110011000 J
b11010100110110110011000 k
b11010100110110110011000 u
b110101001101101100110000000000000000000000000 l
b10000000000000000000000 6
b10000000000000000000000 L
b10000000000000000000000 j
b10000000000000000000000 n
b10000000000000000000000 /"
b0 7
b0 M
b0 b
b0 f
b0 0"
b0 B
b0 S
b0 p
b0 ("
b0 D
b0 U
b0 V
b0 &"
b0 K
b0 W
b0 \
b0 o
b0 G
b0 ]
b0 c
b0 1"
b0 d
b11010100110110110011000 :
b11010100110110110011000 N
b11010100110110110011000 e
b11010100110110110011000 m
b11010100110110110011000 *"
b0 A
b0 R
b0 r
b0 )"
b110101001101101100110000 C
b110101001101101100110000 T
b110101001101101100110000 Y
b110101001101101100110000 '"
b11010100110110110011000 <
b11010100110110110011000 P
b11010100110110110011000 [
b11010100110110110011000 t
b11010100110110110011000 ,"
b0 5
b0 x
b0 ."
b0 ""
b11000110 ?
b11000110 y
b11000110 ~
b11000110 %"
b11000100 @
b11000100 z
b11000100 }
b11000100 $"
b1100010 9
b1100010 !"
1'
#2280000
0'
#2285000
b0 6
b0 L
b0 j
b0 n
b0 /"
b11111111110000000000000000000000 7
b11111111110000000000000000000000 M
b11111111110000000000000000000000 b
b11111111110000000000000000000000 f
b11111111110000000000000000000000 0"
b1000000 1"
b0 F
b0 Z
b0 s
b0 w
b0 J
b0 k
b0 u
b11000111 ?
b11000111 y
b11000111 ~
b11000111 %"
b11000101 @
b11000101 z
b11000101 }
b11000101 $"
b1000000 5
b1000000 x
b1000000 ."
b1000000 ""
b0 l
b0 :
b0 N
b0 e
b0 m
b0 *"
b0 A
b0 R
b0 r
b0 )"
b0 C
b0 T
b0 Y
b0 '"
b0 <
b0 P
b0 [
b0 t
b0 ,"
b1100011 9
b1100011 !"
1'
#2290000
0'
#2295000
b11111111100101011001001001101000 F
b11111111100101011001001001101000 Z
b11111111100101011001001001101000 s
b11111111100101011001001001101000 w
b11111111100101011001001001101000 J
b11111111100101011001001001101000 k
b11111111100101011001001001101000 u
b1111111111111111111001010110010010011010000000000000000000000000 l
b10000000000000000000000 6
b10000000000000000000000 L
b10000000000000000000000 j
b10000000000000000000000 n
b10000000000000000000000 /"
b0 7
b0 M
b0 b
b0 f
b0 0"
b0 B
b0 S
b0 p
b0 ("
b0 D
b0 U
b0 V
b0 &"
b0 K
b0 W
b0 \
b0 o
b0 G
b0 ]
b0 c
b0 1"
b0 d
b11111111100101011001001001101000 :
b11111111100101011001001001101000 N
b11111111100101011001001001101000 e
b11111111100101011001001001101000 m
b11111111100101011001001001101000 *"
b0 A
b0 R
b0 r
b0 )"
b11111111001010110010010011010000 C
b11111111001010110010010011010000 T
b11111111001010110010010011010000 Y
b11111111001010110010010011010000 '"
b11111111100101011001001001101000 <
b11111111100101011001001001101000 P
b11111111100101011001001001101000 [
b11111111100101011001001001101000 t
b11111111100101011001001001101000 ,"
b0 5
b0 x
b0 ."
b0 ""
b11001010 ?
b11001010 y
b11001010 ~
b11001010 %"
b11001000 @
b11001000 z
b11001000 }
b11001000 $"
b1100100 9
b1100100 !"
1'
#2300000
0'
#2305000
b0 6
b0 L
b0 j
b0 n
b0 /"
b11111111110000000000000000000000 7
b11111111110000000000000000000000 M
b11111111110000000000000000000000 b
b11111111110000000000000000000000 f
b11111111110000000000000000000000 0"
b1000000 1"
b0 F
b0 Z
b0 s
b0 w
b0 J
b0 k
b0 u
b11001011 ?
b11001011 y
b11001011 ~
b11001011 %"
b11001001 @
b11001001 z
b11001001 }
b11001001 $"
b1000000 5
b1000000 x
b1000000 ."
b1000000 ""
b0 l
b0 :
b0 N
b0 e
b0 m
b0 *"
b0 A
b0 R
b0 r
b0 )"
b0 C
b0 T
b0 Y
b0 '"
b0 <
b0 P
b0 [
b0 t
b0 ,"
b1100101 9
b1100101 !"
1'
#2310000
0'
#2315000
b11111111100101011001001001101000 F
b11111111100101011001001001101000 Z
b11111111100101011001001001101000 s
b11111111100101011001001001101000 w
b11111111100101011001001001101000 J
b11111111100101011001001001101000 k
b11111111100101011001001001101000 u
b1111111111111111111001010110010010011010000000000000000000000000 l
b10000000000000000000000 6
b10000000000000000000000 L
b10000000000000000000000 j
b10000000000000000000000 n
b10000000000000000000000 /"
b0 7
b0 M
b0 b
b0 f
b0 0"
b0 B
b0 S
b0 p
b0 ("
b0 D
b0 U
b0 V
b0 &"
b0 K
b0 W
b0 \
b0 o
b0 G
b0 ]
b0 c
b0 1"
b0 d
b11111111100101011001001001101000 :
b11111111100101011001001001101000 N
b11111111100101011001001001101000 e
b11111111100101011001001001101000 m
b11111111100101011001001001101000 *"
b0 A
b0 R
b0 r
b0 )"
b11111111001010110010010011010000 C
b11111111001010110010010011010000 T
b11111111001010110010010011010000 Y
b11111111001010110010010011010000 '"
b11111111100101011001001001101000 <
b11111111100101011001001001101000 P
b11111111100101011001001001101000 [
b11111111100101011001001001101000 t
b11111111100101011001001001101000 ,"
b0 5
b0 x
b0 ."
b0 ""
b11001110 ?
b11001110 y
b11001110 ~
b11001110 %"
b11001100 @
b11001100 z
b11001100 }
b11001100 $"
b1100110 9
b1100110 !"
1'
#2320000
0'
#2325000
b0 6
b0 L
b0 j
b0 n
b0 /"
b11111111110000000000000000000000 7
b11111111110000000000000000000000 M
b11111111110000000000000000000000 b
b11111111110000000000000000000000 f
b11111111110000000000000000000000 0"
b1000000 1"
b0 F
b0 Z
b0 s
b0 w
b0 J
b0 k
b0 u
b11001111 ?
b11001111 y
b11001111 ~
b11001111 %"
b11001101 @
b11001101 z
b11001101 }
b11001101 $"
b1000000 5
b1000000 x
b1000000 ."
b1000000 ""
b0 l
b0 :
b0 N
b0 e
b0 m
b0 *"
b0 A
b0 R
b0 r
b0 )"
b0 C
b0 T
b0 Y
b0 '"
b0 <
b0 P
b0 [
b0 t
b0 ,"
b1100111 9
b1100111 !"
1'
#2330000
0'
#2335000
b11111111101110001110001100010100 F
b11111111101110001110001100010100 Z
b11111111101110001110001100010100 s
b11111111101110001110001100010100 w
b11111111101110001110001100010100 J
b11111111101110001110001100010100 k
b11111111101110001110001100010100 u
b1111111111111111111011100011100011000101000000000000000000000000 l
b10000000000000000000000 6
b10000000000000000000000 L
b10000000000000000000000 j
b10000000000000000000000 n
b10000000000000000000000 /"
b0 7
b0 M
b0 b
b0 f
b0 0"
b0 B
b0 S
b0 p
b0 ("
b0 D
b0 U
b0 V
b0 &"
b0 K
b0 W
b0 \
b0 o
b0 G
b0 ]
b0 c
b0 1"
b0 d
b11111111101110001110001100010100 :
b11111111101110001110001100010100 N
b11111111101110001110001100010100 e
b11111111101110001110001100010100 m
b11111111101110001110001100010100 *"
b0 A
b0 R
b0 r
b0 )"
b11111111011100011100011000101000 C
b11111111011100011100011000101000 T
b11111111011100011100011000101000 Y
b11111111011100011100011000101000 '"
b11111111101110001110001100010100 <
b11111111101110001110001100010100 P
b11111111101110001110001100010100 [
b11111111101110001110001100010100 t
b11111111101110001110001100010100 ,"
b0 5
b0 x
b0 ."
b0 ""
b11010010 ?
b11010010 y
b11010010 ~
b11010010 %"
b11010000 @
b11010000 z
b11010000 }
b11010000 $"
b1101000 9
b1101000 !"
1'
#2340000
0'
#2345000
b0 6
b0 L
b0 j
b0 n
b0 /"
b11111111110000000000000000000000 7
b11111111110000000000000000000000 M
b11111111110000000000000000000000 b
b11111111110000000000000000000000 f
b11111111110000000000000000000000 0"
b1000000 1"
b0 F
b0 Z
b0 s
b0 w
b0 J
b0 k
b0 u
b11010011 ?
b11010011 y
b11010011 ~
b11010011 %"
b11010001 @
b11010001 z
b11010001 }
b11010001 $"
b1000000 5
b1000000 x
b1000000 ."
b1000000 ""
b0 l
b0 :
b0 N
b0 e
b0 m
b0 *"
b0 A
b0 R
b0 r
b0 )"
b0 C
b0 T
b0 Y
b0 '"
b0 <
b0 P
b0 [
b0 t
b0 ,"
b1101001 9
b1101001 !"
1'
#2350000
0'
#2355000
b11111111101110001110001100010100 F
b11111111101110001110001100010100 Z
b11111111101110001110001100010100 s
b11111111101110001110001100010100 w
b11111111101110001110001100010100 J
b11111111101110001110001100010100 k
b11111111101110001110001100010100 u
b1111111111111111111011100011100011000101000000000000000000000000 l
b10000000000000000000000 6
b10000000000000000000000 L
b10000000000000000000000 j
b10000000000000000000000 n
b10000000000000000000000 /"
b0 7
b0 M
b0 b
b0 f
b0 0"
b0 B
b0 S
b0 p
b0 ("
b0 D
b0 U
b0 V
b0 &"
b0 K
b0 W
b0 \
b0 o
b0 G
b0 ]
b0 c
b0 1"
b0 d
b11111111101110001110001100010100 :
b11111111101110001110001100010100 N
b11111111101110001110001100010100 e
b11111111101110001110001100010100 m
b11111111101110001110001100010100 *"
b0 A
b0 R
b0 r
b0 )"
b11111111011100011100011000101000 C
b11111111011100011100011000101000 T
b11111111011100011100011000101000 Y
b11111111011100011100011000101000 '"
b11111111101110001110001100010100 <
b11111111101110001110001100010100 P
b11111111101110001110001100010100 [
b11111111101110001110001100010100 t
b11111111101110001110001100010100 ,"
b0 5
b0 x
b0 ."
b0 ""
b11010110 ?
b11010110 y
b11010110 ~
b11010110 %"
b11010100 @
b11010100 z
b11010100 }
b11010100 $"
b1101010 9
b1101010 !"
1'
#2360000
0'
#2365000
b0 6
b0 L
b0 j
b0 n
b0 /"
b11111111110000000000000000000000 7
b11111111110000000000000000000000 M
b11111111110000000000000000000000 b
b11111111110000000000000000000000 f
b11111111110000000000000000000000 0"
b1000000 1"
b0 F
b0 Z
b0 s
b0 w
b0 J
b0 k
b0 u
b11010111 ?
b11010111 y
b11010111 ~
b11010111 %"
b11010101 @
b11010101 z
b11010101 }
b11010101 $"
b1000000 5
b1000000 x
b1000000 ."
b1000000 ""
b0 l
b0 :
b0 N
b0 e
b0 m
b0 *"
b0 A
b0 R
b0 r
b0 )"
b0 C
b0 T
b0 Y
b0 '"
b0 <
b0 P
b0 [
b0 t
b0 ,"
b1101011 9
b1101011 !"
1'
#2370000
0'
#2375000
b10001110001110011101100 F
b10001110001110011101100 Z
b10001110001110011101100 s
b10001110001110011101100 w
b10001110001110011101100 J
b10001110001110011101100 k
b10001110001110011101100 u
b100011100011100111011000000000000000000000000 l
b10000000000000000000000 6
b10000000000000000000000 L
b10000000000000000000000 j
b10000000000000000000000 n
b10000000000000000000000 /"
b0 7
b0 M
b0 b
b0 f
b0 0"
b0 B
b0 S
b0 p
b0 ("
b0 D
b0 U
b0 V
b0 &"
b0 K
b0 W
b0 \
b0 o
b0 G
b0 ]
b0 c
b0 1"
b0 d
b10001110001110011101100 :
b10001110001110011101100 N
b10001110001110011101100 e
b10001110001110011101100 m
b10001110001110011101100 *"
b0 A
b0 R
b0 r
b0 )"
b100011100011100111011000 C
b100011100011100111011000 T
b100011100011100111011000 Y
b100011100011100111011000 '"
b10001110001110011101100 <
b10001110001110011101100 P
b10001110001110011101100 [
b10001110001110011101100 t
b10001110001110011101100 ,"
b0 5
b0 x
b0 ."
b0 ""
b11011010 ?
b11011010 y
b11011010 ~
b11011010 %"
b11011000 @
b11011000 z
b11011000 }
b11011000 $"
b1101100 9
b1101100 !"
1'
#2380000
0'
#2385000
b0 6
b0 L
b0 j
b0 n
b0 /"
b11111111110000000000000000000000 7
b11111111110000000000000000000000 M
b11111111110000000000000000000000 b
b11111111110000000000000000000000 f
b11111111110000000000000000000000 0"
b1000000 1"
b0 F
b0 Z
b0 s
b0 w
b0 J
b0 k
b0 u
b11011011 ?
b11011011 y
b11011011 ~
b11011011 %"
b11011001 @
b11011001 z
b11011001 }
b11011001 $"
b1000000 5
b1000000 x
b1000000 ."
b1000000 ""
b0 l
b0 :
b0 N
b0 e
b0 m
b0 *"
b0 A
b0 R
b0 r
b0 )"
b0 C
b0 T
b0 Y
b0 '"
b0 <
b0 P
b0 [
b0 t
b0 ,"
b1101101 9
b1101101 !"
1'
#2390000
0'
#2395000
b10001110001110011101100 F
b10001110001110011101100 Z
b10001110001110011101100 s
b10001110001110011101100 w
b10001110001110011101100 J
b10001110001110011101100 k
b10001110001110011101100 u
b100011100011100111011000000000000000000000000 l
b10000000000000000000000 6
b10000000000000000000000 L
b10000000000000000000000 j
b10000000000000000000000 n
b10000000000000000000000 /"
b0 7
b0 M
b0 b
b0 f
b0 0"
b0 B
b0 S
b0 p
b0 ("
b0 D
b0 U
b0 V
b0 &"
b0 K
b0 W
b0 \
b0 o
b0 G
b0 ]
b0 c
b0 1"
b0 d
b10001110001110011101100 :
b10001110001110011101100 N
b10001110001110011101100 e
b10001110001110011101100 m
b10001110001110011101100 *"
b0 A
b0 R
b0 r
b0 )"
b100011100011100111011000 C
b100011100011100111011000 T
b100011100011100111011000 Y
b100011100011100111011000 '"
b10001110001110011101100 <
b10001110001110011101100 P
b10001110001110011101100 [
b10001110001110011101100 t
b10001110001110011101100 ,"
b0 5
b0 x
b0 ."
b0 ""
b11011110 ?
b11011110 y
b11011110 ~
b11011110 %"
b11011100 @
b11011100 z
b11011100 }
b11011100 $"
b1101110 9
b1101110 !"
1'
#2400000
0'
#2405000
b0 6
b0 L
b0 j
b0 n
b0 /"
b11111111110000000000000000000000 7
b11111111110000000000000000000000 M
b11111111110000000000000000000000 b
b11111111110000000000000000000000 f
b11111111110000000000000000000000 0"
b1000000 1"
b0 F
b0 Z
b0 s
b0 w
b0 J
b0 k
b0 u
b11011111 ?
b11011111 y
b11011111 ~
b11011111 %"
b11011101 @
b11011101 z
b11011101 }
b11011101 $"
b1000000 5
b1000000 x
b1000000 ."
b1000000 ""
b0 l
b0 :
b0 N
b0 e
b0 m
b0 *"
b0 A
b0 R
b0 r
b0 )"
b0 C
b0 T
b0 Y
b0 '"
b0 <
b0 P
b0 [
b0 t
b0 ,"
b1101111 9
b1101111 !"
1'
#2410000
0'
#2415000
b110001111100010111000 F
b110001111100010111000 Z
b110001111100010111000 s
b110001111100010111000 w
b110001111100010111000 J
b110001111100010111000 k
b110001111100010111000 u
b1100011111000101110000000000000000000000000 l
b10000000000000000000000 6
b10000000000000000000000 L
b10000000000000000000000 j
b10000000000000000000000 n
b10000000000000000000000 /"
b0 7
b0 M
b0 b
b0 f
b0 0"
b0 B
b0 S
b0 p
b0 ("
b0 D
b0 U
b0 V
b0 &"
b0 K
b0 W
b0 \
b0 o
b0 G
b0 ]
b0 c
b0 1"
b0 d
b110001111100010111000 :
b110001111100010111000 N
b110001111100010111000 e
b110001111100010111000 m
b110001111100010111000 *"
b0 A
b0 R
b0 r
b0 )"
b1100011111000101110000 C
b1100011111000101110000 T
b1100011111000101110000 Y
b1100011111000101110000 '"
b110001111100010111000 <
b110001111100010111000 P
b110001111100010111000 [
b110001111100010111000 t
b110001111100010111000 ,"
b0 5
b0 x
b0 ."
b0 ""
b11100010 ?
b11100010 y
b11100010 ~
b11100010 %"
b11100000 @
b11100000 z
b11100000 }
b11100000 $"
b1110000 9
b1110000 !"
1'
#2420000
0'
#2425000
b0 6
b0 L
b0 j
b0 n
b0 /"
b11111111110000000000000000000000 7
b11111111110000000000000000000000 M
b11111111110000000000000000000000 b
b11111111110000000000000000000000 f
b11111111110000000000000000000000 0"
b1000000 1"
b0 F
b0 Z
b0 s
b0 w
b0 J
b0 k
b0 u
b11100011 ?
b11100011 y
b11100011 ~
b11100011 %"
b11100001 @
b11100001 z
b11100001 }
b11100001 $"
b1000000 5
b1000000 x
b1000000 ."
b1000000 ""
b0 l
b0 :
b0 N
b0 e
b0 m
b0 *"
b0 A
b0 R
b0 r
b0 )"
b0 C
b0 T
b0 Y
b0 '"
b0 <
b0 P
b0 [
b0 t
b0 ,"
b1110001 9
b1110001 !"
1'
#2430000
0'
#2435000
b110001111100010111000 F
b110001111100010111000 Z
b110001111100010111000 s
b110001111100010111000 w
b110001111100010111000 J
b110001111100010111000 k
b110001111100010111000 u
b1100011111000101110000000000000000000000000 l
b10000000000000000000000 6
b10000000000000000000000 L
b10000000000000000000000 j
b10000000000000000000000 n
b10000000000000000000000 /"
b0 7
b0 M
b0 b
b0 f
b0 0"
b0 B
b0 S
b0 p
b0 ("
b0 D
b0 U
b0 V
b0 &"
b0 K
b0 W
b0 \
b0 o
b0 G
b0 ]
b0 c
b0 1"
b0 d
b110001111100010111000 :
b110001111100010111000 N
b110001111100010111000 e
b110001111100010111000 m
b110001111100010111000 *"
b0 A
b0 R
b0 r
b0 )"
b1100011111000101110000 C
b1100011111000101110000 T
b1100011111000101110000 Y
b1100011111000101110000 '"
b110001111100010111000 <
b110001111100010111000 P
b110001111100010111000 [
b110001111100010111000 t
b110001111100010111000 ,"
b0 5
b0 x
b0 ."
b0 ""
b11100110 ?
b11100110 y
b11100110 ~
b11100110 %"
b11100100 @
b11100100 z
b11100100 }
b11100100 $"
b1110010 9
b1110010 !"
1'
#2440000
0'
#2445000
b0 6
b0 L
b0 j
b0 n
b0 /"
b11111111110000000000000000000000 7
b11111111110000000000000000000000 M
b11111111110000000000000000000000 b
b11111111110000000000000000000000 f
b11111111110000000000000000000000 0"
b1000000 1"
b0 F
b0 Z
b0 s
b0 w
b0 J
b0 k
b0 u
b11100111 ?
b11100111 y
b11100111 ~
b11100111 %"
b11100101 @
b11100101 z
b11100101 }
b11100101 $"
b1000000 5
b1000000 x
b1000000 ."
b1000000 ""
b0 l
b0 :
b0 N
b0 e
b0 m
b0 *"
b0 A
b0 R
b0 r
b0 )"
b0 C
b0 T
b0 Y
b0 '"
b0 <
b0 P
b0 [
b0 t
b0 ,"
b1110011 9
b1110011 !"
1'
#2450000
0'
#2455000
b11111111111001110000011101001000 F
b11111111111001110000011101001000 Z
b11111111111001110000011101001000 s
b11111111111001110000011101001000 w
b11111111111001110000011101001000 J
b11111111111001110000011101001000 k
b11111111111001110000011101001000 u
b1111111111111111111110011100000111010010000000000000000000000000 l
b10000000000000000000000 6
b10000000000000000000000 L
b10000000000000000000000 j
b10000000000000000000000 n
b10000000000000000000000 /"
b0 7
b0 M
b0 b
b0 f
b0 0"
b0 B
b0 S
b0 p
b0 ("
b0 D
b0 U
b0 V
b0 &"
b0 K
b0 W
b0 \
b0 o
b0 G
b0 ]
b0 c
b0 1"
b0 d
b11111111111001110000011101001000 :
b11111111111001110000011101001000 N
b11111111111001110000011101001000 e
b11111111111001110000011101001000 m
b11111111111001110000011101001000 *"
b0 A
b0 R
b0 r
b0 )"
b11111111110011100000111010010000 C
b11111111110011100000111010010000 T
b11111111110011100000111010010000 Y
b11111111110011100000111010010000 '"
b11111111111001110000011101001000 <
b11111111111001110000011101001000 P
b11111111111001110000011101001000 [
b11111111111001110000011101001000 t
b11111111111001110000011101001000 ,"
b0 5
b0 x
b0 ."
b0 ""
b11101010 ?
b11101010 y
b11101010 ~
b11101010 %"
b11101000 @
b11101000 z
b11101000 }
b11101000 $"
b1110100 9
b1110100 !"
1'
#2460000
0'
#2465000
b0 6
b0 L
b0 j
b0 n
b0 /"
b11111111110000000000000000000000 7
b11111111110000000000000000000000 M
b11111111110000000000000000000000 b
b11111111110000000000000000000000 f
b11111111110000000000000000000000 0"
b1000000 1"
b0 F
b0 Z
b0 s
b0 w
b0 J
b0 k
b0 u
b11101011 ?
b11101011 y
b11101011 ~
b11101011 %"
b11101001 @
b11101001 z
b11101001 }
b11101001 $"
b1000000 5
b1000000 x
b1000000 ."
b1000000 ""
b0 l
b0 :
b0 N
b0 e
b0 m
b0 *"
b0 A
b0 R
b0 r
b0 )"
b0 C
b0 T
b0 Y
b0 '"
b0 <
b0 P
b0 [
b0 t
b0 ,"
b1110101 9
b1110101 !"
1'
#2470000
0'
#2475000
b11111111111001110000011101001000 F
b11111111111001110000011101001000 Z
b11111111111001110000011101001000 s
b11111111111001110000011101001000 w
b11111111111001110000011101001000 J
b11111111111001110000011101001000 k
b11111111111001110000011101001000 u
b1111111111111111111110011100000111010010000000000000000000000000 l
b10000000000000000000000 6
b10000000000000000000000 L
b10000000000000000000000 j
b10000000000000000000000 n
b10000000000000000000000 /"
b0 7
b0 M
b0 b
b0 f
b0 0"
b0 B
b0 S
b0 p
b0 ("
b0 D
b0 U
b0 V
b0 &"
b0 K
b0 W
b0 \
b0 o
b0 G
b0 ]
b0 c
b0 1"
b0 d
b11111111111001110000011101001000 :
b11111111111001110000011101001000 N
b11111111111001110000011101001000 e
b11111111111001110000011101001000 m
b11111111111001110000011101001000 *"
b0 A
b0 R
b0 r
b0 )"
b11111111110011100000111010010000 C
b11111111110011100000111010010000 T
b11111111110011100000111010010000 Y
b11111111110011100000111010010000 '"
b11111111111001110000011101001000 <
b11111111111001110000011101001000 P
b11111111111001110000011101001000 [
b11111111111001110000011101001000 t
b11111111111001110000011101001000 ,"
b0 5
b0 x
b0 ."
b0 ""
b11101110 ?
b11101110 y
b11101110 ~
b11101110 %"
b11101100 @
b11101100 z
b11101100 }
b11101100 $"
b1110110 9
b1110110 !"
1'
#2480000
0'
#2485000
b0 6
b0 L
b0 j
b0 n
b0 /"
b11111111110000000000000000000000 7
b11111111110000000000000000000000 M
b11111111110000000000000000000000 b
b11111111110000000000000000000000 f
b11111111110000000000000000000000 0"
b1000000 1"
b0 F
b0 Z
b0 s
b0 w
b0 J
b0 k
b0 u
b11101111 ?
b11101111 y
b11101111 ~
b11101111 %"
b11101101 @
b11101101 z
b11101101 }
b11101101 $"
b1000000 5
b1000000 x
b1000000 ."
b1000000 ""
b0 l
b0 :
b0 N
b0 e
b0 m
b0 *"
b0 A
b0 R
b0 r
b0 )"
b0 C
b0 T
b0 Y
b0 '"
b0 <
b0 P
b0 [
b0 t
b0 ,"
b1110111 9
b1110111 !"
1'
#2490000
0'
#2495000
b11111111100000100111010110100010 F
b11111111100000100111010110100010 Z
b11111111100000100111010110100010 s
b11111111100000100111010110100010 w
b11111111100000100111010110100010 J
b11111111100000100111010110100010 k
b11111111100000100111010110100010 u
b1111111111111111111000001001110101101000100000000000000000000000 l
b10000000000000000000000 6
b10000000000000000000000 L
b10000000000000000000000 j
b10000000000000000000000 n
b10000000000000000000000 /"
b0 7
b0 M
b0 b
b0 f
b0 0"
b0 B
b0 S
b0 p
b0 ("
b0 D
b0 U
b0 V
b0 &"
b0 K
b0 W
b0 \
b0 o
b0 G
b0 ]
b0 c
b0 1"
b0 d
b11111111100000100111010110100010 :
b11111111100000100111010110100010 N
b11111111100000100111010110100010 e
b11111111100000100111010110100010 m
b11111111100000100111010110100010 *"
b0 A
b0 R
b0 r
b0 )"
b11111111000001001110101101000100 C
b11111111000001001110101101000100 T
b11111111000001001110101101000100 Y
b11111111000001001110101101000100 '"
b11111111100000100111010110100010 <
b11111111100000100111010110100010 P
b11111111100000100111010110100010 [
b11111111100000100111010110100010 t
b11111111100000100111010110100010 ,"
b0 5
b0 x
b0 ."
b0 ""
b11110010 ?
b11110010 y
b11110010 ~
b11110010 %"
b11110000 @
b11110000 z
b11110000 }
b11110000 $"
b1111000 9
b1111000 !"
1'
#2500000
0'
#2505000
b0 6
b0 L
b0 j
b0 n
b0 /"
b11111111110000000000000000000000 7
b11111111110000000000000000000000 M
b11111111110000000000000000000000 b
b11111111110000000000000000000000 f
b11111111110000000000000000000000 0"
b1000000 1"
b0 F
b0 Z
b0 s
b0 w
b0 J
b0 k
b0 u
b11110011 ?
b11110011 y
b11110011 ~
b11110011 %"
b11110001 @
b11110001 z
b11110001 }
b11110001 $"
b1000000 5
b1000000 x
b1000000 ."
b1000000 ""
b0 l
b0 :
b0 N
b0 e
b0 m
b0 *"
b0 A
b0 R
b0 r
b0 )"
b0 C
b0 T
b0 Y
b0 '"
b0 <
b0 P
b0 [
b0 t
b0 ,"
b1111001 9
b1111001 !"
1'
#2510000
0'
#2515000
b11111111100000100111010110100010 F
b11111111100000100111010110100010 Z
b11111111100000100111010110100010 s
b11111111100000100111010110100010 w
b11111111100000100111010110100010 J
b11111111100000100111010110100010 k
b11111111100000100111010110100010 u
b1111111111111111111000001001110101101000100000000000000000000000 l
b10000000000000000000000 6
b10000000000000000000000 L
b10000000000000000000000 j
b10000000000000000000000 n
b10000000000000000000000 /"
b0 7
b0 M
b0 b
b0 f
b0 0"
b0 B
b0 S
b0 p
b0 ("
b0 D
b0 U
b0 V
b0 &"
b0 K
b0 W
b0 \
b0 o
b0 G
b0 ]
b0 c
b0 1"
b0 d
b11111111100000100111010110100010 :
b11111111100000100111010110100010 N
b11111111100000100111010110100010 e
b11111111100000100111010110100010 m
b11111111100000100111010110100010 *"
b0 A
b0 R
b0 r
b0 )"
b11111111000001001110101101000100 C
b11111111000001001110101101000100 T
b11111111000001001110101101000100 Y
b11111111000001001110101101000100 '"
b11111111100000100111010110100010 <
b11111111100000100111010110100010 P
b11111111100000100111010110100010 [
b11111111100000100111010110100010 t
b11111111100000100111010110100010 ,"
b0 5
b0 x
b0 ."
b0 ""
b11110110 ?
b11110110 y
b11110110 ~
b11110110 %"
b11110100 @
b11110100 z
b11110100 }
b11110100 $"
b1111010 9
b1111010 !"
1'
#2520000
0'
#2525000
b0 6
b0 L
b0 j
b0 n
b0 /"
b11111111110000000000000000000000 7
b11111111110000000000000000000000 M
b11111111110000000000000000000000 b
b11111111110000000000000000000000 f
b11111111110000000000000000000000 0"
b1000000 1"
b0 F
b0 Z
b0 s
b0 w
b0 J
b0 k
b0 u
b11110111 ?
b11110111 y
b11110111 ~
b11110111 %"
b11110101 @
b11110101 z
b11110101 }
b11110101 $"
b1000000 5
b1000000 x
b1000000 ."
b1000000 ""
b0 l
b0 :
b0 N
b0 e
b0 m
b0 *"
b0 A
b0 R
b0 r
b0 )"
b0 C
b0 T
b0 Y
b0 '"
b0 <
b0 P
b0 [
b0 t
b0 ,"
b1111011 9
b1111011 !"
1'
#2530000
0'
#2535000
b11111011000101001011110 F
b11111011000101001011110 Z
b11111011000101001011110 s
b11111011000101001011110 w
b11111011000101001011110 J
b11111011000101001011110 k
b11111011000101001011110 u
b111110110001010010111100000000000000000000000 l
b10000000000000000000000 6
b10000000000000000000000 L
b10000000000000000000000 j
b10000000000000000000000 n
b10000000000000000000000 /"
b0 7
b0 M
b0 b
b0 f
b0 0"
b0 B
b0 S
b0 p
b0 ("
b0 D
b0 U
b0 V
b0 &"
b0 K
b0 W
b0 \
b0 o
b0 G
b0 ]
b0 c
b0 1"
b0 d
b11111011000101001011110 :
b11111011000101001011110 N
b11111011000101001011110 e
b11111011000101001011110 m
b11111011000101001011110 *"
b0 A
b0 R
b0 r
b0 )"
b111110110001010010111100 C
b111110110001010010111100 T
b111110110001010010111100 Y
b111110110001010010111100 '"
b11111011000101001011110 <
b11111011000101001011110 P
b11111011000101001011110 [
b11111011000101001011110 t
b11111011000101001011110 ,"
b0 5
b0 x
b0 ."
b0 ""
b11111010 ?
b11111010 y
b11111010 ~
b11111010 %"
b11111000 @
b11111000 z
b11111000 }
b11111000 $"
b1111100 9
b1111100 !"
1'
#2540000
0'
#2545000
b0 6
b0 L
b0 j
b0 n
b0 /"
b11111111110000000000000000000000 7
b11111111110000000000000000000000 M
b11111111110000000000000000000000 b
b11111111110000000000000000000000 f
b11111111110000000000000000000000 0"
b1000000 1"
b0 F
b0 Z
b0 s
b0 w
b0 J
b0 k
b0 u
b11111011 ?
b11111011 y
b11111011 ~
b11111011 %"
b11111001 @
b11111001 z
b11111001 }
b11111001 $"
b1000000 5
b1000000 x
b1000000 ."
b1000000 ""
b0 l
b0 :
b0 N
b0 e
b0 m
b0 *"
b0 A
b0 R
b0 r
b0 )"
b0 C
b0 T
b0 Y
b0 '"
b0 <
b0 P
b0 [
b0 t
b0 ,"
b1111101 9
b1111101 !"
1'
#2550000
0'
#2555000
b11111011000101001011110 F
b11111011000101001011110 Z
b11111011000101001011110 s
b11111011000101001011110 w
b11111011000101001011110 J
b11111011000101001011110 k
b11111011000101001011110 u
b111110110001010010111100000000000000000000000 l
b10000000000000000000000 6
b10000000000000000000000 L
b10000000000000000000000 j
b10000000000000000000000 n
b10000000000000000000000 /"
b0 7
b0 M
b0 b
b0 f
b0 0"
b0 B
b0 S
b0 p
b0 ("
b0 D
b0 U
b0 V
b0 &"
b0 K
b0 W
b0 \
b0 o
b0 G
b0 ]
b0 c
b0 1"
b0 d
b11111011000101001011110 :
b11111011000101001011110 N
b11111011000101001011110 e
b11111011000101001011110 m
b11111011000101001011110 *"
b0 A
b0 R
b0 r
b0 )"
b111110110001010010111100 C
b111110110001010010111100 T
b111110110001010010111100 Y
b111110110001010010111100 '"
b11111011000101001011110 <
b11111011000101001011110 P
b11111011000101001011110 [
b11111011000101001011110 t
b11111011000101001011110 ,"
b0 5
b0 x
b0 ."
b0 ""
b11111110 ?
b11111110 y
b11111110 ~
b11111110 %"
b11111100 @
b11111100 z
b11111100 }
b11111100 $"
b1111110 9
b1111110 !"
1'
#2560000
0'
#2565000
b0 6
b0 L
b0 j
b0 n
b0 /"
b11111111110000000000000000000000 7
b11111111110000000000000000000000 M
b11111111110000000000000000000000 b
b11111111110000000000000000000000 f
b11111111110000000000000000000000 0"
b1000000 1"
b0 F
b0 Z
b0 s
b0 w
b0 J
b0 k
b0 u
b11111111 ?
b11111111 y
b11111111 ~
b11111111 %"
b11111101 @
b11111101 z
b11111101 }
b11111101 $"
b1000000 5
b1000000 x
b1000000 ."
b1000000 ""
b0 l
b0 :
b0 N
b0 e
b0 m
b0 *"
b0 A
b0 R
b0 r
b0 )"
b0 C
b0 T
b0 Y
b0 '"
b0 <
b0 P
b0 [
b0 t
b0 ,"
b1111111 9
b1111111 !"
1'
#2570000
0'
#2575000
b1000000000000000000000000 F
b1000000000000000000000000 Z
b1000000000000000000000000 s
b1000000000000000000000000 w
b1000000000000000000000000 J
b1000000000000000000000000 k
b1000000000000000000000000 u
b10000000000000000000000000000000000000000000000 l
b10000000000000000000000 6
b10000000000000000000000 L
b10000000000000000000000 j
b10000000000000000000000 n
b10000000000000000000000 /"
b0 7
b0 M
b0 b
b0 f
b0 0"
b0 B
b0 S
b0 p
b0 ("
b0 D
b0 U
b0 V
b0 &"
b0 K
b0 W
b0 \
b0 o
b0 G
b0 ]
b0 c
b0 1"
b0 d
b1000000000000000000000000 :
b1000000000000000000000000 N
b1000000000000000000000000 e
b1000000000000000000000000 m
b1000000000000000000000000 *"
b0 A
b0 R
b0 r
b0 )"
b10000000000000000000000000 C
b10000000000000000000000000 T
b10000000000000000000000000 Y
b10000000000000000000000000 '"
b1000000000000000000000000 <
b1000000000000000000000000 P
b1000000000000000000000000 [
b1000000000000000000000000 t
b1000000000000000000000000 ,"
b0 5
b0 x
b0 ."
b0 ""
b100 ?
b100 y
b100 ~
b100 %"
b0 @
b0 z
b0 }
b0 $"
b10 8
b10 #"
b0 9
b0 !"
1'
#2580000
0'
#2585000
b1011010100000100111101 6
b1011010100000100111101 L
b1011010100000100111101 j
b1011010100000100111101 n
b1011010100000100111101 /"
b11111111110100101011111011000011 7
b11111111110100101011111011000011 M
b11111111110100101011111011000011 b
b11111111110100101011111011000011 f
b11111111110100101011111011000011 0"
b100000 1"
b0 F
b0 Z
b0 s
b0 w
b0 J
b0 k
b0 u
b101 ?
b101 y
b101 ~
b101 %"
b1 @
b1 z
b1 }
b1 $"
b100000 5
b100000 x
b100000 ."
b100000 ""
b0 l
b0 :
b0 N
b0 e
b0 m
b0 *"
b0 A
b0 R
b0 r
b0 )"
b0 C
b0 T
b0 Y
b0 '"
b0 <
b0 P
b0 [
b0 t
b0 ,"
b1 9
b1 !"
1'
#2590000
0'
#2595000
b0 6
b0 L
b0 j
b0 n
b0 /"
b11111111110000000000000000000000 7
b11111111110000000000000000000000 M
b11111111110000000000000000000000 b
b11111111110000000000000000000000 f
b11111111110000000000000000000000 0"
b1000000 1"
b1000000 5
b1000000 x
b1000000 ."
b1000000 ""
b110 ?
b110 y
b110 ~
b110 %"
b10 @
b10 z
b10 }
b10 $"
b10 9
b10 !"
1'
#2600000
0'
#2605000
b11111111110100101011111011000011 6
b11111111110100101011111011000011 L
b11111111110100101011111011000011 j
b11111111110100101011111011000011 n
b11111111110100101011111011000011 /"
b11111111110100101011111011000011 7
b11111111110100101011111011000011 M
b11111111110100101011111011000011 b
b11111111110100101011111011000011 f
b11111111110100101011111011000011 0"
b1100000 1"
b111 ?
b111 y
b111 ~
b111 %"
b11 @
b11 z
b11 }
b11 $"
b1100000 5
b1100000 x
b1100000 ."
b1100000 ""
b11 9
b11 !"
1'
#2610000
0'
#2615000
b10000000000000000000000 6
b10000000000000000000000 L
b10000000000000000000000 j
b10000000000000000000000 n
b10000000000000000000000 /"
b0 7
b0 M
b0 b
b0 f
b0 0"
b11111111000000000000000000000000 F
b11111111000000000000000000000000 Z
b11111111000000000000000000000000 s
b11111111000000000000000000000000 w
b11111111000000000000000000000000 J
b11111111000000000000000000000000 k
b11111111000000000000000000000000 u
b0 B
b0 S
b0 p
b0 ("
b0 D
b0 U
b0 V
b0 &"
b0 K
b0 W
b0 \
b0 o
b0 G
b0 ]
b0 c
b0 1"
b1111111111111111110000000000000000000000000000000000000000000000 l
b0 d
b11111111000000000000000000000000 :
b11111111000000000000000000000000 N
b11111111000000000000000000000000 e
b11111111000000000000000000000000 m
b11111111000000000000000000000000 *"
b0 A
b0 R
b0 r
b0 )"
b11111110000000000000000000000000 C
b11111110000000000000000000000000 T
b11111110000000000000000000000000 Y
b11111110000000000000000000000000 '"
b11111111000000000000000000000000 <
b11111111000000000000000000000000 P
b11111111000000000000000000000000 [
b11111111000000000000000000000000 t
b11111111000000000000000000000000 ,"
b0 5
b0 x
b0 ."
b0 ""
b1100 ?
b1100 y
b1100 ~
b1100 %"
b1000 @
b1000 z
b1000 }
b1000 $"
b100 9
b100 !"
1'
#2620000
0'
#2625000
b1011010100000100111101 6
b1011010100000100111101 L
b1011010100000100111101 j
b1011010100000100111101 n
b1011010100000100111101 /"
b11111111110100101011111011000011 7
b11111111110100101011111011000011 M
b11111111110100101011111011000011 b
b11111111110100101011111011000011 f
b11111111110100101011111011000011 0"
b100000 1"
b0 F
b0 Z
b0 s
b0 w
b0 J
b0 k
b0 u
b1101 ?
b1101 y
b1101 ~
b1101 %"
b1001 @
b1001 z
b1001 }
b1001 $"
b100000 5
b100000 x
b100000 ."
b100000 ""
b0 l
b0 :
b0 N
b0 e
b0 m
b0 *"
b0 A
b0 R
b0 r
b0 )"
b0 C
b0 T
b0 Y
b0 '"
b0 <
b0 P
b0 [
b0 t
b0 ,"
b101 9
b101 !"
1'
#2630000
0'
#2635000
b0 6
b0 L
b0 j
b0 n
b0 /"
b11111111110000000000000000000000 7
b11111111110000000000000000000000 M
b11111111110000000000000000000000 b
b11111111110000000000000000000000 f
b11111111110000000000000000000000 0"
b1000000 1"
b1000000 5
b1000000 x
b1000000 ."
b1000000 ""
b1110 ?
b1110 y
b1110 ~
b1110 %"
b1010 @
b1010 z
b1010 }
b1010 $"
b110 9
b110 !"
1'
#2640000
0'
#2645000
b11111111110100101011111011000011 6
b11111111110100101011111011000011 L
b11111111110100101011111011000011 j
b11111111110100101011111011000011 n
b11111111110100101011111011000011 /"
b11111111110100101011111011000011 7
b11111111110100101011111011000011 M
b11111111110100101011111011000011 b
b11111111110100101011111011000011 f
b11111111110100101011111011000011 0"
b1100000 1"
b1111 ?
b1111 y
b1111 ~
b1111 %"
b1011 @
b1011 z
b1011 }
b1011 $"
b1100000 5
b1100000 x
b1100000 ."
b1100000 ""
b111 9
b111 !"
1'
#2650000
0'
#2655000
b10000000000000000000000 6
b10000000000000000000000 L
b10000000000000000000000 j
b10000000000000000000000 n
b10000000000000000000000 /"
b0 7
b0 M
b0 b
b0 f
b0 0"
b0 1"
b0 5
b0 x
b0 ."
b0 ""
b10100 ?
b10100 y
b10100 ~
b10100 %"
b10000 @
b10000 z
b10000 }
b10000 $"
b1000 9
b1000 !"
1'
#2660000
0'
#2665000
b1011010100000100111101 6
b1011010100000100111101 L
b1011010100000100111101 j
b1011010100000100111101 n
b1011010100000100111101 /"
b11111111110100101011111011000011 7
b11111111110100101011111011000011 M
b11111111110100101011111011000011 b
b11111111110100101011111011000011 f
b11111111110100101011111011000011 0"
b100000 1"
b10101 ?
b10101 y
b10101 ~
b10101 %"
b10001 @
b10001 z
b10001 }
b10001 $"
b100000 5
b100000 x
b100000 ."
b100000 ""
b1001 9
b1001 !"
1'
#2670000
0'
#2675000
b0 6
b0 L
b0 j
b0 n
b0 /"
b11111111110000000000000000000000 7
b11111111110000000000000000000000 M
b11111111110000000000000000000000 b
b11111111110000000000000000000000 f
b11111111110000000000000000000000 0"
b1000000 1"
b1000000 5
b1000000 x
b1000000 ."
b1000000 ""
b10110 ?
b10110 y
b10110 ~
b10110 %"
b10010 @
b10010 z
b10010 }
b10010 $"
b1010 9
b1010 !"
1'
#2680000
0'
#2685000
b11111111110100101011111011000011 6
b11111111110100101011111011000011 L
b11111111110100101011111011000011 j
b11111111110100101011111011000011 n
b11111111110100101011111011000011 /"
b11111111110100101011111011000011 7
b11111111110100101011111011000011 M
b11111111110100101011111011000011 b
b11111111110100101011111011000011 f
b11111111110100101011111011000011 0"
b1100000 1"
b10111 ?
b10111 y
b10111 ~
b10111 %"
b10011 @
b10011 z
b10011 }
b10011 $"
b1100000 5
b1100000 x
b1100000 ."
b1100000 ""
b1011 9
b1011 !"
1'
#2690000
0'
#2695000
b10000000000000000000000 6
b10000000000000000000000 L
b10000000000000000000000 j
b10000000000000000000000 n
b10000000000000000000000 /"
b0 7
b0 M
b0 b
b0 f
b0 0"
b0 1"
b0 5
b0 x
b0 ."
b0 ""
b11100 ?
b11100 y
b11100 ~
b11100 %"
b11000 @
b11000 z
b11000 }
b11000 $"
b1100 9
b1100 !"
1'
#2700000
0'
#2705000
b1011010100000100111101 6
b1011010100000100111101 L
b1011010100000100111101 j
b1011010100000100111101 n
b1011010100000100111101 /"
b11111111110100101011111011000011 7
b11111111110100101011111011000011 M
b11111111110100101011111011000011 b
b11111111110100101011111011000011 f
b11111111110100101011111011000011 0"
b100000 1"
b11101 ?
b11101 y
b11101 ~
b11101 %"
b11001 @
b11001 z
b11001 }
b11001 $"
b100000 5
b100000 x
b100000 ."
b100000 ""
b1101 9
b1101 !"
1'
#2710000
0'
#2715000
b0 6
b0 L
b0 j
b0 n
b0 /"
b11111111110000000000000000000000 7
b11111111110000000000000000000000 M
b11111111110000000000000000000000 b
b11111111110000000000000000000000 f
b11111111110000000000000000000000 0"
b1000000 1"
b1000000 5
b1000000 x
b1000000 ."
b1000000 ""
b11110 ?
b11110 y
b11110 ~
b11110 %"
b11010 @
b11010 z
b11010 }
b11010 $"
b1110 9
b1110 !"
1'
#2720000
0'
#2725000
b11111111110100101011111011000011 6
b11111111110100101011111011000011 L
b11111111110100101011111011000011 j
b11111111110100101011111011000011 n
b11111111110100101011111011000011 /"
b11111111110100101011111011000011 7
b11111111110100101011111011000011 M
b11111111110100101011111011000011 b
b11111111110100101011111011000011 f
b11111111110100101011111011000011 0"
b1100000 1"
b11111 ?
b11111 y
b11111 ~
b11111 %"
b11011 @
b11011 z
b11011 }
b11011 $"
b1100000 5
b1100000 x
b1100000 ."
b1100000 ""
b1111 9
b1111 !"
1'
#2730000
0'
#2735000
b10000000000000000000000 6
b10000000000000000000000 L
b10000000000000000000000 j
b10000000000000000000000 n
b10000000000000000000000 /"
b0 7
b0 M
b0 b
b0 f
b0 0"
b101101010000010011110000 F
b101101010000010011110000 Z
b101101010000010011110000 s
b101101010000010011110000 w
b101101010000010011110000 J
b101101010000010011110000 k
b101101010000010011110000 u
b0 B
b0 S
b0 p
b0 ("
b0 D
b0 U
b0 V
b0 &"
b0 K
b0 W
b0 \
b0 o
b0 G
b0 ]
b0 c
b0 1"
b1011010100000100111100000000000000000000000000 l
b0 d
b101101010000010011110000 :
b101101010000010011110000 N
b101101010000010011110000 e
b101101010000010011110000 m
b101101010000010011110000 *"
b0 A
b0 R
b0 r
b0 )"
b1011010100000100111100000 C
b1011010100000100111100000 T
b1011010100000100111100000 Y
b1011010100000100111100000 '"
b101101010000010011110000 <
b101101010000010011110000 P
b101101010000010011110000 [
b101101010000010011110000 t
b101101010000010011110000 ,"
b0 5
b0 x
b0 ."
b0 ""
b100100 ?
b100100 y
b100100 ~
b100100 %"
b100000 @
b100000 z
b100000 }
b100000 $"
b10000 9
b10000 !"
1'
#2740000
0'
#2745000
b1011010100000100111101 6
b1011010100000100111101 L
b1011010100000100111101 j
b1011010100000100111101 n
b1011010100000100111101 /"
b11111111110100101011111011000011 7
b11111111110100101011111011000011 M
b11111111110100101011111011000011 b
b11111111110100101011111011000011 f
b11111111110100101011111011000011 0"
b100000 1"
b0 F
b0 Z
b0 s
b0 w
b0 J
b0 k
b0 u
b100101 ?
b100101 y
b100101 ~
b100101 %"
b100001 @
b100001 z
b100001 }
b100001 $"
b100000 5
b100000 x
b100000 ."
b100000 ""
b0 l
b0 :
b0 N
b0 e
b0 m
b0 *"
b0 A
b0 R
b0 r
b0 )"
b0 C
b0 T
b0 Y
b0 '"
b0 <
b0 P
b0 [
b0 t
b0 ,"
b10001 9
b10001 !"
1'
#2750000
0'
#2755000
b0 6
b0 L
b0 j
b0 n
b0 /"
b11111111110000000000000000000000 7
b11111111110000000000000000000000 M
b11111111110000000000000000000000 b
b11111111110000000000000000000000 f
b11111111110000000000000000000000 0"
b1000000 1"
b1000000 5
b1000000 x
b1000000 ."
b1000000 ""
b100110 ?
b100110 y
b100110 ~
b100110 %"
b100010 @
b100010 z
b100010 }
b100010 $"
b10010 9
b10010 !"
1'
#2760000
0'
#2765000
b11111111110100101011111011000011 6
b11111111110100101011111011000011 L
b11111111110100101011111011000011 j
b11111111110100101011111011000011 n
b11111111110100101011111011000011 /"
b11111111110100101011111011000011 7
b11111111110100101011111011000011 M
b11111111110100101011111011000011 b
b11111111110100101011111011000011 f
b11111111110100101011111011000011 0"
b1100000 1"
b100111 ?
b100111 y
b100111 ~
b100111 %"
b100011 @
b100011 z
b100011 }
b100011 $"
b1100000 5
b1100000 x
b1100000 ."
b1100000 ""
b10011 9
b10011 !"
1'
#2770000
0'
#2775000
b10000000000000000000000 6
b10000000000000000000000 L
b10000000000000000000000 j
b10000000000000000000000 n
b10000000000000000000000 /"
b0 7
b0 M
b0 b
b0 f
b0 0"
b11111111010010101111101100010000 F
b11111111010010101111101100010000 Z
b11111111010010101111101100010000 s
b11111111010010101111101100010000 w
b11111111010010101111101100010000 J
b11111111010010101111101100010000 k
b11111111010010101111101100010000 u
b0 B
b0 S
b0 p
b0 ("
b0 D
b0 U
b0 V
b0 &"
b0 K
b0 W
b0 \
b0 o
b0 G
b0 ]
b0 c
b0 1"
b1111111111111111110100101011111011000100000000000000000000000000 l
b0 d
b11111111010010101111101100010000 :
b11111111010010101111101100010000 N
b11111111010010101111101100010000 e
b11111111010010101111101100010000 m
b11111111010010101111101100010000 *"
b0 A
b0 R
b0 r
b0 )"
b11111110100101011111011000100000 C
b11111110100101011111011000100000 T
b11111110100101011111011000100000 Y
b11111110100101011111011000100000 '"
b11111111010010101111101100010000 <
b11111111010010101111101100010000 P
b11111111010010101111101100010000 [
b11111111010010101111101100010000 t
b11111111010010101111101100010000 ,"
b0 5
b0 x
b0 ."
b0 ""
b101100 ?
b101100 y
b101100 ~
b101100 %"
b101000 @
b101000 z
b101000 }
b101000 $"
b10100 9
b10100 !"
1'
#2780000
0'
#2785000
b1011010100000100111101 6
b1011010100000100111101 L
b1011010100000100111101 j
b1011010100000100111101 n
b1011010100000100111101 /"
b11111111110100101011111011000011 7
b11111111110100101011111011000011 M
b11111111110100101011111011000011 b
b11111111110100101011111011000011 f
b11111111110100101011111011000011 0"
b100000 1"
b0 F
b0 Z
b0 s
b0 w
b0 J
b0 k
b0 u
b101101 ?
b101101 y
b101101 ~
b101101 %"
b101001 @
b101001 z
b101001 }
b101001 $"
b100000 5
b100000 x
b100000 ."
b100000 ""
b0 l
b0 :
b0 N
b0 e
b0 m
b0 *"
b0 A
b0 R
b0 r
b0 )"
b0 C
b0 T
b0 Y
b0 '"
b0 <
b0 P
b0 [
b0 t
b0 ,"
b10101 9
b10101 !"
1'
#2790000
0'
#2795000
b0 6
b0 L
b0 j
b0 n
b0 /"
b11111111110000000000000000000000 7
b11111111110000000000000000000000 M
b11111111110000000000000000000000 b
b11111111110000000000000000000000 f
b11111111110000000000000000000000 0"
b1000000 1"
b1000000 5
b1000000 x
b1000000 ."
b1000000 ""
b101110 ?
b101110 y
b101110 ~
b101110 %"
b101010 @
b101010 z
b101010 }
b101010 $"
b10110 9
b10110 !"
1'
#2800000
0'
#2805000
b11111111110100101011111011000011 6
b11111111110100101011111011000011 L
b11111111110100101011111011000011 j
b11111111110100101011111011000011 n
b11111111110100101011111011000011 /"
b11111111110100101011111011000011 7
b11111111110100101011111011000011 M
b11111111110100101011111011000011 b
b11111111110100101011111011000011 f
b11111111110100101011111011000011 0"
b1100000 1"
b101111 ?
b101111 y
b101111 ~
b101111 %"
b101011 @
b101011 z
b101011 }
b101011 $"
b1100000 5
b1100000 x
b1100000 ."
b1100000 ""
b10111 9
b10111 !"
1'
#2810000
0'
#2815000
b10000000000000000000000 6
b10000000000000000000000 L
b10000000000000000000000 j
b10000000000000000000000 n
b10000000000000000000000 /"
b0 7
b0 M
b0 b
b0 f
b0 0"
b11111111010010101111101100010000 F
b11111111010010101111101100010000 Z
b11111111010010101111101100010000 s
b11111111010010101111101100010000 w
b11111111010010101111101100010000 J
b11111111010010101111101100010000 k
b11111111010010101111101100010000 u
b0 B
b0 S
b0 p
b0 ("
b0 D
b0 U
b0 V
b0 &"
b0 K
b0 W
b0 \
b0 o
b0 G
b0 ]
b0 c
b0 1"
b1111111111111111110100101011111011000100000000000000000000000000 l
b0 d
b11111111010010101111101100010000 :
b11111111010010101111101100010000 N
b11111111010010101111101100010000 e
b11111111010010101111101100010000 m
b11111111010010101111101100010000 *"
b0 A
b0 R
b0 r
b0 )"
b11111110100101011111011000100000 C
b11111110100101011111011000100000 T
b11111110100101011111011000100000 Y
b11111110100101011111011000100000 '"
b11111111010010101111101100010000 <
b11111111010010101111101100010000 P
b11111111010010101111101100010000 [
b11111111010010101111101100010000 t
b11111111010010101111101100010000 ,"
b0 5
b0 x
b0 ."
b0 ""
b110100 ?
b110100 y
b110100 ~
b110100 %"
b110000 @
b110000 z
b110000 }
b110000 $"
b11000 9
b11000 !"
1'
#2820000
0'
#2825000
b1011010100000100111101 6
b1011010100000100111101 L
b1011010100000100111101 j
b1011010100000100111101 n
b1011010100000100111101 /"
b11111111110100101011111011000011 7
b11111111110100101011111011000011 M
b11111111110100101011111011000011 b
b11111111110100101011111011000011 f
b11111111110100101011111011000011 0"
b100000 1"
b0 F
b0 Z
b0 s
b0 w
b0 J
b0 k
b0 u
b110101 ?
b110101 y
b110101 ~
b110101 %"
b110001 @
b110001 z
b110001 }
b110001 $"
b100000 5
b100000 x
b100000 ."
b100000 ""
b0 l
b0 :
b0 N
b0 e
b0 m
b0 *"
b0 A
b0 R
b0 r
b0 )"
b0 C
b0 T
b0 Y
b0 '"
b0 <
b0 P
b0 [
b0 t
b0 ,"
b11001 9
b11001 !"
1'
#2830000
0'
#2835000
b0 6
b0 L
b0 j
b0 n
b0 /"
b11111111110000000000000000000000 7
b11111111110000000000000000000000 M
b11111111110000000000000000000000 b
b11111111110000000000000000000000 f
b11111111110000000000000000000000 0"
b1000000 1"
b1000000 5
b1000000 x
b1000000 ."
b1000000 ""
b110110 ?
b110110 y
b110110 ~
b110110 %"
b110010 @
b110010 z
b110010 }
b110010 $"
b11010 9
b11010 !"
1'
#2840000
0'
#2845000
b11111111110100101011111011000011 6
b11111111110100101011111011000011 L
b11111111110100101011111011000011 j
b11111111110100101011111011000011 n
b11111111110100101011111011000011 /"
b11111111110100101011111011000011 7
b11111111110100101011111011000011 M
b11111111110100101011111011000011 b
b11111111110100101011111011000011 f
b11111111110100101011111011000011 0"
b1100000 1"
b110111 ?
b110111 y
b110111 ~
b110111 %"
b110011 @
b110011 z
b110011 }
b110011 $"
b1100000 5
b1100000 x
b1100000 ."
b1100000 ""
b11011 9
b11011 !"
1'
#2850000
0'
#2855000
b10000000000000000000000 6
b10000000000000000000000 L
b10000000000000000000000 j
b10000000000000000000000 n
b10000000000000000000000 /"
b0 7
b0 M
b0 b
b0 f
b0 0"
b101101010000010011110000 F
b101101010000010011110000 Z
b101101010000010011110000 s
b101101010000010011110000 w
b101101010000010011110000 J
b101101010000010011110000 k
b101101010000010011110000 u
b0 B
b0 S
b0 p
b0 ("
b0 D
b0 U
b0 V
b0 &"
b0 K
b0 W
b0 \
b0 o
b0 G
b0 ]
b0 c
b0 1"
b1011010100000100111100000000000000000000000000 l
b0 d
b101101010000010011110000 :
b101101010000010011110000 N
b101101010000010011110000 e
b101101010000010011110000 m
b101101010000010011110000 *"
b0 A
b0 R
b0 r
b0 )"
b1011010100000100111100000 C
b1011010100000100111100000 T
b1011010100000100111100000 Y
b1011010100000100111100000 '"
b101101010000010011110000 <
b101101010000010011110000 P
b101101010000010011110000 [
b101101010000010011110000 t
b101101010000010011110000 ,"
b0 5
b0 x
b0 ."
b0 ""
b111100 ?
b111100 y
b111100 ~
b111100 %"
b111000 @
b111000 z
b111000 }
b111000 $"
b11100 9
b11100 !"
1'
#2860000
0'
#2865000
b1011010100000100111101 6
b1011010100000100111101 L
b1011010100000100111101 j
b1011010100000100111101 n
b1011010100000100111101 /"
b11111111110100101011111011000011 7
b11111111110100101011111011000011 M
b11111111110100101011111011000011 b
b11111111110100101011111011000011 f
b11111111110100101011111011000011 0"
b100000 1"
b0 F
b0 Z
b0 s
b0 w
b0 J
b0 k
b0 u
b111101 ?
b111101 y
b111101 ~
b111101 %"
b111001 @
b111001 z
b111001 }
b111001 $"
b100000 5
b100000 x
b100000 ."
b100000 ""
b0 l
b0 :
b0 N
b0 e
b0 m
b0 *"
b0 A
b0 R
b0 r
b0 )"
b0 C
b0 T
b0 Y
b0 '"
b0 <
b0 P
b0 [
b0 t
b0 ,"
b11101 9
b11101 !"
1'
#2870000
0'
#2875000
b0 6
b0 L
b0 j
b0 n
b0 /"
b11111111110000000000000000000000 7
b11111111110000000000000000000000 M
b11111111110000000000000000000000 b
b11111111110000000000000000000000 f
b11111111110000000000000000000000 0"
b1000000 1"
b1000000 5
b1000000 x
b1000000 ."
b1000000 ""
b111110 ?
b111110 y
b111110 ~
b111110 %"
b111010 @
b111010 z
b111010 }
b111010 $"
b11110 9
b11110 !"
1'
#2880000
0'
#2885000
b11111111110100101011111011000011 6
b11111111110100101011111011000011 L
b11111111110100101011111011000011 j
b11111111110100101011111011000011 n
b11111111110100101011111011000011 /"
b11111111110100101011111011000011 7
b11111111110100101011111011000011 M
b11111111110100101011111011000011 b
b11111111110100101011111011000011 f
b11111111110100101011111011000011 0"
b1100000 1"
b111111 ?
b111111 y
b111111 ~
b111111 %"
b111011 @
b111011 z
b111011 }
b111011 $"
b1100000 5
b1100000 x
b1100000 ."
b1100000 ""
b11111 9
b11111 !"
1'
#2890000
0'
#2895000
b10000000000000000000000 6
b10000000000000000000000 L
b10000000000000000000000 j
b10000000000000000000000 n
b10000000000000000000000 /"
b0 7
b0 M
b0 b
b0 f
b0 0"
b111011001000001101011100 F
b111011001000001101011100 Z
b111011001000001101011100 s
b111011001000001101011100 w
b111011001000001101011100 J
b111011001000001101011100 k
b111011001000001101011100 u
b0 B
b0 S
b0 p
b0 ("
b0 D
b0 U
b0 V
b0 &"
b0 K
b0 W
b0 \
b0 o
b0 G
b0 ]
b0 c
b0 1"
b1110110010000011010111000000000000000000000000 l
b0 d
b111011001000001101011100 :
b111011001000001101011100 N
b111011001000001101011100 e
b111011001000001101011100 m
b111011001000001101011100 *"
b0 A
b0 R
b0 r
b0 )"
b1110110010000011010111000 C
b1110110010000011010111000 T
b1110110010000011010111000 Y
b1110110010000011010111000 '"
b111011001000001101011100 <
b111011001000001101011100 P
b111011001000001101011100 [
b111011001000001101011100 t
b111011001000001101011100 ,"
b0 5
b0 x
b0 ."
b0 ""
b1000100 ?
b1000100 y
b1000100 ~
b1000100 %"
b1000000 @
b1000000 z
b1000000 }
b1000000 $"
b100000 9
b100000 !"
1'
#2900000
0'
#2905000
b1011010100000100111101 6
b1011010100000100111101 L
b1011010100000100111101 j
b1011010100000100111101 n
b1011010100000100111101 /"
b11111111110100101011111011000011 7
b11111111110100101011111011000011 M
b11111111110100101011111011000011 b
b11111111110100101011111011000011 f
b11111111110100101011111011000011 0"
b100000 1"
b0 F
b0 Z
b0 s
b0 w
b0 J
b0 k
b0 u
b1000101 ?
b1000101 y
b1000101 ~
b1000101 %"
b1000001 @
b1000001 z
b1000001 }
b1000001 $"
b100000 5
b100000 x
b100000 ."
b100000 ""
b0 l
b0 :
b0 N
b0 e
b0 m
b0 *"
b0 A
b0 R
b0 r
b0 )"
b0 C
b0 T
b0 Y
b0 '"
b0 <
b0 P
b0 [
b0 t
b0 ,"
b100001 9
b100001 !"
1'
#2910000
0'
#2915000
b0 6
b0 L
b0 j
b0 n
b0 /"
b11111111110000000000000000000000 7
b11111111110000000000000000000000 M
b11111111110000000000000000000000 b
b11111111110000000000000000000000 f
b11111111110000000000000000000000 0"
b1000000 1"
b1000000 5
b1000000 x
b1000000 ."
b1000000 ""
b1000110 ?
b1000110 y
b1000110 ~
b1000110 %"
b1000010 @
b1000010 z
b1000010 }
b1000010 $"
b100010 9
b100010 !"
1'
#2920000
0'
#2925000
b11111111110100101011111011000011 6
b11111111110100101011111011000011 L
b11111111110100101011111011000011 j
b11111111110100101011111011000011 n
b11111111110100101011111011000011 /"
b11111111110100101011111011000011 7
b11111111110100101011111011000011 M
b11111111110100101011111011000011 b
b11111111110100101011111011000011 f
b11111111110100101011111011000011 0"
b1100000 1"
b1000111 ?
b1000111 y
b1000111 ~
b1000111 %"
b1000011 @
b1000011 z
b1000011 }
b1000011 $"
b1100000 5
b1100000 x
b1100000 ."
b1100000 ""
b100011 9
b100011 !"
1'
#2930000
0'
#2935000
b10000000000000000000000 6
b10000000000000000000000 L
b10000000000000000000000 j
b10000000000000000000000 n
b10000000000000000000000 /"
b0 7
b0 M
b0 b
b0 f
b0 0"
b11111111000100110111110010100100 F
b11111111000100110111110010100100 Z
b11111111000100110111110010100100 s
b11111111000100110111110010100100 w
b11111111000100110111110010100100 J
b11111111000100110111110010100100 k
b11111111000100110111110010100100 u
b0 B
b0 S
b0 p
b0 ("
b0 D
b0 U
b0 V
b0 &"
b0 K
b0 W
b0 \
b0 o
b0 G
b0 ]
b0 c
b0 1"
b1111111111111111110001001101111100101001000000000000000000000000 l
b0 d
b11111111000100110111110010100100 :
b11111111000100110111110010100100 N
b11111111000100110111110010100100 e
b11111111000100110111110010100100 m
b11111111000100110111110010100100 *"
b0 A
b0 R
b0 r
b0 )"
b11111110001001101111100101001000 C
b11111110001001101111100101001000 T
b11111110001001101111100101001000 Y
b11111110001001101111100101001000 '"
b11111111000100110111110010100100 <
b11111111000100110111110010100100 P
b11111111000100110111110010100100 [
b11111111000100110111110010100100 t
b11111111000100110111110010100100 ,"
b0 5
b0 x
b0 ."
b0 ""
b1001100 ?
b1001100 y
b1001100 ~
b1001100 %"
b1001000 @
b1001000 z
b1001000 }
b1001000 $"
b100100 9
b100100 !"
1'
#2940000
0'
#2945000
b1011010100000100111101 6
b1011010100000100111101 L
b1011010100000100111101 j
b1011010100000100111101 n
b1011010100000100111101 /"
b11111111110100101011111011000011 7
b11111111110100101011111011000011 M
b11111111110100101011111011000011 b
b11111111110100101011111011000011 f
b11111111110100101011111011000011 0"
b100000 1"
b0 F
b0 Z
b0 s
b0 w
b0 J
b0 k
b0 u
b1001101 ?
b1001101 y
b1001101 ~
b1001101 %"
b1001001 @
b1001001 z
b1001001 }
b1001001 $"
b100000 5
b100000 x
b100000 ."
b100000 ""
b0 l
b0 :
b0 N
b0 e
b0 m
b0 *"
b0 A
b0 R
b0 r
b0 )"
b0 C
b0 T
b0 Y
b0 '"
b0 <
b0 P
b0 [
b0 t
b0 ,"
b100101 9
b100101 !"
1'
#2950000
0'
#2955000
b0 6
b0 L
b0 j
b0 n
b0 /"
b11111111110000000000000000000000 7
b11111111110000000000000000000000 M
b11111111110000000000000000000000 b
b11111111110000000000000000000000 f
b11111111110000000000000000000000 0"
b1000000 1"
b1000000 5
b1000000 x
b1000000 ."
b1000000 ""
b1001110 ?
b1001110 y
b1001110 ~
b1001110 %"
b1001010 @
b1001010 z
b1001010 }
b1001010 $"
b100110 9
b100110 !"
1'
#2960000
0'
#2965000
b11111111110100101011111011000011 6
b11111111110100101011111011000011 L
b11111111110100101011111011000011 j
b11111111110100101011111011000011 n
b11111111110100101011111011000011 /"
b11111111110100101011111011000011 7
b11111111110100101011111011000011 M
b11111111110100101011111011000011 b
b11111111110100101011111011000011 f
b11111111110100101011111011000011 0"
b1100000 1"
b1001111 ?
b1001111 y
b1001111 ~
b1001111 %"
b1001011 @
b1001011 z
b1001011 }
b1001011 $"
b1100000 5
b1100000 x
b1100000 ."
b1100000 ""
b100111 9
b100111 !"
1'
#2970000
0'
#2975000
b10000000000000000000000 6
b10000000000000000000000 L
b10000000000000000000000 j
b10000000000000000000000 n
b10000000000000000000000 /"
b0 7
b0 M
b0 b
b0 f
b0 0"
b11111111100111100000100001111000 F
b11111111100111100000100001111000 Z
b11111111100111100000100001111000 s
b11111111100111100000100001111000 w
b11111111100111100000100001111000 J
b11111111100111100000100001111000 k
b11111111100111100000100001111000 u
b0 B
b0 S
b0 p
b0 ("
b0 D
b0 U
b0 V
b0 &"
b0 K
b0 W
b0 \
b0 o
b0 G
b0 ]
b0 c
b0 1"
b1111111111111111111001111000001000011110000000000000000000000000 l
b0 d
b11111111100111100000100001111000 :
b11111111100111100000100001111000 N
b11111111100111100000100001111000 e
b11111111100111100000100001111000 m
b11111111100111100000100001111000 *"
b0 A
b0 R
b0 r
b0 )"
b11111111001111000001000011110000 C
b11111111001111000001000011110000 T
b11111111001111000001000011110000 Y
b11111111001111000001000011110000 '"
b11111111100111100000100001111000 <
b11111111100111100000100001111000 P
b11111111100111100000100001111000 [
b11111111100111100000100001111000 t
b11111111100111100000100001111000 ,"
b0 5
b0 x
b0 ."
b0 ""
b1010100 ?
b1010100 y
b1010100 ~
b1010100 %"
b1010000 @
b1010000 z
b1010000 }
b1010000 $"
b101000 9
b101000 !"
1'
#2980000
0'
#2985000
b1011010100000100111101 6
b1011010100000100111101 L
b1011010100000100111101 j
b1011010100000100111101 n
b1011010100000100111101 /"
b11111111110100101011111011000011 7
b11111111110100101011111011000011 M
b11111111110100101011111011000011 b
b11111111110100101011111011000011 f
b11111111110100101011111011000011 0"
b100000 1"
b0 F
b0 Z
b0 s
b0 w
b0 J
b0 k
b0 u
b1010101 ?
b1010101 y
b1010101 ~
b1010101 %"
b1010001 @
b1010001 z
b1010001 }
b1010001 $"
b100000 5
b100000 x
b100000 ."
b100000 ""
b0 l
b0 :
b0 N
b0 e
b0 m
b0 *"
b0 A
b0 R
b0 r
b0 )"
b0 C
b0 T
b0 Y
b0 '"
b0 <
b0 P
b0 [
b0 t
b0 ,"
b101001 9
b101001 !"
1'
#2990000
0'
#2995000
b0 6
b0 L
b0 j
b0 n
b0 /"
b11111111110000000000000000000000 7
b11111111110000000000000000000000 M
b11111111110000000000000000000000 b
b11111111110000000000000000000000 f
b11111111110000000000000000000000 0"
b1000000 1"
b1000000 5
b1000000 x
b1000000 ."
b1000000 ""
b1010110 ?
b1010110 y
b1010110 ~
b1010110 %"
b1010010 @
b1010010 z
b1010010 }
b1010010 $"
b101010 9
b101010 !"
1'
#3000000
0'
#3005000
b11111111110100101011111011000011 6
b11111111110100101011111011000011 L
b11111111110100101011111011000011 j
b11111111110100101011111011000011 n
b11111111110100101011111011000011 /"
b11111111110100101011111011000011 7
b11111111110100101011111011000011 M
b11111111110100101011111011000011 b
b11111111110100101011111011000011 f
b11111111110100101011111011000011 0"
b1100000 1"
b1010111 ?
b1010111 y
b1010111 ~
b1010111 %"
b1010011 @
b1010011 z
b1010011 }
b1010011 $"
b1100000 5
b1100000 x
b1100000 ."
b1100000 ""
b101011 9
b101011 !"
1'
#3010000
0'
#3015000
b10000000000000000000000 6
b10000000000000000000000 L
b10000000000000000000000 j
b10000000000000000000000 n
b10000000000000000000000 /"
b0 7
b0 M
b0 b
b0 f
b0 0"
b11000011111011110001000 F
b11000011111011110001000 Z
b11000011111011110001000 s
b11000011111011110001000 w
b11000011111011110001000 J
b11000011111011110001000 k
b11000011111011110001000 u
b0 B
b0 S
b0 p
b0 ("
b0 D
b0 U
b0 V
b0 &"
b0 K
b0 W
b0 \
b0 o
b0 G
b0 ]
b0 c
b0 1"
b110000111110111100010000000000000000000000000 l
b0 d
b11000011111011110001000 :
b11000011111011110001000 N
b11000011111011110001000 e
b11000011111011110001000 m
b11000011111011110001000 *"
b0 A
b0 R
b0 r
b0 )"
b110000111110111100010000 C
b110000111110111100010000 T
b110000111110111100010000 Y
b110000111110111100010000 '"
b11000011111011110001000 <
b11000011111011110001000 P
b11000011111011110001000 [
b11000011111011110001000 t
b11000011111011110001000 ,"
b0 5
b0 x
b0 ."
b0 ""
b1011100 ?
b1011100 y
b1011100 ~
b1011100 %"
b1011000 @
b1011000 z
b1011000 }
b1011000 $"
b101100 9
b101100 !"
1'
#3020000
0'
#3025000
b1011010100000100111101 6
b1011010100000100111101 L
b1011010100000100111101 j
b1011010100000100111101 n
b1011010100000100111101 /"
b11111111110100101011111011000011 7
b11111111110100101011111011000011 M
b11111111110100101011111011000011 b
b11111111110100101011111011000011 f
b11111111110100101011111011000011 0"
b100000 1"
b0 F
b0 Z
b0 s
b0 w
b0 J
b0 k
b0 u
b1011101 ?
b1011101 y
b1011101 ~
b1011101 %"
b1011001 @
b1011001 z
b1011001 }
b1011001 $"
b100000 5
b100000 x
b100000 ."
b100000 ""
b0 l
b0 :
b0 N
b0 e
b0 m
b0 *"
b0 A
b0 R
b0 r
b0 )"
b0 C
b0 T
b0 Y
b0 '"
b0 <
b0 P
b0 [
b0 t
b0 ,"
b101101 9
b101101 !"
1'
#3030000
0'
#3035000
b0 6
b0 L
b0 j
b0 n
b0 /"
b11111111110000000000000000000000 7
b11111111110000000000000000000000 M
b11111111110000000000000000000000 b
b11111111110000000000000000000000 f
b11111111110000000000000000000000 0"
b1000000 1"
b1000000 5
b1000000 x
b1000000 ."
b1000000 ""
b1011110 ?
b1011110 y
b1011110 ~
b1011110 %"
b1011010 @
b1011010 z
b1011010 }
b1011010 $"
b101110 9
b101110 !"
1'
#3040000
0'
#3045000
b11111111110100101011111011000011 6
b11111111110100101011111011000011 L
b11111111110100101011111011000011 j
b11111111110100101011111011000011 n
b11111111110100101011111011000011 /"
b11111111110100101011111011000011 7
b11111111110100101011111011000011 M
b11111111110100101011111011000011 b
b11111111110100101011111011000011 f
b11111111110100101011111011000011 0"
b1100000 1"
b1011111 ?
b1011111 y
b1011111 ~
b1011111 %"
b1011011 @
b1011011 z
b1011011 }
b1011011 $"
b1100000 5
b1100000 x
b1100000 ."
b1100000 ""
b101111 9
b101111 !"
1'
#3050000
0'
#3055000
b10000000000000000000000 6
b10000000000000000000000 L
b10000000000000000000000 j
b10000000000000000000000 n
b10000000000000000000000 /"
b0 7
b0 M
b0 b
b0 f
b0 0"
b11000011111011110001000 F
b11000011111011110001000 Z
b11000011111011110001000 s
b11000011111011110001000 w
b11000011111011110001000 J
b11000011111011110001000 k
b11000011111011110001000 u
b0 B
b0 S
b0 p
b0 ("
b0 D
b0 U
b0 V
b0 &"
b0 K
b0 W
b0 \
b0 o
b0 G
b0 ]
b0 c
b0 1"
b110000111110111100010000000000000000000000000 l
b0 d
b11000011111011110001000 :
b11000011111011110001000 N
b11000011111011110001000 e
b11000011111011110001000 m
b11000011111011110001000 *"
b0 A
b0 R
b0 r
b0 )"
b110000111110111100010000 C
b110000111110111100010000 T
b110000111110111100010000 Y
b110000111110111100010000 '"
b11000011111011110001000 <
b11000011111011110001000 P
b11000011111011110001000 [
b11000011111011110001000 t
b11000011111011110001000 ,"
b0 5
b0 x
b0 ."
b0 ""
b1100100 ?
b1100100 y
b1100100 ~
b1100100 %"
b1100000 @
b1100000 z
b1100000 }
b1100000 $"
b110000 9
b110000 !"
1'
#3060000
0'
#3065000
b1011010100000100111101 6
b1011010100000100111101 L
b1011010100000100111101 j
b1011010100000100111101 n
b1011010100000100111101 /"
b11111111110100101011111011000011 7
b11111111110100101011111011000011 M
b11111111110100101011111011000011 b
b11111111110100101011111011000011 f
b11111111110100101011111011000011 0"
b100000 1"
b0 F
b0 Z
b0 s
b0 w
b0 J
b0 k
b0 u
b1100101 ?
b1100101 y
b1100101 ~
b1100101 %"
b1100001 @
b1100001 z
b1100001 }
b1100001 $"
b100000 5
b100000 x
b100000 ."
b100000 ""
b0 l
b0 :
b0 N
b0 e
b0 m
b0 *"
b0 A
b0 R
b0 r
b0 )"
b0 C
b0 T
b0 Y
b0 '"
b0 <
b0 P
b0 [
b0 t
b0 ,"
b110001 9
b110001 !"
1'
#3070000
0'
#3075000
b0 6
b0 L
b0 j
b0 n
b0 /"
b11111111110000000000000000000000 7
b11111111110000000000000000000000 M
b11111111110000000000000000000000 b
b11111111110000000000000000000000 f
b11111111110000000000000000000000 0"
b1000000 1"
b1000000 5
b1000000 x
b1000000 ."
b1000000 ""
b1100110 ?
b1100110 y
b1100110 ~
b1100110 %"
b1100010 @
b1100010 z
b1100010 }
b1100010 $"
b110010 9
b110010 !"
1'
#3080000
0'
#3085000
b11111111110100101011111011000011 6
b11111111110100101011111011000011 L
b11111111110100101011111011000011 j
b11111111110100101011111011000011 n
b11111111110100101011111011000011 /"
b11111111110100101011111011000011 7
b11111111110100101011111011000011 M
b11111111110100101011111011000011 b
b11111111110100101011111011000011 f
b11111111110100101011111011000011 0"
b1100000 1"
b1100111 ?
b1100111 y
b1100111 ~
b1100111 %"
b1100011 @
b1100011 z
b1100011 }
b1100011 $"
b1100000 5
b1100000 x
b1100000 ."
b1100000 ""
b110011 9
b110011 !"
1'
#3090000
0'
#3095000
b10000000000000000000000 6
b10000000000000000000000 L
b10000000000000000000000 j
b10000000000000000000000 n
b10000000000000000000000 /"
b0 7
b0 M
b0 b
b0 f
b0 0"
b11111111100111100000100001111000 F
b11111111100111100000100001111000 Z
b11111111100111100000100001111000 s
b11111111100111100000100001111000 w
b11111111100111100000100001111000 J
b11111111100111100000100001111000 k
b11111111100111100000100001111000 u
b0 B
b0 S
b0 p
b0 ("
b0 D
b0 U
b0 V
b0 &"
b0 K
b0 W
b0 \
b0 o
b0 G
b0 ]
b0 c
b0 1"
b1111111111111111111001111000001000011110000000000000000000000000 l
b0 d
b11111111100111100000100001111000 :
b11111111100111100000100001111000 N
b11111111100111100000100001111000 e
b11111111100111100000100001111000 m
b11111111100111100000100001111000 *"
b0 A
b0 R
b0 r
b0 )"
b11111111001111000001000011110000 C
b11111111001111000001000011110000 T
b11111111001111000001000011110000 Y
b11111111001111000001000011110000 '"
b11111111100111100000100001111000 <
b11111111100111100000100001111000 P
b11111111100111100000100001111000 [
b11111111100111100000100001111000 t
b11111111100111100000100001111000 ,"
b0 5
b0 x
b0 ."
b0 ""
b1101100 ?
b1101100 y
b1101100 ~
b1101100 %"
b1101000 @
b1101000 z
b1101000 }
b1101000 $"
b110100 9
b110100 !"
1'
#3100000
0'
#3105000
b1011010100000100111101 6
b1011010100000100111101 L
b1011010100000100111101 j
b1011010100000100111101 n
b1011010100000100111101 /"
b11111111110100101011111011000011 7
b11111111110100101011111011000011 M
b11111111110100101011111011000011 b
b11111111110100101011111011000011 f
b11111111110100101011111011000011 0"
b100000 1"
b0 F
b0 Z
b0 s
b0 w
b0 J
b0 k
b0 u
b1101101 ?
b1101101 y
b1101101 ~
b1101101 %"
b1101001 @
b1101001 z
b1101001 }
b1101001 $"
b100000 5
b100000 x
b100000 ."
b100000 ""
b0 l
b0 :
b0 N
b0 e
b0 m
b0 *"
b0 A
b0 R
b0 r
b0 )"
b0 C
b0 T
b0 Y
b0 '"
b0 <
b0 P
b0 [
b0 t
b0 ,"
b110101 9
b110101 !"
1'
#3110000
0'
#3115000
b0 6
b0 L
b0 j
b0 n
b0 /"
b11111111110000000000000000000000 7
b11111111110000000000000000000000 M
b11111111110000000000000000000000 b
b11111111110000000000000000000000 f
b11111111110000000000000000000000 0"
b1000000 1"
b1000000 5
b1000000 x
b1000000 ."
b1000000 ""
b1101110 ?
b1101110 y
b1101110 ~
b1101110 %"
b1101010 @
b1101010 z
b1101010 }
b1101010 $"
b110110 9
b110110 !"
1'
#3120000
0'
#3125000
b11111111110100101011111011000011 6
b11111111110100101011111011000011 L
b11111111110100101011111011000011 j
b11111111110100101011111011000011 n
b11111111110100101011111011000011 /"
b11111111110100101011111011000011 7
b11111111110100101011111011000011 M
b11111111110100101011111011000011 b
b11111111110100101011111011000011 f
b11111111110100101011111011000011 0"
b1100000 1"
b1101111 ?
b1101111 y
b1101111 ~
b1101111 %"
b1101011 @
b1101011 z
b1101011 }
b1101011 $"
b1100000 5
b1100000 x
b1100000 ."
b1100000 ""
b110111 9
b110111 !"
1'
#3130000
0'
#3135000
b10000000000000000000000 6
b10000000000000000000000 L
b10000000000000000000000 j
b10000000000000000000000 n
b10000000000000000000000 /"
b0 7
b0 M
b0 b
b0 f
b0 0"
b11111111000100110111110010100100 F
b11111111000100110111110010100100 Z
b11111111000100110111110010100100 s
b11111111000100110111110010100100 w
b11111111000100110111110010100100 J
b11111111000100110111110010100100 k
b11111111000100110111110010100100 u
b0 B
b0 S
b0 p
b0 ("
b0 D
b0 U
b0 V
b0 &"
b0 K
b0 W
b0 \
b0 o
b0 G
b0 ]
b0 c
b0 1"
b1111111111111111110001001101111100101001000000000000000000000000 l
b0 d
b11111111000100110111110010100100 :
b11111111000100110111110010100100 N
b11111111000100110111110010100100 e
b11111111000100110111110010100100 m
b11111111000100110111110010100100 *"
b0 A
b0 R
b0 r
b0 )"
b11111110001001101111100101001000 C
b11111110001001101111100101001000 T
b11111110001001101111100101001000 Y
b11111110001001101111100101001000 '"
b11111111000100110111110010100100 <
b11111111000100110111110010100100 P
b11111111000100110111110010100100 [
b11111111000100110111110010100100 t
b11111111000100110111110010100100 ,"
b0 5
b0 x
b0 ."
b0 ""
b1110100 ?
b1110100 y
b1110100 ~
b1110100 %"
b1110000 @
b1110000 z
b1110000 }
b1110000 $"
b111000 9
b111000 !"
1'
#3140000
0'
#3145000
b1011010100000100111101 6
b1011010100000100111101 L
b1011010100000100111101 j
b1011010100000100111101 n
b1011010100000100111101 /"
b11111111110100101011111011000011 7
b11111111110100101011111011000011 M
b11111111110100101011111011000011 b
b11111111110100101011111011000011 f
b11111111110100101011111011000011 0"
b100000 1"
b0 F
b0 Z
b0 s
b0 w
b0 J
b0 k
b0 u
b1110101 ?
b1110101 y
b1110101 ~
b1110101 %"
b1110001 @
b1110001 z
b1110001 }
b1110001 $"
b100000 5
b100000 x
b100000 ."
b100000 ""
b0 l
b0 :
b0 N
b0 e
b0 m
b0 *"
b0 A
b0 R
b0 r
b0 )"
b0 C
b0 T
b0 Y
b0 '"
b0 <
b0 P
b0 [
b0 t
b0 ,"
b111001 9
b111001 !"
1'
#3150000
0'
#3155000
b0 6
b0 L
b0 j
b0 n
b0 /"
b11111111110000000000000000000000 7
b11111111110000000000000000000000 M
b11111111110000000000000000000000 b
b11111111110000000000000000000000 f
b11111111110000000000000000000000 0"
b1000000 1"
b1000000 5
b1000000 x
b1000000 ."
b1000000 ""
b1110110 ?
b1110110 y
b1110110 ~
b1110110 %"
b1110010 @
b1110010 z
b1110010 }
b1110010 $"
b111010 9
b111010 !"
1'
#3160000
0'
#3165000
b11111111110100101011111011000011 6
b11111111110100101011111011000011 L
b11111111110100101011111011000011 j
b11111111110100101011111011000011 n
b11111111110100101011111011000011 /"
b11111111110100101011111011000011 7
b11111111110100101011111011000011 M
b11111111110100101011111011000011 b
b11111111110100101011111011000011 f
b11111111110100101011111011000011 0"
b1100000 1"
b1110111 ?
b1110111 y
b1110111 ~
b1110111 %"
b1110011 @
b1110011 z
b1110011 }
b1110011 $"
b1100000 5
b1100000 x
b1100000 ."
b1100000 ""
b111011 9
b111011 !"
1'
#3170000
0'
#3175000
b10000000000000000000000 6
b10000000000000000000000 L
b10000000000000000000000 j
b10000000000000000000000 n
b10000000000000000000000 /"
b0 7
b0 M
b0 b
b0 f
b0 0"
b111011001000001101011100 F
b111011001000001101011100 Z
b111011001000001101011100 s
b111011001000001101011100 w
b111011001000001101011100 J
b111011001000001101011100 k
b111011001000001101011100 u
b0 B
b0 S
b0 p
b0 ("
b0 D
b0 U
b0 V
b0 &"
b0 K
b0 W
b0 \
b0 o
b0 G
b0 ]
b0 c
b0 1"
b1110110010000011010111000000000000000000000000 l
b0 d
b111011001000001101011100 :
b111011001000001101011100 N
b111011001000001101011100 e
b111011001000001101011100 m
b111011001000001101011100 *"
b0 A
b0 R
b0 r
b0 )"
b1110110010000011010111000 C
b1110110010000011010111000 T
b1110110010000011010111000 Y
b1110110010000011010111000 '"
b111011001000001101011100 <
b111011001000001101011100 P
b111011001000001101011100 [
b111011001000001101011100 t
b111011001000001101011100 ,"
b0 5
b0 x
b0 ."
b0 ""
b1111100 ?
b1111100 y
b1111100 ~
b1111100 %"
b1111000 @
b1111000 z
b1111000 }
b1111000 $"
b111100 9
b111100 !"
1'
#3180000
0'
#3185000
b1011010100000100111101 6
b1011010100000100111101 L
b1011010100000100111101 j
b1011010100000100111101 n
b1011010100000100111101 /"
b11111111110100101011111011000011 7
b11111111110100101011111011000011 M
b11111111110100101011111011000011 b
b11111111110100101011111011000011 f
b11111111110100101011111011000011 0"
b100000 1"
b0 F
b0 Z
b0 s
b0 w
b0 J
b0 k
b0 u
b1111101 ?
b1111101 y
b1111101 ~
b1111101 %"
b1111001 @
b1111001 z
b1111001 }
b1111001 $"
b100000 5
b100000 x
b100000 ."
b100000 ""
b0 l
b0 :
b0 N
b0 e
b0 m
b0 *"
b0 A
b0 R
b0 r
b0 )"
b0 C
b0 T
b0 Y
b0 '"
b0 <
b0 P
b0 [
b0 t
b0 ,"
b111101 9
b111101 !"
1'
#3190000
0'
#3195000
b0 6
b0 L
b0 j
b0 n
b0 /"
b11111111110000000000000000000000 7
b11111111110000000000000000000000 M
b11111111110000000000000000000000 b
b11111111110000000000000000000000 f
b11111111110000000000000000000000 0"
b1000000 1"
b1000000 5
b1000000 x
b1000000 ."
b1000000 ""
b1111110 ?
b1111110 y
b1111110 ~
b1111110 %"
b1111010 @
b1111010 z
b1111010 }
b1111010 $"
b111110 9
b111110 !"
1'
#3200000
0'
#3205000
b11111111110100101011111011000011 6
b11111111110100101011111011000011 L
b11111111110100101011111011000011 j
b11111111110100101011111011000011 n
b11111111110100101011111011000011 /"
b11111111110100101011111011000011 7
b11111111110100101011111011000011 M
b11111111110100101011111011000011 b
b11111111110100101011111011000011 f
b11111111110100101011111011000011 0"
b1100000 1"
b1111111 ?
b1111111 y
b1111111 ~
b1111111 %"
b1111011 @
b1111011 z
b1111011 }
b1111011 $"
b1100000 5
b1100000 x
b1100000 ."
b1100000 ""
b111111 9
b111111 !"
1'
#3210000
0'
#3215000
b10000000000000000000000 6
b10000000000000000000000 L
b10000000000000000000000 j
b10000000000000000000000 n
b10000000000000000000000 /"
b0 7
b0 M
b0 b
b0 f
b0 0"
b111110110001010010111100 F
b111110110001010010111100 Z
b111110110001010010111100 s
b111110110001010010111100 w
b111110110001010010111100 J
b111110110001010010111100 k
b111110110001010010111100 u
b0 B
b0 S
b0 p
b0 ("
b0 D
b0 U
b0 V
b0 &"
b0 K
b0 W
b0 \
b0 o
b0 G
b0 ]
b0 c
b0 1"
b1111101100010100101111000000000000000000000000 l
b0 d
b111110110001010010111100 :
b111110110001010010111100 N
b111110110001010010111100 e
b111110110001010010111100 m
b111110110001010010111100 *"
b0 A
b0 R
b0 r
b0 )"
b1111101100010100101111000 C
b1111101100010100101111000 T
b1111101100010100101111000 Y
b1111101100010100101111000 '"
b111110110001010010111100 <
b111110110001010010111100 P
b111110110001010010111100 [
b111110110001010010111100 t
b111110110001010010111100 ,"
b0 5
b0 x
b0 ."
b0 ""
b10000100 ?
b10000100 y
b10000100 ~
b10000100 %"
b10000000 @
b10000000 z
b10000000 }
b10000000 $"
b1000000 9
b1000000 !"
1'
#3220000
0'
#3225000
b1011010100000100111101 6
b1011010100000100111101 L
b1011010100000100111101 j
b1011010100000100111101 n
b1011010100000100111101 /"
b11111111110100101011111011000011 7
b11111111110100101011111011000011 M
b11111111110100101011111011000011 b
b11111111110100101011111011000011 f
b11111111110100101011111011000011 0"
b100000 1"
b0 F
b0 Z
b0 s
b0 w
b0 J
b0 k
b0 u
b10000101 ?
b10000101 y
b10000101 ~
b10000101 %"
b10000001 @
b10000001 z
b10000001 }
b10000001 $"
b100000 5
b100000 x
b100000 ."
b100000 ""
b0 l
b0 :
b0 N
b0 e
b0 m
b0 *"
b0 A
b0 R
b0 r
b0 )"
b0 C
b0 T
b0 Y
b0 '"
b0 <
b0 P
b0 [
b0 t
b0 ,"
b1000001 9
b1000001 !"
1'
#3230000
0'
#3235000
b0 6
b0 L
b0 j
b0 n
b0 /"
b11111111110000000000000000000000 7
b11111111110000000000000000000000 M
b11111111110000000000000000000000 b
b11111111110000000000000000000000 f
b11111111110000000000000000000000 0"
b1000000 1"
b1000000 5
b1000000 x
b1000000 ."
b1000000 ""
b10000110 ?
b10000110 y
b10000110 ~
b10000110 %"
b10000010 @
b10000010 z
b10000010 }
b10000010 $"
b1000010 9
b1000010 !"
1'
#3240000
0'
#3245000
b11111111110100101011111011000011 6
b11111111110100101011111011000011 L
b11111111110100101011111011000011 j
b11111111110100101011111011000011 n
b11111111110100101011111011000011 /"
b11111111110100101011111011000011 7
b11111111110100101011111011000011 M
b11111111110100101011111011000011 b
b11111111110100101011111011000011 f
b11111111110100101011111011000011 0"
b1100000 1"
b10000111 ?
b10000111 y
b10000111 ~
b10000111 %"
b10000011 @
b10000011 z
b10000011 }
b10000011 $"
b1100000 5
b1100000 x
b1100000 ."
b1100000 ""
b1000011 9
b1000011 !"
1'
#3250000
0'
#3255000
b10000000000000000000000 6
b10000000000000000000000 L
b10000000000000000000000 j
b10000000000000000000000 n
b10000000000000000000000 /"
b0 7
b0 M
b0 b
b0 f
b0 0"
b11111111000001001110101101000100 F
b11111111000001001110101101000100 Z
b11111111000001001110101101000100 s
b11111111000001001110101101000100 w
b11111111000001001110101101000100 J
b11111111000001001110101101000100 k
b11111111000001001110101101000100 u
b0 B
b0 S
b0 p
b0 ("
b0 D
b0 U
b0 V
b0 &"
b0 K
b0 W
b0 \
b0 o
b0 G
b0 ]
b0 c
b0 1"
b1111111111111111110000010011101011010001000000000000000000000000 l
b0 d
b11111111000001001110101101000100 :
b11111111000001001110101101000100 N
b11111111000001001110101101000100 e
b11111111000001001110101101000100 m
b11111111000001001110101101000100 *"
b0 A
b0 R
b0 r
b0 )"
b11111110000010011101011010001000 C
b11111110000010011101011010001000 T
b11111110000010011101011010001000 Y
b11111110000010011101011010001000 '"
b11111111000001001110101101000100 <
b11111111000001001110101101000100 P
b11111111000001001110101101000100 [
b11111111000001001110101101000100 t
b11111111000001001110101101000100 ,"
b0 5
b0 x
b0 ."
b0 ""
b10001100 ?
b10001100 y
b10001100 ~
b10001100 %"
b10001000 @
b10001000 z
b10001000 }
b10001000 $"
b1000100 9
b1000100 !"
1'
#3260000
0'
#3265000
b1011010100000100111101 6
b1011010100000100111101 L
b1011010100000100111101 j
b1011010100000100111101 n
b1011010100000100111101 /"
b11111111110100101011111011000011 7
b11111111110100101011111011000011 M
b11111111110100101011111011000011 b
b11111111110100101011111011000011 f
b11111111110100101011111011000011 0"
b100000 1"
b0 F
b0 Z
b0 s
b0 w
b0 J
b0 k
b0 u
b10001101 ?
b10001101 y
b10001101 ~
b10001101 %"
b10001001 @
b10001001 z
b10001001 }
b10001001 $"
b100000 5
b100000 x
b100000 ."
b100000 ""
b0 l
b0 :
b0 N
b0 e
b0 m
b0 *"
b0 A
b0 R
b0 r
b0 )"
b0 C
b0 T
b0 Y
b0 '"
b0 <
b0 P
b0 [
b0 t
b0 ,"
b1000101 9
b1000101 !"
1'
#3270000
0'
#3275000
b0 6
b0 L
b0 j
b0 n
b0 /"
b11111111110000000000000000000000 7
b11111111110000000000000000000000 M
b11111111110000000000000000000000 b
b11111111110000000000000000000000 f
b11111111110000000000000000000000 0"
b1000000 1"
b1000000 5
b1000000 x
b1000000 ."
b1000000 ""
b10001110 ?
b10001110 y
b10001110 ~
b10001110 %"
b10001010 @
b10001010 z
b10001010 }
b10001010 $"
b1000110 9
b1000110 !"
1'
#3280000
0'
#3285000
b11111111110100101011111011000011 6
b11111111110100101011111011000011 L
b11111111110100101011111011000011 j
b11111111110100101011111011000011 n
b11111111110100101011111011000011 /"
b11111111110100101011111011000011 7
b11111111110100101011111011000011 M
b11111111110100101011111011000011 b
b11111111110100101011111011000011 f
b11111111110100101011111011000011 0"
b1100000 1"
b10001111 ?
b10001111 y
b10001111 ~
b10001111 %"
b10001011 @
b10001011 z
b10001011 }
b10001011 $"
b1100000 5
b1100000 x
b1100000 ."
b1100000 ""
b1000111 9
b1000111 !"
1'
#3290000
0'
#3295000
b10000000000000000000000 6
b10000000000000000000000 L
b10000000000000000000000 j
b10000000000000000000000 n
b10000000000000000000000 /"
b0 7
b0 M
b0 b
b0 f
b0 0"
b11111111110011100000111010010000 F
b11111111110011100000111010010000 Z
b11111111110011100000111010010000 s
b11111111110011100000111010010000 w
b11111111110011100000111010010000 J
b11111111110011100000111010010000 k
b11111111110011100000111010010000 u
b0 B
b0 S
b0 p
b0 ("
b0 D
b0 U
b0 V
b0 &"
b0 K
b0 W
b0 \
b0 o
b0 G
b0 ]
b0 c
b0 1"
b1111111111111111111100111000001110100100000000000000000000000000 l
b0 d
b11111111110011100000111010010000 :
b11111111110011100000111010010000 N
b11111111110011100000111010010000 e
b11111111110011100000111010010000 m
b11111111110011100000111010010000 *"
b0 A
b0 R
b0 r
b0 )"
b11111111100111000001110100100000 C
b11111111100111000001110100100000 T
b11111111100111000001110100100000 Y
b11111111100111000001110100100000 '"
b11111111110011100000111010010000 <
b11111111110011100000111010010000 P
b11111111110011100000111010010000 [
b11111111110011100000111010010000 t
b11111111110011100000111010010000 ,"
b0 5
b0 x
b0 ."
b0 ""
b10010100 ?
b10010100 y
b10010100 ~
b10010100 %"
b10010000 @
b10010000 z
b10010000 }
b10010000 $"
b1001000 9
b1001000 !"
1'
#3300000
0'
#3305000
b1011010100000100111101 6
b1011010100000100111101 L
b1011010100000100111101 j
b1011010100000100111101 n
b1011010100000100111101 /"
b11111111110100101011111011000011 7
b11111111110100101011111011000011 M
b11111111110100101011111011000011 b
b11111111110100101011111011000011 f
b11111111110100101011111011000011 0"
b100000 1"
b0 F
b0 Z
b0 s
b0 w
b0 J
b0 k
b0 u
b10010101 ?
b10010101 y
b10010101 ~
b10010101 %"
b10010001 @
b10010001 z
b10010001 }
b10010001 $"
b100000 5
b100000 x
b100000 ."
b100000 ""
b0 l
b0 :
b0 N
b0 e
b0 m
b0 *"
b0 A
b0 R
b0 r
b0 )"
b0 C
b0 T
b0 Y
b0 '"
b0 <
b0 P
b0 [
b0 t
b0 ,"
b1001001 9
b1001001 !"
1'
#3310000
0'
#3315000
b0 6
b0 L
b0 j
b0 n
b0 /"
b11111111110000000000000000000000 7
b11111111110000000000000000000000 M
b11111111110000000000000000000000 b
b11111111110000000000000000000000 f
b11111111110000000000000000000000 0"
b1000000 1"
b1000000 5
b1000000 x
b1000000 ."
b1000000 ""
b10010110 ?
b10010110 y
b10010110 ~
b10010110 %"
b10010010 @
b10010010 z
b10010010 }
b10010010 $"
b1001010 9
b1001010 !"
1'
#3320000
0'
#3325000
b11111111110100101011111011000011 6
b11111111110100101011111011000011 L
b11111111110100101011111011000011 j
b11111111110100101011111011000011 n
b11111111110100101011111011000011 /"
b11111111110100101011111011000011 7
b11111111110100101011111011000011 M
b11111111110100101011111011000011 b
b11111111110100101011111011000011 f
b11111111110100101011111011000011 0"
b1100000 1"
b10010111 ?
b10010111 y
b10010111 ~
b10010111 %"
b10010011 @
b10010011 z
b10010011 }
b10010011 $"
b1100000 5
b1100000 x
b1100000 ."
b1100000 ""
b1001011 9
b1001011 !"
1'
#3330000
0'
#3335000
b10000000000000000000000 6
b10000000000000000000000 L
b10000000000000000000000 j
b10000000000000000000000 n
b10000000000000000000000 /"
b0 7
b0 M
b0 b
b0 f
b0 0"
b1100011111000101110000 F
b1100011111000101110000 Z
b1100011111000101110000 s
b1100011111000101110000 w
b1100011111000101110000 J
b1100011111000101110000 k
b1100011111000101110000 u
b0 B
b0 S
b0 p
b0 ("
b0 D
b0 U
b0 V
b0 &"
b0 K
b0 W
b0 \
b0 o
b0 G
b0 ]
b0 c
b0 1"
b11000111110001011100000000000000000000000000 l
b0 d
b1100011111000101110000 :
b1100011111000101110000 N
b1100011111000101110000 e
b1100011111000101110000 m
b1100011111000101110000 *"
b0 A
b0 R
b0 r
b0 )"
b11000111110001011100000 C
b11000111110001011100000 T
b11000111110001011100000 Y
b11000111110001011100000 '"
b1100011111000101110000 <
b1100011111000101110000 P
b1100011111000101110000 [
b1100011111000101110000 t
b1100011111000101110000 ,"
b0 5
b0 x
b0 ."
b0 ""
b10011100 ?
b10011100 y
b10011100 ~
b10011100 %"
b10011000 @
b10011000 z
b10011000 }
b10011000 $"
b1001100 9
b1001100 !"
1'
#3340000
0'
#3345000
b1011010100000100111101 6
b1011010100000100111101 L
b1011010100000100111101 j
b1011010100000100111101 n
b1011010100000100111101 /"
b11111111110100101011111011000011 7
b11111111110100101011111011000011 M
b11111111110100101011111011000011 b
b11111111110100101011111011000011 f
b11111111110100101011111011000011 0"
b100000 1"
b0 F
b0 Z
b0 s
b0 w
b0 J
b0 k
b0 u
b10011101 ?
b10011101 y
b10011101 ~
b10011101 %"
b10011001 @
b10011001 z
b10011001 }
b10011001 $"
b100000 5
b100000 x
b100000 ."
b100000 ""
b0 l
b0 :
b0 N
b0 e
b0 m
b0 *"
b0 A
b0 R
b0 r
b0 )"
b0 C
b0 T
b0 Y
b0 '"
b0 <
b0 P
b0 [
b0 t
b0 ,"
b1001101 9
b1001101 !"
1'
#3350000
0'
#3355000
b0 6
b0 L
b0 j
b0 n
b0 /"
b11111111110000000000000000000000 7
b11111111110000000000000000000000 M
b11111111110000000000000000000000 b
b11111111110000000000000000000000 f
b11111111110000000000000000000000 0"
b1000000 1"
b1000000 5
b1000000 x
b1000000 ."
b1000000 ""
b10011110 ?
b10011110 y
b10011110 ~
b10011110 %"
b10011010 @
b10011010 z
b10011010 }
b10011010 $"
b1001110 9
b1001110 !"
1'
#3360000
0'
#3365000
b11111111110100101011111011000011 6
b11111111110100101011111011000011 L
b11111111110100101011111011000011 j
b11111111110100101011111011000011 n
b11111111110100101011111011000011 /"
b11111111110100101011111011000011 7
b11111111110100101011111011000011 M
b11111111110100101011111011000011 b
b11111111110100101011111011000011 f
b11111111110100101011111011000011 0"
b1100000 1"
b10011111 ?
b10011111 y
b10011111 ~
b10011111 %"
b10011011 @
b10011011 z
b10011011 }
b10011011 $"
b1100000 5
b1100000 x
b1100000 ."
b1100000 ""
b1001111 9
b1001111 !"
1'
#3370000
0'
#3375000
b10000000000000000000000 6
b10000000000000000000000 L
b10000000000000000000000 j
b10000000000000000000000 n
b10000000000000000000000 /"
b0 7
b0 M
b0 b
b0 f
b0 0"
b100011100011100111011000 F
b100011100011100111011000 Z
b100011100011100111011000 s
b100011100011100111011000 w
b100011100011100111011000 J
b100011100011100111011000 k
b100011100011100111011000 u
b0 B
b0 S
b0 p
b0 ("
b0 D
b0 U
b0 V
b0 &"
b0 K
b0 W
b0 \
b0 o
b0 G
b0 ]
b0 c
b0 1"
b1000111000111001110110000000000000000000000000 l
b0 d
b100011100011100111011000 :
b100011100011100111011000 N
b100011100011100111011000 e
b100011100011100111011000 m
b100011100011100111011000 *"
b0 A
b0 R
b0 r
b0 )"
b1000111000111001110110000 C
b1000111000111001110110000 T
b1000111000111001110110000 Y
b1000111000111001110110000 '"
b100011100011100111011000 <
b100011100011100111011000 P
b100011100011100111011000 [
b100011100011100111011000 t
b100011100011100111011000 ,"
b0 5
b0 x
b0 ."
b0 ""
b10100100 ?
b10100100 y
b10100100 ~
b10100100 %"
b10100000 @
b10100000 z
b10100000 }
b10100000 $"
b1010000 9
b1010000 !"
1'
#3380000
0'
#3385000
b1011010100000100111101 6
b1011010100000100111101 L
b1011010100000100111101 j
b1011010100000100111101 n
b1011010100000100111101 /"
b11111111110100101011111011000011 7
b11111111110100101011111011000011 M
b11111111110100101011111011000011 b
b11111111110100101011111011000011 f
b11111111110100101011111011000011 0"
b100000 1"
b0 F
b0 Z
b0 s
b0 w
b0 J
b0 k
b0 u
b10100101 ?
b10100101 y
b10100101 ~
b10100101 %"
b10100001 @
b10100001 z
b10100001 }
b10100001 $"
b100000 5
b100000 x
b100000 ."
b100000 ""
b0 l
b0 :
b0 N
b0 e
b0 m
b0 *"
b0 A
b0 R
b0 r
b0 )"
b0 C
b0 T
b0 Y
b0 '"
b0 <
b0 P
b0 [
b0 t
b0 ,"
b1010001 9
b1010001 !"
1'
#3390000
0'
#3395000
b0 6
b0 L
b0 j
b0 n
b0 /"
b11111111110000000000000000000000 7
b11111111110000000000000000000000 M
b11111111110000000000000000000000 b
b11111111110000000000000000000000 f
b11111111110000000000000000000000 0"
b1000000 1"
b1000000 5
b1000000 x
b1000000 ."
b1000000 ""
b10100110 ?
b10100110 y
b10100110 ~
b10100110 %"
b10100010 @
b10100010 z
b10100010 }
b10100010 $"
b1010010 9
b1010010 !"
1'
#3400000
0'
#3405000
b11111111110100101011111011000011 6
b11111111110100101011111011000011 L
b11111111110100101011111011000011 j
b11111111110100101011111011000011 n
b11111111110100101011111011000011 /"
b11111111110100101011111011000011 7
b11111111110100101011111011000011 M
b11111111110100101011111011000011 b
b11111111110100101011111011000011 f
b11111111110100101011111011000011 0"
b1100000 1"
b10100111 ?
b10100111 y
b10100111 ~
b10100111 %"
b10100011 @
b10100011 z
b10100011 }
b10100011 $"
b1100000 5
b1100000 x
b1100000 ."
b1100000 ""
b1010011 9
b1010011 !"
1'
#3410000
0'
#3415000
b10000000000000000000000 6
b10000000000000000000000 L
b10000000000000000000000 j
b10000000000000000000000 n
b10000000000000000000000 /"
b0 7
b0 M
b0 b
b0 f
b0 0"
b11111111011100011100011000101000 F
b11111111011100011100011000101000 Z
b11111111011100011100011000101000 s
b11111111011100011100011000101000 w
b11111111011100011100011000101000 J
b11111111011100011100011000101000 k
b11111111011100011100011000101000 u
b0 B
b0 S
b0 p
b0 ("
b0 D
b0 U
b0 V
b0 &"
b0 K
b0 W
b0 \
b0 o
b0 G
b0 ]
b0 c
b0 1"
b1111111111111111110111000111000110001010000000000000000000000000 l
b0 d
b11111111011100011100011000101000 :
b11111111011100011100011000101000 N
b11111111011100011100011000101000 e
b11111111011100011100011000101000 m
b11111111011100011100011000101000 *"
b0 A
b0 R
b0 r
b0 )"
b11111110111000111000110001010000 C
b11111110111000111000110001010000 T
b11111110111000111000110001010000 Y
b11111110111000111000110001010000 '"
b11111111011100011100011000101000 <
b11111111011100011100011000101000 P
b11111111011100011100011000101000 [
b11111111011100011100011000101000 t
b11111111011100011100011000101000 ,"
b0 5
b0 x
b0 ."
b0 ""
b10101100 ?
b10101100 y
b10101100 ~
b10101100 %"
b10101000 @
b10101000 z
b10101000 }
b10101000 $"
b1010100 9
b1010100 !"
1'
#3420000
0'
#3425000
b1011010100000100111101 6
b1011010100000100111101 L
b1011010100000100111101 j
b1011010100000100111101 n
b1011010100000100111101 /"
b11111111110100101011111011000011 7
b11111111110100101011111011000011 M
b11111111110100101011111011000011 b
b11111111110100101011111011000011 f
b11111111110100101011111011000011 0"
b100000 1"
b0 F
b0 Z
b0 s
b0 w
b0 J
b0 k
b0 u
b10101101 ?
b10101101 y
b10101101 ~
b10101101 %"
b10101001 @
b10101001 z
b10101001 }
b10101001 $"
b100000 5
b100000 x
b100000 ."
b100000 ""
b0 l
b0 :
b0 N
b0 e
b0 m
b0 *"
b0 A
b0 R
b0 r
b0 )"
b0 C
b0 T
b0 Y
b0 '"
b0 <
b0 P
b0 [
b0 t
b0 ,"
b1010101 9
b1010101 !"
1'
#3430000
0'
#3435000
b0 6
b0 L
b0 j
b0 n
b0 /"
b11111111110000000000000000000000 7
b11111111110000000000000000000000 M
b11111111110000000000000000000000 b
b11111111110000000000000000000000 f
b11111111110000000000000000000000 0"
b1000000 1"
b1000000 5
b1000000 x
b1000000 ."
b1000000 ""
b10101110 ?
b10101110 y
b10101110 ~
b10101110 %"
b10101010 @
b10101010 z
b10101010 }
b10101010 $"
b1010110 9
b1010110 !"
1'
#3440000
0'
#3445000
b11111111110100101011111011000011 6
b11111111110100101011111011000011 L
b11111111110100101011111011000011 j
b11111111110100101011111011000011 n
b11111111110100101011111011000011 /"
b11111111110100101011111011000011 7
b11111111110100101011111011000011 M
b11111111110100101011111011000011 b
b11111111110100101011111011000011 f
b11111111110100101011111011000011 0"
b1100000 1"
b10101111 ?
b10101111 y
b10101111 ~
b10101111 %"
b10101011 @
b10101011 z
b10101011 }
b10101011 $"
b1100000 5
b1100000 x
b1100000 ."
b1100000 ""
b1010111 9
b1010111 !"
1'
#3450000
0'
#3455000
b10000000000000000000000 6
b10000000000000000000000 L
b10000000000000000000000 j
b10000000000000000000000 n
b10000000000000000000000 /"
b0 7
b0 M
b0 b
b0 f
b0 0"
b11111111001010110010010011010000 F
b11111111001010110010010011010000 Z
b11111111001010110010010011010000 s
b11111111001010110010010011010000 w
b11111111001010110010010011010000 J
b11111111001010110010010011010000 k
b11111111001010110010010011010000 u
b0 B
b0 S
b0 p
b0 ("
b0 D
b0 U
b0 V
b0 &"
b0 K
b0 W
b0 \
b0 o
b0 G
b0 ]
b0 c
b0 1"
b1111111111111111110010101100100100110100000000000000000000000000 l
b0 d
b11111111001010110010010011010000 :
b11111111001010110010010011010000 N
b11111111001010110010010011010000 e
b11111111001010110010010011010000 m
b11111111001010110010010011010000 *"
b0 A
b0 R
b0 r
b0 )"
b11111110010101100100100110100000 C
b11111110010101100100100110100000 T
b11111110010101100100100110100000 Y
b11111110010101100100100110100000 '"
b11111111001010110010010011010000 <
b11111111001010110010010011010000 P
b11111111001010110010010011010000 [
b11111111001010110010010011010000 t
b11111111001010110010010011010000 ,"
b0 5
b0 x
b0 ."
b0 ""
b10110100 ?
b10110100 y
b10110100 ~
b10110100 %"
b10110000 @
b10110000 z
b10110000 }
b10110000 $"
b1011000 9
b1011000 !"
1'
#3460000
0'
#3465000
b1011010100000100111101 6
b1011010100000100111101 L
b1011010100000100111101 j
b1011010100000100111101 n
b1011010100000100111101 /"
b11111111110100101011111011000011 7
b11111111110100101011111011000011 M
b11111111110100101011111011000011 b
b11111111110100101011111011000011 f
b11111111110100101011111011000011 0"
b100000 1"
b0 F
b0 Z
b0 s
b0 w
b0 J
b0 k
b0 u
b10110101 ?
b10110101 y
b10110101 ~
b10110101 %"
b10110001 @
b10110001 z
b10110001 }
b10110001 $"
b100000 5
b100000 x
b100000 ."
b100000 ""
b0 l
b0 :
b0 N
b0 e
b0 m
b0 *"
b0 A
b0 R
b0 r
b0 )"
b0 C
b0 T
b0 Y
b0 '"
b0 <
b0 P
b0 [
b0 t
b0 ,"
b1011001 9
b1011001 !"
1'
#3470000
0'
#3475000
b0 6
b0 L
b0 j
b0 n
b0 /"
b11111111110000000000000000000000 7
b11111111110000000000000000000000 M
b11111111110000000000000000000000 b
b11111111110000000000000000000000 f
b11111111110000000000000000000000 0"
b1000000 1"
b1000000 5
b1000000 x
b1000000 ."
b1000000 ""
b10110110 ?
b10110110 y
b10110110 ~
b10110110 %"
b10110010 @
b10110010 z
b10110010 }
b10110010 $"
b1011010 9
b1011010 !"
1'
#3480000
0'
#3485000
b11111111110100101011111011000011 6
b11111111110100101011111011000011 L
b11111111110100101011111011000011 j
b11111111110100101011111011000011 n
b11111111110100101011111011000011 /"
b11111111110100101011111011000011 7
b11111111110100101011111011000011 M
b11111111110100101011111011000011 b
b11111111110100101011111011000011 f
b11111111110100101011111011000011 0"
b1100000 1"
b10110111 ?
b10110111 y
b10110111 ~
b10110111 %"
b10110011 @
b10110011 z
b10110011 }
b10110011 $"
b1100000 5
b1100000 x
b1100000 ."
b1100000 ""
b1011011 9
b1011011 !"
1'
#3490000
0'
#3495000
b10000000000000000000000 6
b10000000000000000000000 L
b10000000000000000000000 j
b10000000000000000000000 n
b10000000000000000000000 /"
b0 7
b0 M
b0 b
b0 f
b0 0"
b110101001101101100110000 F
b110101001101101100110000 Z
b110101001101101100110000 s
b110101001101101100110000 w
b110101001101101100110000 J
b110101001101101100110000 k
b110101001101101100110000 u
b0 B
b0 S
b0 p
b0 ("
b0 D
b0 U
b0 V
b0 &"
b0 K
b0 W
b0 \
b0 o
b0 G
b0 ]
b0 c
b0 1"
b1101010011011011001100000000000000000000000000 l
b0 d
b110101001101101100110000 :
b110101001101101100110000 N
b110101001101101100110000 e
b110101001101101100110000 m
b110101001101101100110000 *"
b0 A
b0 R
b0 r
b0 )"
b1101010011011011001100000 C
b1101010011011011001100000 T
b1101010011011011001100000 Y
b1101010011011011001100000 '"
b110101001101101100110000 <
b110101001101101100110000 P
b110101001101101100110000 [
b110101001101101100110000 t
b110101001101101100110000 ,"
b0 5
b0 x
b0 ."
b0 ""
b10111100 ?
b10111100 y
b10111100 ~
b10111100 %"
b10111000 @
b10111000 z
b10111000 }
b10111000 $"
b1011100 9
b1011100 !"
1'
#3500000
0'
#3505000
b1011010100000100111101 6
b1011010100000100111101 L
b1011010100000100111101 j
b1011010100000100111101 n
b1011010100000100111101 /"
b11111111110100101011111011000011 7
b11111111110100101011111011000011 M
b11111111110100101011111011000011 b
b11111111110100101011111011000011 f
b11111111110100101011111011000011 0"
b100000 1"
b0 F
b0 Z
b0 s
b0 w
b0 J
b0 k
b0 u
b10111101 ?
b10111101 y
b10111101 ~
b10111101 %"
b10111001 @
b10111001 z
b10111001 }
b10111001 $"
b100000 5
b100000 x
b100000 ."
b100000 ""
b0 l
b0 :
b0 N
b0 e
b0 m
b0 *"
b0 A
b0 R
b0 r
b0 )"
b0 C
b0 T
b0 Y
b0 '"
b0 <
b0 P
b0 [
b0 t
b0 ,"
b1011101 9
b1011101 !"
1'
#3510000
0'
#3515000
b0 6
b0 L
b0 j
b0 n
b0 /"
b11111111110000000000000000000000 7
b11111111110000000000000000000000 M
b11111111110000000000000000000000 b
b11111111110000000000000000000000 f
b11111111110000000000000000000000 0"
b1000000 1"
b1000000 5
b1000000 x
b1000000 ."
b1000000 ""
b10111110 ?
b10111110 y
b10111110 ~
b10111110 %"
b10111010 @
b10111010 z
b10111010 }
b10111010 $"
b1011110 9
b1011110 !"
1'
#3520000
0'
#3525000
b11111111110100101011111011000011 6
b11111111110100101011111011000011 L
b11111111110100101011111011000011 j
b11111111110100101011111011000011 n
b11111111110100101011111011000011 /"
b11111111110100101011111011000011 7
b11111111110100101011111011000011 M
b11111111110100101011111011000011 b
b11111111110100101011111011000011 f
b11111111110100101011111011000011 0"
b1100000 1"
b10111111 ?
b10111111 y
b10111111 ~
b10111111 %"
b10111011 @
b10111011 z
b10111011 }
b10111011 $"
b1100000 5
b1100000 x
b1100000 ."
b1100000 ""
b1011111 9
b1011111 !"
1'
#3530000
0'
#3535000
b10000000000000000000000 6
b10000000000000000000000 L
b10000000000000000000000 j
b10000000000000000000000 n
b10000000000000000000000 /"
b0 7
b0 M
b0 b
b0 f
b0 0"
b110101001101101100110000 F
b110101001101101100110000 Z
b110101001101101100110000 s
b110101001101101100110000 w
b110101001101101100110000 J
b110101001101101100110000 k
b110101001101101100110000 u
b0 B
b0 S
b0 p
b0 ("
b0 D
b0 U
b0 V
b0 &"
b0 K
b0 W
b0 \
b0 o
b0 G
b0 ]
b0 c
b0 1"
b1101010011011011001100000000000000000000000000 l
b0 d
b110101001101101100110000 :
b110101001101101100110000 N
b110101001101101100110000 e
b110101001101101100110000 m
b110101001101101100110000 *"
b0 A
b0 R
b0 r
b0 )"
b1101010011011011001100000 C
b1101010011011011001100000 T
b1101010011011011001100000 Y
b1101010011011011001100000 '"
b110101001101101100110000 <
b110101001101101100110000 P
b110101001101101100110000 [
b110101001101101100110000 t
b110101001101101100110000 ,"
b0 5
b0 x
b0 ."
b0 ""
b11000100 ?
b11000100 y
b11000100 ~
b11000100 %"
b11000000 @
b11000000 z
b11000000 }
b11000000 $"
b1100000 9
b1100000 !"
1'
#3540000
0'
#3545000
b1011010100000100111101 6
b1011010100000100111101 L
b1011010100000100111101 j
b1011010100000100111101 n
b1011010100000100111101 /"
b11111111110100101011111011000011 7
b11111111110100101011111011000011 M
b11111111110100101011111011000011 b
b11111111110100101011111011000011 f
b11111111110100101011111011000011 0"
b100000 1"
b0 F
b0 Z
b0 s
b0 w
b0 J
b0 k
b0 u
b11000101 ?
b11000101 y
b11000101 ~
b11000101 %"
b11000001 @
b11000001 z
b11000001 }
b11000001 $"
b100000 5
b100000 x
b100000 ."
b100000 ""
b0 l
b0 :
b0 N
b0 e
b0 m
b0 *"
b0 A
b0 R
b0 r
b0 )"
b0 C
b0 T
b0 Y
b0 '"
b0 <
b0 P
b0 [
b0 t
b0 ,"
b1100001 9
b1100001 !"
1'
#3550000
0'
#3555000
b0 6
b0 L
b0 j
b0 n
b0 /"
b11111111110000000000000000000000 7
b11111111110000000000000000000000 M
b11111111110000000000000000000000 b
b11111111110000000000000000000000 f
b11111111110000000000000000000000 0"
b1000000 1"
b1000000 5
b1000000 x
b1000000 ."
b1000000 ""
b11000110 ?
b11000110 y
b11000110 ~
b11000110 %"
b11000010 @
b11000010 z
b11000010 }
b11000010 $"
b1100010 9
b1100010 !"
1'
#3560000
0'
#3565000
b11111111110100101011111011000011 6
b11111111110100101011111011000011 L
b11111111110100101011111011000011 j
b11111111110100101011111011000011 n
b11111111110100101011111011000011 /"
b11111111110100101011111011000011 7
b11111111110100101011111011000011 M
b11111111110100101011111011000011 b
b11111111110100101011111011000011 f
b11111111110100101011111011000011 0"
b1100000 1"
b11000111 ?
b11000111 y
b11000111 ~
b11000111 %"
b11000011 @
b11000011 z
b11000011 }
b11000011 $"
b1100000 5
b1100000 x
b1100000 ."
b1100000 ""
b1100011 9
b1100011 !"
1'
#3570000
0'
#3575000
b10000000000000000000000 6
b10000000000000000000000 L
b10000000000000000000000 j
b10000000000000000000000 n
b10000000000000000000000 /"
b0 7
b0 M
b0 b
b0 f
b0 0"
b11111111001010110010010011010000 F
b11111111001010110010010011010000 Z
b11111111001010110010010011010000 s
b11111111001010110010010011010000 w
b11111111001010110010010011010000 J
b11111111001010110010010011010000 k
b11111111001010110010010011010000 u
b0 B
b0 S
b0 p
b0 ("
b0 D
b0 U
b0 V
b0 &"
b0 K
b0 W
b0 \
b0 o
b0 G
b0 ]
b0 c
b0 1"
b1111111111111111110010101100100100110100000000000000000000000000 l
b0 d
b11111111001010110010010011010000 :
b11111111001010110010010011010000 N
b11111111001010110010010011010000 e
b11111111001010110010010011010000 m
b11111111001010110010010011010000 *"
b0 A
b0 R
b0 r
b0 )"
b11111110010101100100100110100000 C
b11111110010101100100100110100000 T
b11111110010101100100100110100000 Y
b11111110010101100100100110100000 '"
b11111111001010110010010011010000 <
b11111111001010110010010011010000 P
b11111111001010110010010011010000 [
b11111111001010110010010011010000 t
b11111111001010110010010011010000 ,"
b0 5
b0 x
b0 ."
b0 ""
b11001100 ?
b11001100 y
b11001100 ~
b11001100 %"
b11001000 @
b11001000 z
b11001000 }
b11001000 $"
b1100100 9
b1100100 !"
1'
#3580000
0'
#3585000
b1011010100000100111101 6
b1011010100000100111101 L
b1011010100000100111101 j
b1011010100000100111101 n
b1011010100000100111101 /"
b11111111110100101011111011000011 7
b11111111110100101011111011000011 M
b11111111110100101011111011000011 b
b11111111110100101011111011000011 f
b11111111110100101011111011000011 0"
b100000 1"
b0 F
b0 Z
b0 s
b0 w
b0 J
b0 k
b0 u
b11001101 ?
b11001101 y
b11001101 ~
b11001101 %"
b11001001 @
b11001001 z
b11001001 }
b11001001 $"
b100000 5
b100000 x
b100000 ."
b100000 ""
b0 l
b0 :
b0 N
b0 e
b0 m
b0 *"
b0 A
b0 R
b0 r
b0 )"
b0 C
b0 T
b0 Y
b0 '"
b0 <
b0 P
b0 [
b0 t
b0 ,"
b1100101 9
b1100101 !"
1'
#3590000
0'
#3595000
b0 6
b0 L
b0 j
b0 n
b0 /"
b11111111110000000000000000000000 7
b11111111110000000000000000000000 M
b11111111110000000000000000000000 b
b11111111110000000000000000000000 f
b11111111110000000000000000000000 0"
b1000000 1"
b1000000 5
b1000000 x
b1000000 ."
b1000000 ""
b11001110 ?
b11001110 y
b11001110 ~
b11001110 %"
b11001010 @
b11001010 z
b11001010 }
b11001010 $"
b1100110 9
b1100110 !"
1'
#3600000
0'
#3605000
b11111111110100101011111011000011 6
b11111111110100101011111011000011 L
b11111111110100101011111011000011 j
b11111111110100101011111011000011 n
b11111111110100101011111011000011 /"
b11111111110100101011111011000011 7
b11111111110100101011111011000011 M
b11111111110100101011111011000011 b
b11111111110100101011111011000011 f
b11111111110100101011111011000011 0"
b1100000 1"
b11001111 ?
b11001111 y
b11001111 ~
b11001111 %"
b11001011 @
b11001011 z
b11001011 }
b11001011 $"
b1100000 5
b1100000 x
b1100000 ."
b1100000 ""
b1100111 9
b1100111 !"
1'
#3610000
0'
#3615000
b10000000000000000000000 6
b10000000000000000000000 L
b10000000000000000000000 j
b10000000000000000000000 n
b10000000000000000000000 /"
b0 7
b0 M
b0 b
b0 f
b0 0"
b11111111011100011100011000101000 F
b11111111011100011100011000101000 Z
b11111111011100011100011000101000 s
b11111111011100011100011000101000 w
b11111111011100011100011000101000 J
b11111111011100011100011000101000 k
b11111111011100011100011000101000 u
b0 B
b0 S
b0 p
b0 ("
b0 D
b0 U
b0 V
b0 &"
b0 K
b0 W
b0 \
b0 o
b0 G
b0 ]
b0 c
b0 1"
b1111111111111111110111000111000110001010000000000000000000000000 l
b0 d
b11111111011100011100011000101000 :
b11111111011100011100011000101000 N
b11111111011100011100011000101000 e
b11111111011100011100011000101000 m
b11111111011100011100011000101000 *"
b0 A
b0 R
b0 r
b0 )"
b11111110111000111000110001010000 C
b11111110111000111000110001010000 T
b11111110111000111000110001010000 Y
b11111110111000111000110001010000 '"
b11111111011100011100011000101000 <
b11111111011100011100011000101000 P
b11111111011100011100011000101000 [
b11111111011100011100011000101000 t
b11111111011100011100011000101000 ,"
b0 5
b0 x
b0 ."
b0 ""
b11010100 ?
b11010100 y
b11010100 ~
b11010100 %"
b11010000 @
b11010000 z
b11010000 }
b11010000 $"
b1101000 9
b1101000 !"
1'
#3620000
0'
#3625000
b1011010100000100111101 6
b1011010100000100111101 L
b1011010100000100111101 j
b1011010100000100111101 n
b1011010100000100111101 /"
b11111111110100101011111011000011 7
b11111111110100101011111011000011 M
b11111111110100101011111011000011 b
b11111111110100101011111011000011 f
b11111111110100101011111011000011 0"
b100000 1"
b0 F
b0 Z
b0 s
b0 w
b0 J
b0 k
b0 u
b11010101 ?
b11010101 y
b11010101 ~
b11010101 %"
b11010001 @
b11010001 z
b11010001 }
b11010001 $"
b100000 5
b100000 x
b100000 ."
b100000 ""
b0 l
b0 :
b0 N
b0 e
b0 m
b0 *"
b0 A
b0 R
b0 r
b0 )"
b0 C
b0 T
b0 Y
b0 '"
b0 <
b0 P
b0 [
b0 t
b0 ,"
b1101001 9
b1101001 !"
1'
#3630000
0'
#3635000
b0 6
b0 L
b0 j
b0 n
b0 /"
b11111111110000000000000000000000 7
b11111111110000000000000000000000 M
b11111111110000000000000000000000 b
b11111111110000000000000000000000 f
b11111111110000000000000000000000 0"
b1000000 1"
b1000000 5
b1000000 x
b1000000 ."
b1000000 ""
b11010110 ?
b11010110 y
b11010110 ~
b11010110 %"
b11010010 @
b11010010 z
b11010010 }
b11010010 $"
b1101010 9
b1101010 !"
1'
#3640000
0'
#3645000
b11111111110100101011111011000011 6
b11111111110100101011111011000011 L
b11111111110100101011111011000011 j
b11111111110100101011111011000011 n
b11111111110100101011111011000011 /"
b11111111110100101011111011000011 7
b11111111110100101011111011000011 M
b11111111110100101011111011000011 b
b11111111110100101011111011000011 f
b11111111110100101011111011000011 0"
b1100000 1"
b11010111 ?
b11010111 y
b11010111 ~
b11010111 %"
b11010011 @
b11010011 z
b11010011 }
b11010011 $"
b1100000 5
b1100000 x
b1100000 ."
b1100000 ""
b1101011 9
b1101011 !"
1'
#3650000
0'
#3655000
b10000000000000000000000 6
b10000000000000000000000 L
b10000000000000000000000 j
b10000000000000000000000 n
b10000000000000000000000 /"
b0 7
b0 M
b0 b
b0 f
b0 0"
b100011100011100111011000 F
b100011100011100111011000 Z
b100011100011100111011000 s
b100011100011100111011000 w
b100011100011100111011000 J
b100011100011100111011000 k
b100011100011100111011000 u
b0 B
b0 S
b0 p
b0 ("
b0 D
b0 U
b0 V
b0 &"
b0 K
b0 W
b0 \
b0 o
b0 G
b0 ]
b0 c
b0 1"
b1000111000111001110110000000000000000000000000 l
b0 d
b100011100011100111011000 :
b100011100011100111011000 N
b100011100011100111011000 e
b100011100011100111011000 m
b100011100011100111011000 *"
b0 A
b0 R
b0 r
b0 )"
b1000111000111001110110000 C
b1000111000111001110110000 T
b1000111000111001110110000 Y
b1000111000111001110110000 '"
b100011100011100111011000 <
b100011100011100111011000 P
b100011100011100111011000 [
b100011100011100111011000 t
b100011100011100111011000 ,"
b0 5
b0 x
b0 ."
b0 ""
b11011100 ?
b11011100 y
b11011100 ~
b11011100 %"
b11011000 @
b11011000 z
b11011000 }
b11011000 $"
b1101100 9
b1101100 !"
1'
#3660000
0'
#3665000
b1011010100000100111101 6
b1011010100000100111101 L
b1011010100000100111101 j
b1011010100000100111101 n
b1011010100000100111101 /"
b11111111110100101011111011000011 7
b11111111110100101011111011000011 M
b11111111110100101011111011000011 b
b11111111110100101011111011000011 f
b11111111110100101011111011000011 0"
b100000 1"
b0 F
b0 Z
b0 s
b0 w
b0 J
b0 k
b0 u
b11011101 ?
b11011101 y
b11011101 ~
b11011101 %"
b11011001 @
b11011001 z
b11011001 }
b11011001 $"
b100000 5
b100000 x
b100000 ."
b100000 ""
b0 l
b0 :
b0 N
b0 e
b0 m
b0 *"
b0 A
b0 R
b0 r
b0 )"
b0 C
b0 T
b0 Y
b0 '"
b0 <
b0 P
b0 [
b0 t
b0 ,"
b1101101 9
b1101101 !"
1'
#3670000
0'
#3675000
b0 6
b0 L
b0 j
b0 n
b0 /"
b11111111110000000000000000000000 7
b11111111110000000000000000000000 M
b11111111110000000000000000000000 b
b11111111110000000000000000000000 f
b11111111110000000000000000000000 0"
b1000000 1"
b1000000 5
b1000000 x
b1000000 ."
b1000000 ""
b11011110 ?
b11011110 y
b11011110 ~
b11011110 %"
b11011010 @
b11011010 z
b11011010 }
b11011010 $"
b1101110 9
b1101110 !"
1'
#3680000
0'
#3685000
b11111111110100101011111011000011 6
b11111111110100101011111011000011 L
b11111111110100101011111011000011 j
b11111111110100101011111011000011 n
b11111111110100101011111011000011 /"
b11111111110100101011111011000011 7
b11111111110100101011111011000011 M
b11111111110100101011111011000011 b
b11111111110100101011111011000011 f
b11111111110100101011111011000011 0"
b1100000 1"
b11011111 ?
b11011111 y
b11011111 ~
b11011111 %"
b11011011 @
b11011011 z
b11011011 }
b11011011 $"
b1100000 5
b1100000 x
b1100000 ."
b1100000 ""
b1101111 9
b1101111 !"
1'
#3690000
0'
#3695000
b10000000000000000000000 6
b10000000000000000000000 L
b10000000000000000000000 j
b10000000000000000000000 n
b10000000000000000000000 /"
b0 7
b0 M
b0 b
b0 f
b0 0"
b1100011111000101110000 F
b1100011111000101110000 Z
b1100011111000101110000 s
b1100011111000101110000 w
b1100011111000101110000 J
b1100011111000101110000 k
b1100011111000101110000 u
b0 B
b0 S
b0 p
b0 ("
b0 D
b0 U
b0 V
b0 &"
b0 K
b0 W
b0 \
b0 o
b0 G
b0 ]
b0 c
b0 1"
b11000111110001011100000000000000000000000000 l
b0 d
b1100011111000101110000 :
b1100011111000101110000 N
b1100011111000101110000 e
b1100011111000101110000 m
b1100011111000101110000 *"
b0 A
b0 R
b0 r
b0 )"
b11000111110001011100000 C
b11000111110001011100000 T
b11000111110001011100000 Y
b11000111110001011100000 '"
b1100011111000101110000 <
b1100011111000101110000 P
b1100011111000101110000 [
b1100011111000101110000 t
b1100011111000101110000 ,"
b0 5
b0 x
b0 ."
b0 ""
b11100100 ?
b11100100 y
b11100100 ~
b11100100 %"
b11100000 @
b11100000 z
b11100000 }
b11100000 $"
b1110000 9
b1110000 !"
1'
#3700000
0'
#3705000
b1011010100000100111101 6
b1011010100000100111101 L
b1011010100000100111101 j
b1011010100000100111101 n
b1011010100000100111101 /"
b11111111110100101011111011000011 7
b11111111110100101011111011000011 M
b11111111110100101011111011000011 b
b11111111110100101011111011000011 f
b11111111110100101011111011000011 0"
b100000 1"
b0 F
b0 Z
b0 s
b0 w
b0 J
b0 k
b0 u
b11100101 ?
b11100101 y
b11100101 ~
b11100101 %"
b11100001 @
b11100001 z
b11100001 }
b11100001 $"
b100000 5
b100000 x
b100000 ."
b100000 ""
b0 l
b0 :
b0 N
b0 e
b0 m
b0 *"
b0 A
b0 R
b0 r
b0 )"
b0 C
b0 T
b0 Y
b0 '"
b0 <
b0 P
b0 [
b0 t
b0 ,"
b1110001 9
b1110001 !"
1'
#3710000
0'
#3715000
b0 6
b0 L
b0 j
b0 n
b0 /"
b11111111110000000000000000000000 7
b11111111110000000000000000000000 M
b11111111110000000000000000000000 b
b11111111110000000000000000000000 f
b11111111110000000000000000000000 0"
b1000000 1"
b1000000 5
b1000000 x
b1000000 ."
b1000000 ""
b11100110 ?
b11100110 y
b11100110 ~
b11100110 %"
b11100010 @
b11100010 z
b11100010 }
b11100010 $"
b1110010 9
b1110010 !"
1'
#3720000
0'
#3725000
b11111111110100101011111011000011 6
b11111111110100101011111011000011 L
b11111111110100101011111011000011 j
b11111111110100101011111011000011 n
b11111111110100101011111011000011 /"
b11111111110100101011111011000011 7
b11111111110100101011111011000011 M
b11111111110100101011111011000011 b
b11111111110100101011111011000011 f
b11111111110100101011111011000011 0"
b1100000 1"
b11100111 ?
b11100111 y
b11100111 ~
b11100111 %"
b11100011 @
b11100011 z
b11100011 }
b11100011 $"
b1100000 5
b1100000 x
b1100000 ."
b1100000 ""
b1110011 9
b1110011 !"
1'
#3730000
0'
#3735000
b10000000000000000000000 6
b10000000000000000000000 L
b10000000000000000000000 j
b10000000000000000000000 n
b10000000000000000000000 /"
b0 7
b0 M
b0 b
b0 f
b0 0"
b11111111110011100000111010010000 F
b11111111110011100000111010010000 Z
b11111111110011100000111010010000 s
b11111111110011100000111010010000 w
b11111111110011100000111010010000 J
b11111111110011100000111010010000 k
b11111111110011100000111010010000 u
b0 B
b0 S
b0 p
b0 ("
b0 D
b0 U
b0 V
b0 &"
b0 K
b0 W
b0 \
b0 o
b0 G
b0 ]
b0 c
b0 1"
b1111111111111111111100111000001110100100000000000000000000000000 l
b0 d
b11111111110011100000111010010000 :
b11111111110011100000111010010000 N
b11111111110011100000111010010000 e
b11111111110011100000111010010000 m
b11111111110011100000111010010000 *"
b0 A
b0 R
b0 r
b0 )"
b11111111100111000001110100100000 C
b11111111100111000001110100100000 T
b11111111100111000001110100100000 Y
b11111111100111000001110100100000 '"
b11111111110011100000111010010000 <
b11111111110011100000111010010000 P
b11111111110011100000111010010000 [
b11111111110011100000111010010000 t
b11111111110011100000111010010000 ,"
b0 5
b0 x
b0 ."
b0 ""
b11101100 ?
b11101100 y
b11101100 ~
b11101100 %"
b11101000 @
b11101000 z
b11101000 }
b11101000 $"
b1110100 9
b1110100 !"
1'
#3740000
0'
#3745000
b1011010100000100111101 6
b1011010100000100111101 L
b1011010100000100111101 j
b1011010100000100111101 n
b1011010100000100111101 /"
b11111111110100101011111011000011 7
b11111111110100101011111011000011 M
b11111111110100101011111011000011 b
b11111111110100101011111011000011 f
b11111111110100101011111011000011 0"
b100000 1"
b0 F
b0 Z
b0 s
b0 w
b0 J
b0 k
b0 u
b11101101 ?
b11101101 y
b11101101 ~
b11101101 %"
b11101001 @
b11101001 z
b11101001 }
b11101001 $"
b100000 5
b100000 x
b100000 ."
b100000 ""
b0 l
b0 :
b0 N
b0 e
b0 m
b0 *"
b0 A
b0 R
b0 r
b0 )"
b0 C
b0 T
b0 Y
b0 '"
b0 <
b0 P
b0 [
b0 t
b0 ,"
b1110101 9
b1110101 !"
1'
#3750000
0'
#3755000
b0 6
b0 L
b0 j
b0 n
b0 /"
b11111111110000000000000000000000 7
b11111111110000000000000000000000 M
b11111111110000000000000000000000 b
b11111111110000000000000000000000 f
b11111111110000000000000000000000 0"
b1000000 1"
b1000000 5
b1000000 x
b1000000 ."
b1000000 ""
b11101110 ?
b11101110 y
b11101110 ~
b11101110 %"
b11101010 @
b11101010 z
b11101010 }
b11101010 $"
b1110110 9
b1110110 !"
1'
#3760000
0'
#3765000
b11111111110100101011111011000011 6
b11111111110100101011111011000011 L
b11111111110100101011111011000011 j
b11111111110100101011111011000011 n
b11111111110100101011111011000011 /"
b11111111110100101011111011000011 7
b11111111110100101011111011000011 M
b11111111110100101011111011000011 b
b11111111110100101011111011000011 f
b11111111110100101011111011000011 0"
b1100000 1"
b11101111 ?
b11101111 y
b11101111 ~
b11101111 %"
b11101011 @
b11101011 z
b11101011 }
b11101011 $"
b1100000 5
b1100000 x
b1100000 ."
b1100000 ""
b1110111 9
b1110111 !"
1'
#3770000
0'
#3775000
b10000000000000000000000 6
b10000000000000000000000 L
b10000000000000000000000 j
b10000000000000000000000 n
b10000000000000000000000 /"
b0 7
b0 M
b0 b
b0 f
b0 0"
b11111111000001001110101101000100 F
b11111111000001001110101101000100 Z
b11111111000001001110101101000100 s
b11111111000001001110101101000100 w
b11111111000001001110101101000100 J
b11111111000001001110101101000100 k
b11111111000001001110101101000100 u
b0 B
b0 S
b0 p
b0 ("
b0 D
b0 U
b0 V
b0 &"
b0 K
b0 W
b0 \
b0 o
b0 G
b0 ]
b0 c
b0 1"
b1111111111111111110000010011101011010001000000000000000000000000 l
b0 d
b11111111000001001110101101000100 :
b11111111000001001110101101000100 N
b11111111000001001110101101000100 e
b11111111000001001110101101000100 m
b11111111000001001110101101000100 *"
b0 A
b0 R
b0 r
b0 )"
b11111110000010011101011010001000 C
b11111110000010011101011010001000 T
b11111110000010011101011010001000 Y
b11111110000010011101011010001000 '"
b11111111000001001110101101000100 <
b11111111000001001110101101000100 P
b11111111000001001110101101000100 [
b11111111000001001110101101000100 t
b11111111000001001110101101000100 ,"
b0 5
b0 x
b0 ."
b0 ""
b11110100 ?
b11110100 y
b11110100 ~
b11110100 %"
b11110000 @
b11110000 z
b11110000 }
b11110000 $"
b1111000 9
b1111000 !"
1'
#3780000
0'
#3785000
b1011010100000100111101 6
b1011010100000100111101 L
b1011010100000100111101 j
b1011010100000100111101 n
b1011010100000100111101 /"
b11111111110100101011111011000011 7
b11111111110100101011111011000011 M
b11111111110100101011111011000011 b
b11111111110100101011111011000011 f
b11111111110100101011111011000011 0"
b100000 1"
b0 F
b0 Z
b0 s
b0 w
b0 J
b0 k
b0 u
b11110101 ?
b11110101 y
b11110101 ~
b11110101 %"
b11110001 @
b11110001 z
b11110001 }
b11110001 $"
b100000 5
b100000 x
b100000 ."
b100000 ""
b0 l
b0 :
b0 N
b0 e
b0 m
b0 *"
b0 A
b0 R
b0 r
b0 )"
b0 C
b0 T
b0 Y
b0 '"
b0 <
b0 P
b0 [
b0 t
b0 ,"
b1111001 9
b1111001 !"
1'
#3790000
0'
#3795000
b0 6
b0 L
b0 j
b0 n
b0 /"
b11111111110000000000000000000000 7
b11111111110000000000000000000000 M
b11111111110000000000000000000000 b
b11111111110000000000000000000000 f
b11111111110000000000000000000000 0"
b1000000 1"
b1000000 5
b1000000 x
b1000000 ."
b1000000 ""
b11110110 ?
b11110110 y
b11110110 ~
b11110110 %"
b11110010 @
b11110010 z
b11110010 }
b11110010 $"
b1111010 9
b1111010 !"
1'
#3800000
0'
#3805000
b11111111110100101011111011000011 6
b11111111110100101011111011000011 L
b11111111110100101011111011000011 j
b11111111110100101011111011000011 n
b11111111110100101011111011000011 /"
b11111111110100101011111011000011 7
b11111111110100101011111011000011 M
b11111111110100101011111011000011 b
b11111111110100101011111011000011 f
b11111111110100101011111011000011 0"
b1100000 1"
b11110111 ?
b11110111 y
b11110111 ~
b11110111 %"
b11110011 @
b11110011 z
b11110011 }
b11110011 $"
b1100000 5
b1100000 x
b1100000 ."
b1100000 ""
b1111011 9
b1111011 !"
1'
#3810000
0'
#3815000
b10000000000000000000000 6
b10000000000000000000000 L
b10000000000000000000000 j
b10000000000000000000000 n
b10000000000000000000000 /"
b0 7
b0 M
b0 b
b0 f
b0 0"
b111110110001010010111100 F
b111110110001010010111100 Z
b111110110001010010111100 s
b111110110001010010111100 w
b111110110001010010111100 J
b111110110001010010111100 k
b111110110001010010111100 u
b0 B
b0 S
b0 p
b0 ("
b0 D
b0 U
b0 V
b0 &"
b0 K
b0 W
b0 \
b0 o
b0 G
b0 ]
b0 c
b0 1"
b1111101100010100101111000000000000000000000000 l
b0 d
b111110110001010010111100 :
b111110110001010010111100 N
b111110110001010010111100 e
b111110110001010010111100 m
b111110110001010010111100 *"
b0 A
b0 R
b0 r
b0 )"
b1111101100010100101111000 C
b1111101100010100101111000 T
b1111101100010100101111000 Y
b1111101100010100101111000 '"
b111110110001010010111100 <
b111110110001010010111100 P
b111110110001010010111100 [
b111110110001010010111100 t
b111110110001010010111100 ,"
b0 5
b0 x
b0 ."
b0 ""
b11111100 ?
b11111100 y
b11111100 ~
b11111100 %"
b11111000 @
b11111000 z
b11111000 }
b11111000 $"
b1111100 9
b1111100 !"
1'
#3820000
0'
#3825000
b1011010100000100111101 6
b1011010100000100111101 L
b1011010100000100111101 j
b1011010100000100111101 n
b1011010100000100111101 /"
b11111111110100101011111011000011 7
b11111111110100101011111011000011 M
b11111111110100101011111011000011 b
b11111111110100101011111011000011 f
b11111111110100101011111011000011 0"
b100000 1"
b0 F
b0 Z
b0 s
b0 w
b0 J
b0 k
b0 u
b11111101 ?
b11111101 y
b11111101 ~
b11111101 %"
b11111001 @
b11111001 z
b11111001 }
b11111001 $"
b100000 5
b100000 x
b100000 ."
b100000 ""
b0 l
b0 :
b0 N
b0 e
b0 m
b0 *"
b0 A
b0 R
b0 r
b0 )"
b0 C
b0 T
b0 Y
b0 '"
b0 <
b0 P
b0 [
b0 t
b0 ,"
b1111101 9
b1111101 !"
1'
#3830000
0'
#3835000
b0 6
b0 L
b0 j
b0 n
b0 /"
b11111111110000000000000000000000 7
b11111111110000000000000000000000 M
b11111111110000000000000000000000 b
b11111111110000000000000000000000 f
b11111111110000000000000000000000 0"
b1000000 1"
b1000000 5
b1000000 x
b1000000 ."
b1000000 ""
b11111110 ?
b11111110 y
b11111110 ~
b11111110 %"
b11111010 @
b11111010 z
b11111010 }
b11111010 $"
b1111110 9
b1111110 !"
1'
#3840000
0'
#3845000
b11111111110100101011111011000011 6
b11111111110100101011111011000011 L
b11111111110100101011111011000011 j
b11111111110100101011111011000011 n
b11111111110100101011111011000011 /"
b11111111110100101011111011000011 7
b11111111110100101011111011000011 M
b11111111110100101011111011000011 b
b11111111110100101011111011000011 f
b11111111110100101011111011000011 0"
b1100000 1"
b11111111 ?
b11111111 y
b11111111 ~
b11111111 %"
b11111011 @
b11111011 z
b11111011 }
b11111011 $"
b1100000 5
b1100000 x
b1100000 ."
b1100000 ""
b1111111 9
b1111111 !"
1'
#3850000
0'
#3855000
b10000000000000000000000 6
b10000000000000000000000 L
b10000000000000000000000 j
b10000000000000000000000 n
b10000000000000000000000 /"
b0 7
b0 M
b0 b
b0 f
b0 0"
b11111110000000000000000000000000 F
b11111110000000000000000000000000 Z
b11111110000000000000000000000000 s
b11111110000000000000000000000000 w
b11111110000000000000000000000000 J
b11111110000000000000000000000000 k
b11111110000000000000000000000000 u
b0 B
b0 S
b0 p
b0 ("
b0 D
b0 U
b0 V
b0 &"
b0 K
b0 W
b0 \
b0 o
b0 G
b0 ]
b0 c
b0 1"
b1111111111111111100000000000000000000000000000000000000000000000 l
b0 d
b11111110000000000000000000000000 :
b11111110000000000000000000000000 N
b11111110000000000000000000000000 e
b11111110000000000000000000000000 m
b11111110000000000000000000000000 *"
b100000000000000000000000000 A
b100000000000000000000000000 R
b100000000000000000000000000 r
b100000000000000000000000000 )"
b0 C
b0 T
b0 Y
b0 '"
b10000000000000000000000000 <
b10000000000000000000000000 P
b10000000000000000000000000 [
b10000000000000000000000000 t
b10000000000000000000000000 ,"
b0 5
b0 x
b0 ."
b0 ""
b1000 ?
b1000 y
b1000 ~
b1000 %"
b0 @
b0 z
b0 }
b0 $"
b11 8
b11 #"
b0 9
b0 !"
1'
#3860000
0'
#3865000
b1110110010000011011000 6
b1110110010000011011000 L
b1110110010000011011000 j
b1110110010000011011000 n
b1110110010000011011000 /"
b11111111111001111000001000011101 7
b11111111111001111000001000011101 M
b11111111111001111000001000011101 b
b11111111111001111000001000011101 f
b11111111111001111000001000011101 0"
b10000 1"
b0 F
b0 Z
b0 s
b0 w
b0 J
b0 k
b0 u
b1001 ?
b1001 y
b1001 ~
b1001 %"
b1 @
b1 z
b1 }
b1 $"
b10000 5
b10000 x
b10000 ."
b10000 ""
b0 l
b0 :
b0 N
b0 e
b0 m
b0 *"
b0 A
b0 R
b0 r
b0 )"
b0 C
b0 T
b0 Y
b0 '"
b0 <
b0 P
b0 [
b0 t
b0 ,"
b1 9
b1 !"
1'
#3870000
0'
#3875000
b1011010100000100111101 6
b1011010100000100111101 L
b1011010100000100111101 j
b1011010100000100111101 n
b1011010100000100111101 /"
b11111111110100101011111011000011 7
b11111111110100101011111011000011 M
b11111111110100101011111011000011 b
b11111111110100101011111011000011 f
b11111111110100101011111011000011 0"
b100000 1"
b100000 5
b100000 x
b100000 ."
b100000 ""
b1010 ?
b1010 y
b1010 ~
b1010 %"
b10 @
b10 z
b10 }
b10 $"
b10 9
b10 !"
1'
#3880000
0'
#3885000
b110000111110111100011 6
b110000111110111100011 L
b110000111110111100011 j
b110000111110111100011 n
b110000111110111100011 /"
b11111111110001001101111100101000 7
b11111111110001001101111100101000 M
b11111111110001001101111100101000 b
b11111111110001001101111100101000 f
b11111111110001001101111100101000 0"
b110000 1"
b1011 ?
b1011 y
b1011 ~
b1011 %"
b11 @
b11 z
b11 }
b11 $"
b110000 5
b110000 x
b110000 ."
b110000 ""
b11 9
b11 !"
1'
#3890000
0'
#3895000
b0 6
b0 L
b0 j
b0 n
b0 /"
b11111111110000000000000000000000 7
b11111111110000000000000000000000 M
b11111111110000000000000000000000 b
b11111111110000000000000000000000 f
b11111111110000000000000000000000 0"
b1000000 1"
b1000000 5
b1000000 x
b1000000 ."
b1000000 ""
b1100 ?
b1100 y
b1100 ~
b1100 %"
b100 @
b100 z
b100 }
b100 $"
b100 9
b100 !"
1'
#3900000
0'
#3905000
b11111111111001111000001000011101 6
b11111111111001111000001000011101 L
b11111111111001111000001000011101 j
b11111111111001111000001000011101 n
b11111111111001111000001000011101 /"
b11111111110001001101111100101000 7
b11111111110001001101111100101000 M
b11111111110001001101111100101000 b
b11111111110001001101111100101000 f
b11111111110001001101111100101000 0"
b1010000 1"
b1101 ?
b1101 y
b1101 ~
b1101 %"
b101 @
b101 z
b101 }
b101 $"
b1010000 5
b1010000 x
b1010000 ."
b1010000 ""
b101 9
b101 !"
1'
#3910000
0'
#3915000
b11111111110100101011111011000011 6
b11111111110100101011111011000011 L
b11111111110100101011111011000011 j
b11111111110100101011111011000011 n
b11111111110100101011111011000011 /"
b11111111110100101011111011000011 7
b11111111110100101011111011000011 M
b11111111110100101011111011000011 b
b11111111110100101011111011000011 f
b11111111110100101011111011000011 0"
b1100000 1"
b1100000 5
b1100000 x
b1100000 ."
b1100000 ""
b1110 ?
b1110 y
b1110 ~
b1110 %"
b110 @
b110 z
b110 }
b110 $"
b110 9
b110 !"
1'
#3920000
0'
#3925000
b11111111110001001101111100101000 6
b11111111110001001101111100101000 L
b11111111110001001101111100101000 j
b11111111110001001101111100101000 n
b11111111110001001101111100101000 /"
b11111111111001111000001000011101 7
b11111111111001111000001000011101 M
b11111111111001111000001000011101 b
b11111111111001111000001000011101 f
b11111111111001111000001000011101 0"
b1110000 1"
b1111 ?
b1111 y
b1111 ~
b1111 %"
b111 @
b111 z
b111 }
b111 $"
b1110000 5
b1110000 x
b1110000 ."
b1110000 ""
b111 9
b111 !"
1'
#3930000
0'
#3935000
b10000000000000000000000 6
b10000000000000000000000 L
b10000000000000000000000 j
b10000000000000000000000 n
b10000000000000000000000 /"
b0 7
b0 M
b0 b
b0 f
b0 0"
b0 1"
b0 5
b0 x
b0 ."
b0 ""
b11000 ?
b11000 y
b11000 ~
b11000 %"
b10000 @
b10000 z
b10000 }
b10000 $"
b1000 9
b1000 !"
1'
#3940000
0'
#3945000
b1110110010000011011000 6
b1110110010000011011000 L
b1110110010000011011000 j
b1110110010000011011000 n
b1110110010000011011000 /"
b11111111111001111000001000011101 7
b11111111111001111000001000011101 M
b11111111111001111000001000011101 b
b11111111111001111000001000011101 f
b11111111111001111000001000011101 0"
b10000 1"
b11001 ?
b11001 y
b11001 ~
b11001 %"
b10001 @
b10001 z
b10001 }
b10001 $"
b10000 5
b10000 x
b10000 ."
b10000 ""
b1001 9
b1001 !"
1'
#3950000
0'
#3955000
b1011010100000100111101 6
b1011010100000100111101 L
b1011010100000100111101 j
b1011010100000100111101 n
b1011010100000100111101 /"
b11111111110100101011111011000011 7
b11111111110100101011111011000011 M
b11111111110100101011111011000011 b
b11111111110100101011111011000011 f
b11111111110100101011111011000011 0"
b100000 1"
b100000 5
b100000 x
b100000 ."
b100000 ""
b11010 ?
b11010 y
b11010 ~
b11010 %"
b10010 @
b10010 z
b10010 }
b10010 $"
b1010 9
b1010 !"
1'
#3960000
0'
#3965000
b110000111110111100011 6
b110000111110111100011 L
b110000111110111100011 j
b110000111110111100011 n
b110000111110111100011 /"
b11111111110001001101111100101000 7
b11111111110001001101111100101000 M
b11111111110001001101111100101000 b
b11111111110001001101111100101000 f
b11111111110001001101111100101000 0"
b110000 1"
b11011 ?
b11011 y
b11011 ~
b11011 %"
b10011 @
b10011 z
b10011 }
b10011 $"
b110000 5
b110000 x
b110000 ."
b110000 ""
b1011 9
b1011 !"
1'
#3970000
0'
#3975000
b0 6
b0 L
b0 j
b0 n
b0 /"
b11111111110000000000000000000000 7
b11111111110000000000000000000000 M
b11111111110000000000000000000000 b
b11111111110000000000000000000000 f
b11111111110000000000000000000000 0"
b1000000 1"
b1000000 5
b1000000 x
b1000000 ."
b1000000 ""
b11100 ?
b11100 y
b11100 ~
b11100 %"
b10100 @
b10100 z
b10100 }
b10100 $"
b1100 9
b1100 !"
1'
#3980000
0'
#3985000
b11111111111001111000001000011101 6
b11111111111001111000001000011101 L
b11111111111001111000001000011101 j
b11111111111001111000001000011101 n
b11111111111001111000001000011101 /"
b11111111110001001101111100101000 7
b11111111110001001101111100101000 M
b11111111110001001101111100101000 b
b11111111110001001101111100101000 f
b11111111110001001101111100101000 0"
b1010000 1"
b11101 ?
b11101 y
b11101 ~
b11101 %"
b10101 @
b10101 z
b10101 }
b10101 $"
b1010000 5
b1010000 x
b1010000 ."
b1010000 ""
b1101 9
b1101 !"
1'
#3990000
0'
#3995000
b11111111110100101011111011000011 6
b11111111110100101011111011000011 L
b11111111110100101011111011000011 j
b11111111110100101011111011000011 n
b11111111110100101011111011000011 /"
b11111111110100101011111011000011 7
b11111111110100101011111011000011 M
b11111111110100101011111011000011 b
b11111111110100101011111011000011 f
b11111111110100101011111011000011 0"
b1100000 1"
b1100000 5
b1100000 x
b1100000 ."
b1100000 ""
b11110 ?
b11110 y
b11110 ~
b11110 %"
b10110 @
b10110 z
b10110 }
b10110 $"
b1110 9
b1110 !"
1'
#4000000
0'
#4005000
b11111111110001001101111100101000 6
b11111111110001001101111100101000 L
b11111111110001001101111100101000 j
b11111111110001001101111100101000 n
b11111111110001001101111100101000 /"
b11111111111001111000001000011101 7
b11111111111001111000001000011101 M
b11111111111001111000001000011101 b
b11111111111001111000001000011101 f
b11111111111001111000001000011101 0"
b1110000 1"
b11111 ?
b11111 y
b11111 ~
b11111 %"
b10111 @
b10111 z
b10111 }
b10111 $"
b1110000 5
b1110000 x
b1110000 ."
b1110000 ""
b1111 9
b1111 !"
1'
#4010000
0'
#4015000
b10000000000000000000000 6
b10000000000000000000000 L
b10000000000000000000000 j
b10000000000000000000000 n
b10000000000000000000000 /"
b0 7
b0 M
b0 b
b0 f
b0 0"
b11111110100101011111011000100000 F
b11111110100101011111011000100000 Z
b11111110100101011111011000100000 s
b11111110100101011111011000100000 w
b11111110100101011111011000100000 J
b11111110100101011111011000100000 k
b11111110100101011111011000100000 u
b0 B
b0 S
b0 p
b0 ("
b0 D
b0 U
b0 V
b0 &"
b0 K
b0 W
b0 \
b0 o
b0 G
b0 ]
b0 c
b0 1"
b1111111111111111101001010111110110001000000000000000000000000000 l
b0 d
b11111110100101011111011000100000 :
b11111110100101011111011000100000 N
b11111110100101011111011000100000 e
b11111110100101011111011000100000 m
b11111110100101011111011000100000 *"
b10110101000001001111000000 A
b10110101000001001111000000 R
b10110101000001001111000000 r
b10110101000001001111000000 )"
b0 C
b0 T
b0 Y
b0 '"
b1011010100000100111100000 <
b1011010100000100111100000 P
b1011010100000100111100000 [
b1011010100000100111100000 t
b1011010100000100111100000 ,"
b0 5
b0 x
b0 ."
b0 ""
b101000 ?
b101000 y
b101000 ~
b101000 %"
b100000 @
b100000 z
b100000 }
b100000 $"
b10000 9
b10000 !"
1'
#4020000
0'
#4025000
b1110110010000011011000 6
b1110110010000011011000 L
b1110110010000011011000 j
b1110110010000011011000 n
b1110110010000011011000 /"
b11111111111001111000001000011101 7
b11111111111001111000001000011101 M
b11111111111001111000001000011101 b
b11111111111001111000001000011101 f
b11111111111001111000001000011101 0"
b10000 1"
b0 F
b0 Z
b0 s
b0 w
b0 J
b0 k
b0 u
b101001 ?
b101001 y
b101001 ~
b101001 %"
b100001 @
b100001 z
b100001 }
b100001 $"
b10000 5
b10000 x
b10000 ."
b10000 ""
b0 l
b0 :
b0 N
b0 e
b0 m
b0 *"
b0 A
b0 R
b0 r
b0 )"
b0 C
b0 T
b0 Y
b0 '"
b0 <
b0 P
b0 [
b0 t
b0 ,"
b10001 9
b10001 !"
1'
#4030000
0'
#4035000
b1011010100000100111101 6
b1011010100000100111101 L
b1011010100000100111101 j
b1011010100000100111101 n
b1011010100000100111101 /"
b11111111110100101011111011000011 7
b11111111110100101011111011000011 M
b11111111110100101011111011000011 b
b11111111110100101011111011000011 f
b11111111110100101011111011000011 0"
b100000 1"
b100000 5
b100000 x
b100000 ."
b100000 ""
b101010 ?
b101010 y
b101010 ~
b101010 %"
b100010 @
b100010 z
b100010 }
b100010 $"
b10010 9
b10010 !"
1'
#4040000
0'
#4045000
b110000111110111100011 6
b110000111110111100011 L
b110000111110111100011 j
b110000111110111100011 n
b110000111110111100011 /"
b11111111110001001101111100101000 7
b11111111110001001101111100101000 M
b11111111110001001101111100101000 b
b11111111110001001101111100101000 f
b11111111110001001101111100101000 0"
b110000 1"
b101011 ?
b101011 y
b101011 ~
b101011 %"
b100011 @
b100011 z
b100011 }
b100011 $"
b110000 5
b110000 x
b110000 ."
b110000 ""
b10011 9
b10011 !"
1'
#4050000
0'
#4055000
b0 6
b0 L
b0 j
b0 n
b0 /"
b11111111110000000000000000000000 7
b11111111110000000000000000000000 M
b11111111110000000000000000000000 b
b11111111110000000000000000000000 f
b11111111110000000000000000000000 0"
b1000000 1"
b1000000 5
b1000000 x
b1000000 ."
b1000000 ""
b101100 ?
b101100 y
b101100 ~
b101100 %"
b100100 @
b100100 z
b100100 }
b100100 $"
b10100 9
b10100 !"
1'
#4060000
0'
#4065000
b11111111111001111000001000011101 6
b11111111111001111000001000011101 L
b11111111111001111000001000011101 j
b11111111111001111000001000011101 n
b11111111111001111000001000011101 /"
b11111111110001001101111100101000 7
b11111111110001001101111100101000 M
b11111111110001001101111100101000 b
b11111111110001001101111100101000 f
b11111111110001001101111100101000 0"
b1010000 1"
b101101 ?
b101101 y
b101101 ~
b101101 %"
b100101 @
b100101 z
b100101 }
b100101 $"
b1010000 5
b1010000 x
b1010000 ."
b1010000 ""
b10101 9
b10101 !"
1'
#4070000
0'
#4075000
b11111111110100101011111011000011 6
b11111111110100101011111011000011 L
b11111111110100101011111011000011 j
b11111111110100101011111011000011 n
b11111111110100101011111011000011 /"
b11111111110100101011111011000011 7
b11111111110100101011111011000011 M
b11111111110100101011111011000011 b
b11111111110100101011111011000011 f
b11111111110100101011111011000011 0"
b1100000 1"
b1100000 5
b1100000 x
b1100000 ."
b1100000 ""
b101110 ?
b101110 y
b101110 ~
b101110 %"
b100110 @
b100110 z
b100110 }
b100110 $"
b10110 9
b10110 !"
1'
#4080000
0'
#4085000
b11111111110001001101111100101000 6
b11111111110001001101111100101000 L
b11111111110001001101111100101000 j
b11111111110001001101111100101000 n
b11111111110001001101111100101000 /"
b11111111111001111000001000011101 7
b11111111111001111000001000011101 M
b11111111111001111000001000011101 b
b11111111111001111000001000011101 f
b11111111111001111000001000011101 0"
b1110000 1"
b101111 ?
b101111 y
b101111 ~
b101111 %"
b100111 @
b100111 z
b100111 }
b100111 $"
b1110000 5
b1110000 x
b1110000 ."
b1110000 ""
b10111 9
b10111 !"
1'
#4090000
0'
#4095000
b10000000000000000000000 6
b10000000000000000000000 L
b10000000000000000000000 j
b10000000000000000000000 n
b10000000000000000000000 /"
b0 7
b0 M
b0 b
b0 f
b0 0"
b1011010100000100111100000 F
b1011010100000100111100000 Z
b1011010100000100111100000 s
b1011010100000100111100000 w
b1011010100000100111100000 J
b1011010100000100111100000 k
b1011010100000100111100000 u
b0 B
b0 S
b0 p
b0 ("
b0 D
b0 U
b0 V
b0 &"
b0 K
b0 W
b0 \
b0 o
b0 G
b0 ]
b0 c
b0 1"
b10110101000001001111000000000000000000000000000 l
b0 d
b1011010100000100111100000 :
b1011010100000100111100000 N
b1011010100000100111100000 e
b1011010100000100111100000 m
b1011010100000100111100000 *"
b11111101001010111110110001000000 A
b11111101001010111110110001000000 R
b11111101001010111110110001000000 r
b11111101001010111110110001000000 )"
b0 C
b0 T
b0 Y
b0 '"
b11111110100101011111011000100000 <
b11111110100101011111011000100000 P
b11111110100101011111011000100000 [
b11111110100101011111011000100000 t
b11111110100101011111011000100000 ,"
b0 5
b0 x
b0 ."
b0 ""
b111000 ?
b111000 y
b111000 ~
b111000 %"
b110000 @
b110000 z
b110000 }
b110000 $"
b11000 9
b11000 !"
1'
#4100000
0'
#4105000
b1110110010000011011000 6
b1110110010000011011000 L
b1110110010000011011000 j
b1110110010000011011000 n
b1110110010000011011000 /"
b11111111111001111000001000011101 7
b11111111111001111000001000011101 M
b11111111111001111000001000011101 b
b11111111111001111000001000011101 f
b11111111111001111000001000011101 0"
b10000 1"
b0 F
b0 Z
b0 s
b0 w
b0 J
b0 k
b0 u
b111001 ?
b111001 y
b111001 ~
b111001 %"
b110001 @
b110001 z
b110001 }
b110001 $"
b10000 5
b10000 x
b10000 ."
b10000 ""
b0 l
b0 :
b0 N
b0 e
b0 m
b0 *"
b0 A
b0 R
b0 r
b0 )"
b0 C
b0 T
b0 Y
b0 '"
b0 <
b0 P
b0 [
b0 t
b0 ,"
b11001 9
b11001 !"
1'
#4110000
0'
#4115000
b1011010100000100111101 6
b1011010100000100111101 L
b1011010100000100111101 j
b1011010100000100111101 n
b1011010100000100111101 /"
b11111111110100101011111011000011 7
b11111111110100101011111011000011 M
b11111111110100101011111011000011 b
b11111111110100101011111011000011 f
b11111111110100101011111011000011 0"
b100000 1"
b100000 5
b100000 x
b100000 ."
b100000 ""
b111010 ?
b111010 y
b111010 ~
b111010 %"
b110010 @
b110010 z
b110010 }
b110010 $"
b11010 9
b11010 !"
1'
#4120000
0'
#4125000
b110000111110111100011 6
b110000111110111100011 L
b110000111110111100011 j
b110000111110111100011 n
b110000111110111100011 /"
b11111111110001001101111100101000 7
b11111111110001001101111100101000 M
b11111111110001001101111100101000 b
b11111111110001001101111100101000 f
b11111111110001001101111100101000 0"
b110000 1"
b111011 ?
b111011 y
b111011 ~
b111011 %"
b110011 @
b110011 z
b110011 }
b110011 $"
b110000 5
b110000 x
b110000 ."
b110000 ""
b11011 9
b11011 !"
1'
#4130000
0'
#4135000
b0 6
b0 L
b0 j
b0 n
b0 /"
b11111111110000000000000000000000 7
b11111111110000000000000000000000 M
b11111111110000000000000000000000 b
b11111111110000000000000000000000 f
b11111111110000000000000000000000 0"
b1000000 1"
b1000000 5
b1000000 x
b1000000 ."
b1000000 ""
b111100 ?
b111100 y
b111100 ~
b111100 %"
b110100 @
b110100 z
b110100 }
b110100 $"
b11100 9
b11100 !"
1'
#4140000
0'
#4145000
b11111111111001111000001000011101 6
b11111111111001111000001000011101 L
b11111111111001111000001000011101 j
b11111111111001111000001000011101 n
b11111111111001111000001000011101 /"
b11111111110001001101111100101000 7
b11111111110001001101111100101000 M
b11111111110001001101111100101000 b
b11111111110001001101111100101000 f
b11111111110001001101111100101000 0"
b1010000 1"
b111101 ?
b111101 y
b111101 ~
b111101 %"
b110101 @
b110101 z
b110101 }
b110101 $"
b1010000 5
b1010000 x
b1010000 ."
b1010000 ""
b11101 9
b11101 !"
1'
#4150000
0'
#4155000
b11111111110100101011111011000011 6
b11111111110100101011111011000011 L
b11111111110100101011111011000011 j
b11111111110100101011111011000011 n
b11111111110100101011111011000011 /"
b11111111110100101011111011000011 7
b11111111110100101011111011000011 M
b11111111110100101011111011000011 b
b11111111110100101011111011000011 f
b11111111110100101011111011000011 0"
b1100000 1"
b1100000 5
b1100000 x
b1100000 ."
b1100000 ""
b111110 ?
b111110 y
b111110 ~
b111110 %"
b110110 @
b110110 z
b110110 }
b110110 $"
b11110 9
b11110 !"
1'
#4160000
0'
#4165000
b11111111110001001101111100101000 6
b11111111110001001101111100101000 L
b11111111110001001101111100101000 j
b11111111110001001101111100101000 n
b11111111110001001101111100101000 /"
b11111111111001111000001000011101 7
b11111111111001111000001000011101 M
b11111111111001111000001000011101 b
b11111111111001111000001000011101 f
b11111111111001111000001000011101 0"
b1110000 1"
b111111 ?
b111111 y
b111111 ~
b111111 %"
b110111 @
b110111 z
b110111 }
b110111 $"
b1110000 5
b1110000 x
b1110000 ."
b1110000 ""
b11111 9
b11111 !"
1'
#4170000
0'
#4175000
b10000000000000000000000 6
b10000000000000000000000 L
b10000000000000000000000 j
b10000000000000000000000 n
b10000000000000000000000 /"
b0 7
b0 M
b0 b
b0 f
b0 0"
b11111110001001101111100101001000 F
b11111110001001101111100101001000 Z
b11111110001001101111100101001000 s
b11111110001001101111100101001000 w
b11111110001001101111100101001000 J
b11111110001001101111100101001000 k
b11111110001001101111100101001000 u
b0 B
b0 S
b0 p
b0 ("
b0 D
b0 U
b0 V
b0 &"
b0 K
b0 W
b0 \
b0 o
b0 G
b0 ]
b0 c
b0 1"
b1111111111111111100010011011111001010010000000000000000000000000 l
b0 d
b11111110001001101111100101001000 :
b11111110001001101111100101001000 N
b11111110001001101111100101001000 e
b11111110001001101111100101001000 m
b11111110001001101111100101001000 *"
b11101100100000110101110000 A
b11101100100000110101110000 R
b11101100100000110101110000 r
b11101100100000110101110000 )"
b0 C
b0 T
b0 Y
b0 '"
b1110110010000011010111000 <
b1110110010000011010111000 P
b1110110010000011010111000 [
b1110110010000011010111000 t
b1110110010000011010111000 ,"
b0 5
b0 x
b0 ."
b0 ""
b1001000 ?
b1001000 y
b1001000 ~
b1001000 %"
b1000000 @
b1000000 z
b1000000 }
b1000000 $"
b100000 9
b100000 !"
1'
#4180000
0'
#4185000
b1110110010000011011000 6
b1110110010000011011000 L
b1110110010000011011000 j
b1110110010000011011000 n
b1110110010000011011000 /"
b11111111111001111000001000011101 7
b11111111111001111000001000011101 M
b11111111111001111000001000011101 b
b11111111111001111000001000011101 f
b11111111111001111000001000011101 0"
b10000 1"
b0 F
b0 Z
b0 s
b0 w
b0 J
b0 k
b0 u
b1001001 ?
b1001001 y
b1001001 ~
b1001001 %"
b1000001 @
b1000001 z
b1000001 }
b1000001 $"
b10000 5
b10000 x
b10000 ."
b10000 ""
b0 l
b0 :
b0 N
b0 e
b0 m
b0 *"
b0 A
b0 R
b0 r
b0 )"
b0 C
b0 T
b0 Y
b0 '"
b0 <
b0 P
b0 [
b0 t
b0 ,"
b100001 9
b100001 !"
1'
#4190000
0'
#4195000
b1011010100000100111101 6
b1011010100000100111101 L
b1011010100000100111101 j
b1011010100000100111101 n
b1011010100000100111101 /"
b11111111110100101011111011000011 7
b11111111110100101011111011000011 M
b11111111110100101011111011000011 b
b11111111110100101011111011000011 f
b11111111110100101011111011000011 0"
b100000 1"
b100000 5
b100000 x
b100000 ."
b100000 ""
b1001010 ?
b1001010 y
b1001010 ~
b1001010 %"
b1000010 @
b1000010 z
b1000010 }
b1000010 $"
b100010 9
b100010 !"
1'
#4200000
0'
#4205000
b110000111110111100011 6
b110000111110111100011 L
b110000111110111100011 j
b110000111110111100011 n
b110000111110111100011 /"
b11111111110001001101111100101000 7
b11111111110001001101111100101000 M
b11111111110001001101111100101000 b
b11111111110001001101111100101000 f
b11111111110001001101111100101000 0"
b110000 1"
b1001011 ?
b1001011 y
b1001011 ~
b1001011 %"
b1000011 @
b1000011 z
b1000011 }
b1000011 $"
b110000 5
b110000 x
b110000 ."
b110000 ""
b100011 9
b100011 !"
1'
#4210000
0'
#4215000
b0 6
b0 L
b0 j
b0 n
b0 /"
b11111111110000000000000000000000 7
b11111111110000000000000000000000 M
b11111111110000000000000000000000 b
b11111111110000000000000000000000 f
b11111111110000000000000000000000 0"
b1000000 1"
b1000000 5
b1000000 x
b1000000 ."
b1000000 ""
b1001100 ?
b1001100 y
b1001100 ~
b1001100 %"
b1000100 @
b1000100 z
b1000100 }
b1000100 $"
b100100 9
b100100 !"
1'
#4220000
0'
#4225000
b11111111111001111000001000011101 6
b11111111111001111000001000011101 L
b11111111111001111000001000011101 j
b11111111111001111000001000011101 n
b11111111111001111000001000011101 /"
b11111111110001001101111100101000 7
b11111111110001001101111100101000 M
b11111111110001001101111100101000 b
b11111111110001001101111100101000 f
b11111111110001001101111100101000 0"
b1010000 1"
b1001101 ?
b1001101 y
b1001101 ~
b1001101 %"
b1000101 @
b1000101 z
b1000101 }
b1000101 $"
b1010000 5
b1010000 x
b1010000 ."
b1010000 ""
b100101 9
b100101 !"
1'
#4230000
0'
#4235000
b11111111110100101011111011000011 6
b11111111110100101011111011000011 L
b11111111110100101011111011000011 j
b11111111110100101011111011000011 n
b11111111110100101011111011000011 /"
b11111111110100101011111011000011 7
b11111111110100101011111011000011 M
b11111111110100101011111011000011 b
b11111111110100101011111011000011 f
b11111111110100101011111011000011 0"
b1100000 1"
b1100000 5
b1100000 x
b1100000 ."
b1100000 ""
b1001110 ?
b1001110 y
b1001110 ~
b1001110 %"
b1000110 @
b1000110 z
b1000110 }
b1000110 $"
b100110 9
b100110 !"
1'
#4240000
0'
#4245000
b11111111110001001101111100101000 6
b11111111110001001101111100101000 L
b11111111110001001101111100101000 j
b11111111110001001101111100101000 n
b11111111110001001101111100101000 /"
b11111111111001111000001000011101 7
b11111111111001111000001000011101 M
b11111111111001111000001000011101 b
b11111111111001111000001000011101 f
b11111111111001111000001000011101 0"
b1110000 1"
b1001111 ?
b1001111 y
b1001111 ~
b1001111 %"
b1000111 @
b1000111 z
b1000111 }
b1000111 $"
b1110000 5
b1110000 x
b1110000 ."
b1110000 ""
b100111 9
b100111 !"
1'
#4250000
0'
#4255000
b10000000000000000000000 6
b10000000000000000000000 L
b10000000000000000000000 j
b10000000000000000000000 n
b10000000000000000000000 /"
b0 7
b0 M
b0 b
b0 f
b0 0"
b110000111110111100010000 F
b110000111110111100010000 Z
b110000111110111100010000 s
b110000111110111100010000 w
b110000111110111100010000 J
b110000111110111100010000 k
b110000111110111100010000 u
b0 B
b0 S
b0 p
b0 ("
b0 D
b0 U
b0 V
b0 &"
b0 K
b0 W
b0 \
b0 o
b0 G
b0 ]
b0 c
b0 1"
b1100001111101111000100000000000000000000000000 l
b0 d
b110000111110111100010000 :
b110000111110111100010000 N
b110000111110111100010000 e
b110000111110111100010000 m
b110000111110111100010000 *"
b11111110011110000010000111100000 A
b11111110011110000010000111100000 R
b11111110011110000010000111100000 r
b11111110011110000010000111100000 )"
b0 C
b0 T
b0 Y
b0 '"
b11111111001111000001000011110000 <
b11111111001111000001000011110000 P
b11111111001111000001000011110000 [
b11111111001111000001000011110000 t
b11111111001111000001000011110000 ,"
b0 5
b0 x
b0 ."
b0 ""
b1011000 ?
b1011000 y
b1011000 ~
b1011000 %"
b1010000 @
b1010000 z
b1010000 }
b1010000 $"
b101000 9
b101000 !"
1'
#4260000
0'
#4265000
b1110110010000011011000 6
b1110110010000011011000 L
b1110110010000011011000 j
b1110110010000011011000 n
b1110110010000011011000 /"
b11111111111001111000001000011101 7
b11111111111001111000001000011101 M
b11111111111001111000001000011101 b
b11111111111001111000001000011101 f
b11111111111001111000001000011101 0"
b10000 1"
b0 F
b0 Z
b0 s
b0 w
b0 J
b0 k
b0 u
b1011001 ?
b1011001 y
b1011001 ~
b1011001 %"
b1010001 @
b1010001 z
b1010001 }
b1010001 $"
b10000 5
b10000 x
b10000 ."
b10000 ""
b0 l
b0 :
b0 N
b0 e
b0 m
b0 *"
b0 A
b0 R
b0 r
b0 )"
b0 C
b0 T
b0 Y
b0 '"
b0 <
b0 P
b0 [
b0 t
b0 ,"
b101001 9
b101001 !"
1'
#4270000
0'
#4275000
b1011010100000100111101 6
b1011010100000100111101 L
b1011010100000100111101 j
b1011010100000100111101 n
b1011010100000100111101 /"
b11111111110100101011111011000011 7
b11111111110100101011111011000011 M
b11111111110100101011111011000011 b
b11111111110100101011111011000011 f
b11111111110100101011111011000011 0"
b100000 1"
b100000 5
b100000 x
b100000 ."
b100000 ""
b1011010 ?
b1011010 y
b1011010 ~
b1011010 %"
b1010010 @
b1010010 z
b1010010 }
b1010010 $"
b101010 9
b101010 !"
1'
#4280000
0'
#4285000
b110000111110111100011 6
b110000111110111100011 L
b110000111110111100011 j
b110000111110111100011 n
b110000111110111100011 /"
b11111111110001001101111100101000 7
b11111111110001001101111100101000 M
b11111111110001001101111100101000 b
b11111111110001001101111100101000 f
b11111111110001001101111100101000 0"
b110000 1"
b1011011 ?
b1011011 y
b1011011 ~
b1011011 %"
b1010011 @
b1010011 z
b1010011 }
b1010011 $"
b110000 5
b110000 x
b110000 ."
b110000 ""
b101011 9
b101011 !"
1'
#4290000
0'
#4295000
b0 6
b0 L
b0 j
b0 n
b0 /"
b11111111110000000000000000000000 7
b11111111110000000000000000000000 M
b11111111110000000000000000000000 b
b11111111110000000000000000000000 f
b11111111110000000000000000000000 0"
b1000000 1"
b1000000 5
b1000000 x
b1000000 ."
b1000000 ""
b1011100 ?
b1011100 y
b1011100 ~
b1011100 %"
b1010100 @
b1010100 z
b1010100 }
b1010100 $"
b101100 9
b101100 !"
1'
#4300000
0'
#4305000
b11111111111001111000001000011101 6
b11111111111001111000001000011101 L
b11111111111001111000001000011101 j
b11111111111001111000001000011101 n
b11111111111001111000001000011101 /"
b11111111110001001101111100101000 7
b11111111110001001101111100101000 M
b11111111110001001101111100101000 b
b11111111110001001101111100101000 f
b11111111110001001101111100101000 0"
b1010000 1"
b1011101 ?
b1011101 y
b1011101 ~
b1011101 %"
b1010101 @
b1010101 z
b1010101 }
b1010101 $"
b1010000 5
b1010000 x
b1010000 ."
b1010000 ""
b101101 9
b101101 !"
1'
#4310000
0'
#4315000
b11111111110100101011111011000011 6
b11111111110100101011111011000011 L
b11111111110100101011111011000011 j
b11111111110100101011111011000011 n
b11111111110100101011111011000011 /"
b11111111110100101011111011000011 7
b11111111110100101011111011000011 M
b11111111110100101011111011000011 b
b11111111110100101011111011000011 f
b11111111110100101011111011000011 0"
b1100000 1"
b1100000 5
b1100000 x
b1100000 ."
b1100000 ""
b1011110 ?
b1011110 y
b1011110 ~
b1011110 %"
b1010110 @
b1010110 z
b1010110 }
b1010110 $"
b101110 9
b101110 !"
1'
#4320000
0'
#4325000
b11111111110001001101111100101000 6
b11111111110001001101111100101000 L
b11111111110001001101111100101000 j
b11111111110001001101111100101000 n
b11111111110001001101111100101000 /"
b11111111111001111000001000011101 7
b11111111111001111000001000011101 M
b11111111111001111000001000011101 b
b11111111111001111000001000011101 f
b11111111111001111000001000011101 0"
b1110000 1"
b1011111 ?
b1011111 y
b1011111 ~
b1011111 %"
b1010111 @
b1010111 z
b1010111 }
b1010111 $"
b1110000 5
b1110000 x
b1110000 ."
b1110000 ""
b101111 9
b101111 !"
1'
#4330000
0'
#4335000
b10000000000000000000000 6
b10000000000000000000000 L
b10000000000000000000000 j
b10000000000000000000000 n
b10000000000000000000000 /"
b0 7
b0 M
b0 b
b0 f
b0 0"
b11111111001111000001000011110000 F
b11111111001111000001000011110000 Z
b11111111001111000001000011110000 s
b11111111001111000001000011110000 w
b11111111001111000001000011110000 J
b11111111001111000001000011110000 k
b11111111001111000001000011110000 u
b0 B
b0 S
b0 p
b0 ("
b0 D
b0 U
b0 V
b0 &"
b0 K
b0 W
b0 \
b0 o
b0 G
b0 ]
b0 c
b0 1"
b1111111111111111110011110000010000111100000000000000000000000000 l
b0 d
b11111111001111000001000011110000 :
b11111111001111000001000011110000 N
b11111111001111000001000011110000 e
b11111111001111000001000011110000 m
b11111111001111000001000011110000 *"
b1100001111101111000100000 A
b1100001111101111000100000 R
b1100001111101111000100000 r
b1100001111101111000100000 )"
b0 C
b0 T
b0 Y
b0 '"
b110000111110111100010000 <
b110000111110111100010000 P
b110000111110111100010000 [
b110000111110111100010000 t
b110000111110111100010000 ,"
b0 5
b0 x
b0 ."
b0 ""
b1101000 ?
b1101000 y
b1101000 ~
b1101000 %"
b1100000 @
b1100000 z
b1100000 }
b1100000 $"
b110000 9
b110000 !"
1'
#4340000
0'
#4345000
b1110110010000011011000 6
b1110110010000011011000 L
b1110110010000011011000 j
b1110110010000011011000 n
b1110110010000011011000 /"
b11111111111001111000001000011101 7
b11111111111001111000001000011101 M
b11111111111001111000001000011101 b
b11111111111001111000001000011101 f
b11111111111001111000001000011101 0"
b10000 1"
b0 F
b0 Z
b0 s
b0 w
b0 J
b0 k
b0 u
b1101001 ?
b1101001 y
b1101001 ~
b1101001 %"
b1100001 @
b1100001 z
b1100001 }
b1100001 $"
b10000 5
b10000 x
b10000 ."
b10000 ""
b0 l
b0 :
b0 N
b0 e
b0 m
b0 *"
b0 A
b0 R
b0 r
b0 )"
b0 C
b0 T
b0 Y
b0 '"
b0 <
b0 P
b0 [
b0 t
b0 ,"
b110001 9
b110001 !"
1'
#4350000
0'
#4355000
b1011010100000100111101 6
b1011010100000100111101 L
b1011010100000100111101 j
b1011010100000100111101 n
b1011010100000100111101 /"
b11111111110100101011111011000011 7
b11111111110100101011111011000011 M
b11111111110100101011111011000011 b
b11111111110100101011111011000011 f
b11111111110100101011111011000011 0"
b100000 1"
b100000 5
b100000 x
b100000 ."
b100000 ""
b1101010 ?
b1101010 y
b1101010 ~
b1101010 %"
b1100010 @
b1100010 z
b1100010 }
b1100010 $"
b110010 9
b110010 !"
1'
#4360000
0'
#4365000
b110000111110111100011 6
b110000111110111100011 L
b110000111110111100011 j
b110000111110111100011 n
b110000111110111100011 /"
b11111111110001001101111100101000 7
b11111111110001001101111100101000 M
b11111111110001001101111100101000 b
b11111111110001001101111100101000 f
b11111111110001001101111100101000 0"
b110000 1"
b1101011 ?
b1101011 y
b1101011 ~
b1101011 %"
b1100011 @
b1100011 z
b1100011 }
b1100011 $"
b110000 5
b110000 x
b110000 ."
b110000 ""
b110011 9
b110011 !"
1'
#4370000
0'
#4375000
b0 6
b0 L
b0 j
b0 n
b0 /"
b11111111110000000000000000000000 7
b11111111110000000000000000000000 M
b11111111110000000000000000000000 b
b11111111110000000000000000000000 f
b11111111110000000000000000000000 0"
b1000000 1"
b1000000 5
b1000000 x
b1000000 ."
b1000000 ""
b1101100 ?
b1101100 y
b1101100 ~
b1101100 %"
b1100100 @
b1100100 z
b1100100 }
b1100100 $"
b110100 9
b110100 !"
1'
#4380000
0'
#4385000
b11111111111001111000001000011101 6
b11111111111001111000001000011101 L
b11111111111001111000001000011101 j
b11111111111001111000001000011101 n
b11111111111001111000001000011101 /"
b11111111110001001101111100101000 7
b11111111110001001101111100101000 M
b11111111110001001101111100101000 b
b11111111110001001101111100101000 f
b11111111110001001101111100101000 0"
b1010000 1"
b1101101 ?
b1101101 y
b1101101 ~
b1101101 %"
b1100101 @
b1100101 z
b1100101 }
b1100101 $"
b1010000 5
b1010000 x
b1010000 ."
b1010000 ""
b110101 9
b110101 !"
1'
#4390000
0'
#4395000
b11111111110100101011111011000011 6
b11111111110100101011111011000011 L
b11111111110100101011111011000011 j
b11111111110100101011111011000011 n
b11111111110100101011111011000011 /"
b11111111110100101011111011000011 7
b11111111110100101011111011000011 M
b11111111110100101011111011000011 b
b11111111110100101011111011000011 f
b11111111110100101011111011000011 0"
b1100000 1"
b1100000 5
b1100000 x
b1100000 ."
b1100000 ""
b1101110 ?
b1101110 y
b1101110 ~
b1101110 %"
b1100110 @
b1100110 z
b1100110 }
b1100110 $"
b110110 9
b110110 !"
1'
#4400000
0'
#4405000
b11111111110001001101111100101000 6
b11111111110001001101111100101000 L
b11111111110001001101111100101000 j
b11111111110001001101111100101000 n
b11111111110001001101111100101000 /"
b11111111111001111000001000011101 7
b11111111111001111000001000011101 M
b11111111111001111000001000011101 b
b11111111111001111000001000011101 f
b11111111111001111000001000011101 0"
b1110000 1"
b1101111 ?
b1101111 y
b1101111 ~
b1101111 %"
b1100111 @
b1100111 z
b1100111 }
b1100111 $"
b1110000 5
b1110000 x
b1110000 ."
b1110000 ""
b110111 9
b110111 !"
1'
#4410000
0'
#4415000
b10000000000000000000000 6
b10000000000000000000000 L
b10000000000000000000000 j
b10000000000000000000000 n
b10000000000000000000000 /"
b0 7
b0 M
b0 b
b0 f
b0 0"
b1110110010000011010111000 F
b1110110010000011010111000 Z
b1110110010000011010111000 s
b1110110010000011010111000 w
b1110110010000011010111000 J
b1110110010000011010111000 k
b1110110010000011010111000 u
b0 B
b0 S
b0 p
b0 ("
b0 D
b0 U
b0 V
b0 &"
b0 K
b0 W
b0 \
b0 o
b0 G
b0 ]
b0 c
b0 1"
b11101100100000110101110000000000000000000000000 l
b0 d
b1110110010000011010111000 :
b1110110010000011010111000 N
b1110110010000011010111000 e
b1110110010000011010111000 m
b1110110010000011010111000 *"
b11111100010011011111001010010000 A
b11111100010011011111001010010000 R
b11111100010011011111001010010000 r
b11111100010011011111001010010000 )"
b0 C
b0 T
b0 Y
b0 '"
b11111110001001101111100101001000 <
b11111110001001101111100101001000 P
b11111110001001101111100101001000 [
b11111110001001101111100101001000 t
b11111110001001101111100101001000 ,"
b0 5
b0 x
b0 ."
b0 ""
b1111000 ?
b1111000 y
b1111000 ~
b1111000 %"
b1110000 @
b1110000 z
b1110000 }
b1110000 $"
b111000 9
b111000 !"
1'
#4420000
0'
#4425000
b1110110010000011011000 6
b1110110010000011011000 L
b1110110010000011011000 j
b1110110010000011011000 n
b1110110010000011011000 /"
b11111111111001111000001000011101 7
b11111111111001111000001000011101 M
b11111111111001111000001000011101 b
b11111111111001111000001000011101 f
b11111111111001111000001000011101 0"
b10000 1"
b0 F
b0 Z
b0 s
b0 w
b0 J
b0 k
b0 u
b1111001 ?
b1111001 y
b1111001 ~
b1111001 %"
b1110001 @
b1110001 z
b1110001 }
b1110001 $"
b10000 5
b10000 x
b10000 ."
b10000 ""
b0 l
b0 :
b0 N
b0 e
b0 m
b0 *"
b0 A
b0 R
b0 r
b0 )"
b0 C
b0 T
b0 Y
b0 '"
b0 <
b0 P
b0 [
b0 t
b0 ,"
b111001 9
b111001 !"
1'
#4430000
0'
#4435000
b1011010100000100111101 6
b1011010100000100111101 L
b1011010100000100111101 j
b1011010100000100111101 n
b1011010100000100111101 /"
b11111111110100101011111011000011 7
b11111111110100101011111011000011 M
b11111111110100101011111011000011 b
b11111111110100101011111011000011 f
b11111111110100101011111011000011 0"
b100000 1"
b100000 5
b100000 x
b100000 ."
b100000 ""
b1111010 ?
b1111010 y
b1111010 ~
b1111010 %"
b1110010 @
b1110010 z
b1110010 }
b1110010 $"
b111010 9
b111010 !"
1'
#4440000
0'
#4445000
b110000111110111100011 6
b110000111110111100011 L
b110000111110111100011 j
b110000111110111100011 n
b110000111110111100011 /"
b11111111110001001101111100101000 7
b11111111110001001101111100101000 M
b11111111110001001101111100101000 b
b11111111110001001101111100101000 f
b11111111110001001101111100101000 0"
b110000 1"
b1111011 ?
b1111011 y
b1111011 ~
b1111011 %"
b1110011 @
b1110011 z
b1110011 }
b1110011 $"
b110000 5
b110000 x
b110000 ."
b110000 ""
b111011 9
b111011 !"
1'
#4450000
0'
#4455000
b0 6
b0 L
b0 j
b0 n
b0 /"
b11111111110000000000000000000000 7
b11111111110000000000000000000000 M
b11111111110000000000000000000000 b
b11111111110000000000000000000000 f
b11111111110000000000000000000000 0"
b1000000 1"
b1000000 5
b1000000 x
b1000000 ."
b1000000 ""
b1111100 ?
b1111100 y
b1111100 ~
b1111100 %"
b1110100 @
b1110100 z
b1110100 }
b1110100 $"
b111100 9
b111100 !"
1'
#4460000
0'
#4465000
b11111111111001111000001000011101 6
b11111111111001111000001000011101 L
b11111111111001111000001000011101 j
b11111111111001111000001000011101 n
b11111111111001111000001000011101 /"
b11111111110001001101111100101000 7
b11111111110001001101111100101000 M
b11111111110001001101111100101000 b
b11111111110001001101111100101000 f
b11111111110001001101111100101000 0"
b1010000 1"
b1111101 ?
b1111101 y
b1111101 ~
b1111101 %"
b1110101 @
b1110101 z
b1110101 }
b1110101 $"
b1010000 5
b1010000 x
b1010000 ."
b1010000 ""
b111101 9
b111101 !"
1'
#4470000
0'
#4475000
b11111111110100101011111011000011 6
b11111111110100101011111011000011 L
b11111111110100101011111011000011 j
b11111111110100101011111011000011 n
b11111111110100101011111011000011 /"
b11111111110100101011111011000011 7
b11111111110100101011111011000011 M
b11111111110100101011111011000011 b
b11111111110100101011111011000011 f
b11111111110100101011111011000011 0"
b1100000 1"
b1100000 5
b1100000 x
b1100000 ."
b1100000 ""
b1111110 ?
b1111110 y
b1111110 ~
b1111110 %"
b1110110 @
b1110110 z
b1110110 }
b1110110 $"
b111110 9
b111110 !"
1'
#4480000
0'
#4485000
b11111111110001001101111100101000 6
b11111111110001001101111100101000 L
b11111111110001001101111100101000 j
b11111111110001001101111100101000 n
b11111111110001001101111100101000 /"
b11111111111001111000001000011101 7
b11111111111001111000001000011101 M
b11111111111001111000001000011101 b
b11111111111001111000001000011101 f
b11111111111001111000001000011101 0"
b1110000 1"
b1111111 ?
b1111111 y
b1111111 ~
b1111111 %"
b1110111 @
b1110111 z
b1110111 }
b1110111 $"
b1110000 5
b1110000 x
b1110000 ."
b1110000 ""
b111111 9
b111111 !"
1'
#4490000
0'
#4495000
b10000000000000000000000 6
b10000000000000000000000 L
b10000000000000000000000 j
b10000000000000000000000 n
b10000000000000000000000 /"
b0 7
b0 M
b0 b
b0 f
b0 0"
b11111110000010011101011010001000 F
b11111110000010011101011010001000 Z
b11111110000010011101011010001000 s
b11111110000010011101011010001000 w
b11111110000010011101011010001000 J
b11111110000010011101011010001000 k
b11111110000010011101011010001000 u
b0 B
b0 S
b0 p
b0 ("
b0 D
b0 U
b0 V
b0 &"
b0 K
b0 W
b0 \
b0 o
b0 G
b0 ]
b0 c
b0 1"
b1111111111111111100000100111010110100010000000000000000000000000 l
b0 d
b11111110000010011101011010001000 :
b11111110000010011101011010001000 N
b11111110000010011101011010001000 e
b11111110000010011101011010001000 m
b11111110000010011101011010001000 *"
b11111011000101001011110000 A
b11111011000101001011110000 R
b11111011000101001011110000 r
b11111011000101001011110000 )"
b0 C
b0 T
b0 Y
b0 '"
b1111101100010100101111000 <
b1111101100010100101111000 P
b1111101100010100101111000 [
b1111101100010100101111000 t
b1111101100010100101111000 ,"
b0 5
b0 x
b0 ."
b0 ""
b10001000 ?
b10001000 y
b10001000 ~
b10001000 %"
b10000000 @
b10000000 z
b10000000 }
b10000000 $"
b1000000 9
b1000000 !"
1'
#4500000
0'
#4505000
b1110110010000011011000 6
b1110110010000011011000 L
b1110110010000011011000 j
b1110110010000011011000 n
b1110110010000011011000 /"
b11111111111001111000001000011101 7
b11111111111001111000001000011101 M
b11111111111001111000001000011101 b
b11111111111001111000001000011101 f
b11111111111001111000001000011101 0"
b10000 1"
b0 F
b0 Z
b0 s
b0 w
b0 J
b0 k
b0 u
b10001001 ?
b10001001 y
b10001001 ~
b10001001 %"
b10000001 @
b10000001 z
b10000001 }
b10000001 $"
b10000 5
b10000 x
b10000 ."
b10000 ""
b0 l
b0 :
b0 N
b0 e
b0 m
b0 *"
b0 A
b0 R
b0 r
b0 )"
b0 C
b0 T
b0 Y
b0 '"
b0 <
b0 P
b0 [
b0 t
b0 ,"
b1000001 9
b1000001 !"
1'
#4510000
0'
#4515000
b1011010100000100111101 6
b1011010100000100111101 L
b1011010100000100111101 j
b1011010100000100111101 n
b1011010100000100111101 /"
b11111111110100101011111011000011 7
b11111111110100101011111011000011 M
b11111111110100101011111011000011 b
b11111111110100101011111011000011 f
b11111111110100101011111011000011 0"
b100000 1"
b100000 5
b100000 x
b100000 ."
b100000 ""
b10001010 ?
b10001010 y
b10001010 ~
b10001010 %"
b10000010 @
b10000010 z
b10000010 }
b10000010 $"
b1000010 9
b1000010 !"
1'
#4520000
0'
#4525000
b110000111110111100011 6
b110000111110111100011 L
b110000111110111100011 j
b110000111110111100011 n
b110000111110111100011 /"
b11111111110001001101111100101000 7
b11111111110001001101111100101000 M
b11111111110001001101111100101000 b
b11111111110001001101111100101000 f
b11111111110001001101111100101000 0"
b110000 1"
b10001011 ?
b10001011 y
b10001011 ~
b10001011 %"
b10000011 @
b10000011 z
b10000011 }
b10000011 $"
b110000 5
b110000 x
b110000 ."
b110000 ""
b1000011 9
b1000011 !"
1'
#4530000
0'
#4535000
b0 6
b0 L
b0 j
b0 n
b0 /"
b11111111110000000000000000000000 7
b11111111110000000000000000000000 M
b11111111110000000000000000000000 b
b11111111110000000000000000000000 f
b11111111110000000000000000000000 0"
b1000000 1"
b1000000 5
b1000000 x
b1000000 ."
b1000000 ""
b10001100 ?
b10001100 y
b10001100 ~
b10001100 %"
b10000100 @
b10000100 z
b10000100 }
b10000100 $"
b1000100 9
b1000100 !"
1'
#4540000
0'
#4545000
b11111111111001111000001000011101 6
b11111111111001111000001000011101 L
b11111111111001111000001000011101 j
b11111111111001111000001000011101 n
b11111111111001111000001000011101 /"
b11111111110001001101111100101000 7
b11111111110001001101111100101000 M
b11111111110001001101111100101000 b
b11111111110001001101111100101000 f
b11111111110001001101111100101000 0"
b1010000 1"
b10001101 ?
b10001101 y
b10001101 ~
b10001101 %"
b10000101 @
b10000101 z
b10000101 }
b10000101 $"
b1010000 5
b1010000 x
b1010000 ."
b1010000 ""
b1000101 9
b1000101 !"
1'
#4550000
0'
#4555000
b11111111110100101011111011000011 6
b11111111110100101011111011000011 L
b11111111110100101011111011000011 j
b11111111110100101011111011000011 n
b11111111110100101011111011000011 /"
b11111111110100101011111011000011 7
b11111111110100101011111011000011 M
b11111111110100101011111011000011 b
b11111111110100101011111011000011 f
b11111111110100101011111011000011 0"
b1100000 1"
b1100000 5
b1100000 x
b1100000 ."
b1100000 ""
b10001110 ?
b10001110 y
b10001110 ~
b10001110 %"
b10000110 @
b10000110 z
b10000110 }
b10000110 $"
b1000110 9
b1000110 !"
1'
#4560000
0'
#4565000
b11111111110001001101111100101000 6
b11111111110001001101111100101000 L
b11111111110001001101111100101000 j
b11111111110001001101111100101000 n
b11111111110001001101111100101000 /"
b11111111111001111000001000011101 7
b11111111111001111000001000011101 M
b11111111111001111000001000011101 b
b11111111111001111000001000011101 f
b11111111111001111000001000011101 0"
b1110000 1"
b10001111 ?
b10001111 y
b10001111 ~
b10001111 %"
b10000111 @
b10000111 z
b10000111 }
b10000111 $"
b1110000 5
b1110000 x
b1110000 ."
b1110000 ""
b1000111 9
b1000111 !"
1'
#4570000
0'
#4575000
b10000000000000000000000 6
b10000000000000000000000 L
b10000000000000000000000 j
b10000000000000000000000 n
b10000000000000000000000 /"
b0 7
b0 M
b0 b
b0 f
b0 0"
b11000111110001011100000 F
b11000111110001011100000 Z
b11000111110001011100000 s
b11000111110001011100000 w
b11000111110001011100000 J
b11000111110001011100000 k
b11000111110001011100000 u
b0 B
b0 S
b0 p
b0 ("
b0 D
b0 U
b0 V
b0 &"
b0 K
b0 W
b0 \
b0 o
b0 G
b0 ]
b0 c
b0 1"
b110001111100010111000000000000000000000000000 l
b0 d
b11000111110001011100000 :
b11000111110001011100000 N
b11000111110001011100000 e
b11000111110001011100000 m
b11000111110001011100000 *"
b11111111001110000011101001000000 A
b11111111001110000011101001000000 R
b11111111001110000011101001000000 r
b11111111001110000011101001000000 )"
b0 C
b0 T
b0 Y
b0 '"
b11111111100111000001110100100000 <
b11111111100111000001110100100000 P
b11111111100111000001110100100000 [
b11111111100111000001110100100000 t
b11111111100111000001110100100000 ,"
b0 5
b0 x
b0 ."
b0 ""
b10011000 ?
b10011000 y
b10011000 ~
b10011000 %"
b10010000 @
b10010000 z
b10010000 }
b10010000 $"
b1001000 9
b1001000 !"
1'
#4580000
0'
#4585000
b1110110010000011011000 6
b1110110010000011011000 L
b1110110010000011011000 j
b1110110010000011011000 n
b1110110010000011011000 /"
b11111111111001111000001000011101 7
b11111111111001111000001000011101 M
b11111111111001111000001000011101 b
b11111111111001111000001000011101 f
b11111111111001111000001000011101 0"
b10000 1"
b0 F
b0 Z
b0 s
b0 w
b0 J
b0 k
b0 u
b10011001 ?
b10011001 y
b10011001 ~
b10011001 %"
b10010001 @
b10010001 z
b10010001 }
b10010001 $"
b10000 5
b10000 x
b10000 ."
b10000 ""
b0 l
b0 :
b0 N
b0 e
b0 m
b0 *"
b0 A
b0 R
b0 r
b0 )"
b0 C
b0 T
b0 Y
b0 '"
b0 <
b0 P
b0 [
b0 t
b0 ,"
b1001001 9
b1001001 !"
1'
#4590000
0'
#4595000
b1011010100000100111101 6
b1011010100000100111101 L
b1011010100000100111101 j
b1011010100000100111101 n
b1011010100000100111101 /"
b11111111110100101011111011000011 7
b11111111110100101011111011000011 M
b11111111110100101011111011000011 b
b11111111110100101011111011000011 f
b11111111110100101011111011000011 0"
b100000 1"
b100000 5
b100000 x
b100000 ."
b100000 ""
b10011010 ?
b10011010 y
b10011010 ~
b10011010 %"
b10010010 @
b10010010 z
b10010010 }
b10010010 $"
b1001010 9
b1001010 !"
1'
#4600000
0'
#4605000
b110000111110111100011 6
b110000111110111100011 L
b110000111110111100011 j
b110000111110111100011 n
b110000111110111100011 /"
b11111111110001001101111100101000 7
b11111111110001001101111100101000 M
b11111111110001001101111100101000 b
b11111111110001001101111100101000 f
b11111111110001001101111100101000 0"
b110000 1"
b10011011 ?
b10011011 y
b10011011 ~
b10011011 %"
b10010011 @
b10010011 z
b10010011 }
b10010011 $"
b110000 5
b110000 x
b110000 ."
b110000 ""
b1001011 9
b1001011 !"
1'
#4610000
0'
#4615000
b0 6
b0 L
b0 j
b0 n
b0 /"
b11111111110000000000000000000000 7
b11111111110000000000000000000000 M
b11111111110000000000000000000000 b
b11111111110000000000000000000000 f
b11111111110000000000000000000000 0"
b1000000 1"
b1000000 5
b1000000 x
b1000000 ."
b1000000 ""
b10011100 ?
b10011100 y
b10011100 ~
b10011100 %"
b10010100 @
b10010100 z
b10010100 }
b10010100 $"
b1001100 9
b1001100 !"
1'
#4620000
0'
#4625000
b11111111111001111000001000011101 6
b11111111111001111000001000011101 L
b11111111111001111000001000011101 j
b11111111111001111000001000011101 n
b11111111111001111000001000011101 /"
b11111111110001001101111100101000 7
b11111111110001001101111100101000 M
b11111111110001001101111100101000 b
b11111111110001001101111100101000 f
b11111111110001001101111100101000 0"
b1010000 1"
b10011101 ?
b10011101 y
b10011101 ~
b10011101 %"
b10010101 @
b10010101 z
b10010101 }
b10010101 $"
b1010000 5
b1010000 x
b1010000 ."
b1010000 ""
b1001101 9
b1001101 !"
1'
#4630000
0'
#4635000
b11111111110100101011111011000011 6
b11111111110100101011111011000011 L
b11111111110100101011111011000011 j
b11111111110100101011111011000011 n
b11111111110100101011111011000011 /"
b11111111110100101011111011000011 7
b11111111110100101011111011000011 M
b11111111110100101011111011000011 b
b11111111110100101011111011000011 f
b11111111110100101011111011000011 0"
b1100000 1"
b1100000 5
b1100000 x
b1100000 ."
b1100000 ""
b10011110 ?
b10011110 y
b10011110 ~
b10011110 %"
b10010110 @
b10010110 z
b10010110 }
b10010110 $"
b1001110 9
b1001110 !"
1'
#4640000
0'
#4645000
b11111111110001001101111100101000 6
b11111111110001001101111100101000 L
b11111111110001001101111100101000 j
b11111111110001001101111100101000 n
b11111111110001001101111100101000 /"
b11111111111001111000001000011101 7
b11111111111001111000001000011101 M
b11111111111001111000001000011101 b
b11111111111001111000001000011101 f
b11111111111001111000001000011101 0"
b1110000 1"
b10011111 ?
b10011111 y
b10011111 ~
b10011111 %"
b10010111 @
b10010111 z
b10010111 }
b10010111 $"
b1110000 5
b1110000 x
b1110000 ."
b1110000 ""
b1001111 9
b1001111 !"
1'
#4650000
0'
#4655000
b10000000000000000000000 6
b10000000000000000000000 L
b10000000000000000000000 j
b10000000000000000000000 n
b10000000000000000000000 /"
b0 7
b0 M
b0 b
b0 f
b0 0"
b11111110111000111000110001010000 F
b11111110111000111000110001010000 Z
b11111110111000111000110001010000 s
b11111110111000111000110001010000 w
b11111110111000111000110001010000 J
b11111110111000111000110001010000 k
b11111110111000111000110001010000 u
b0 B
b0 S
b0 p
b0 ("
b0 D
b0 U
b0 V
b0 &"
b0 K
b0 W
b0 \
b0 o
b0 G
b0 ]
b0 c
b0 1"
b1111111111111111101110001110001100010100000000000000000000000000 l
b0 d
b11111110111000111000110001010000 :
b11111110111000111000110001010000 N
b11111110111000111000110001010000 e
b11111110111000111000110001010000 m
b11111110111000111000110001010000 *"
b10001110001110011101100000 A
b10001110001110011101100000 R
b10001110001110011101100000 r
b10001110001110011101100000 )"
b0 C
b0 T
b0 Y
b0 '"
b1000111000111001110110000 <
b1000111000111001110110000 P
b1000111000111001110110000 [
b1000111000111001110110000 t
b1000111000111001110110000 ,"
b0 5
b0 x
b0 ."
b0 ""
b10101000 ?
b10101000 y
b10101000 ~
b10101000 %"
b10100000 @
b10100000 z
b10100000 }
b10100000 $"
b1010000 9
b1010000 !"
1'
#4660000
0'
#4665000
b1110110010000011011000 6
b1110110010000011011000 L
b1110110010000011011000 j
b1110110010000011011000 n
b1110110010000011011000 /"
b11111111111001111000001000011101 7
b11111111111001111000001000011101 M
b11111111111001111000001000011101 b
b11111111111001111000001000011101 f
b11111111111001111000001000011101 0"
b10000 1"
b0 F
b0 Z
b0 s
b0 w
b0 J
b0 k
b0 u
b10101001 ?
b10101001 y
b10101001 ~
b10101001 %"
b10100001 @
b10100001 z
b10100001 }
b10100001 $"
b10000 5
b10000 x
b10000 ."
b10000 ""
b0 l
b0 :
b0 N
b0 e
b0 m
b0 *"
b0 A
b0 R
b0 r
b0 )"
b0 C
b0 T
b0 Y
b0 '"
b0 <
b0 P
b0 [
b0 t
b0 ,"
b1010001 9
b1010001 !"
1'
#4670000
0'
#4675000
b1011010100000100111101 6
b1011010100000100111101 L
b1011010100000100111101 j
b1011010100000100111101 n
b1011010100000100111101 /"
b11111111110100101011111011000011 7
b11111111110100101011111011000011 M
b11111111110100101011111011000011 b
b11111111110100101011111011000011 f
b11111111110100101011111011000011 0"
b100000 1"
b100000 5
b100000 x
b100000 ."
b100000 ""
b10101010 ?
b10101010 y
b10101010 ~
b10101010 %"
b10100010 @
b10100010 z
b10100010 }
b10100010 $"
b1010010 9
b1010010 !"
1'
#4680000
0'
#4685000
b110000111110111100011 6
b110000111110111100011 L
b110000111110111100011 j
b110000111110111100011 n
b110000111110111100011 /"
b11111111110001001101111100101000 7
b11111111110001001101111100101000 M
b11111111110001001101111100101000 b
b11111111110001001101111100101000 f
b11111111110001001101111100101000 0"
b110000 1"
b10101011 ?
b10101011 y
b10101011 ~
b10101011 %"
b10100011 @
b10100011 z
b10100011 }
b10100011 $"
b110000 5
b110000 x
b110000 ."
b110000 ""
b1010011 9
b1010011 !"
1'
#4690000
0'
#4695000
b0 6
b0 L
b0 j
b0 n
b0 /"
b11111111110000000000000000000000 7
b11111111110000000000000000000000 M
b11111111110000000000000000000000 b
b11111111110000000000000000000000 f
b11111111110000000000000000000000 0"
b1000000 1"
b1000000 5
b1000000 x
b1000000 ."
b1000000 ""
b10101100 ?
b10101100 y
b10101100 ~
b10101100 %"
b10100100 @
b10100100 z
b10100100 }
b10100100 $"
b1010100 9
b1010100 !"
1'
#4700000
0'
#4705000
b11111111111001111000001000011101 6
b11111111111001111000001000011101 L
b11111111111001111000001000011101 j
b11111111111001111000001000011101 n
b11111111111001111000001000011101 /"
b11111111110001001101111100101000 7
b11111111110001001101111100101000 M
b11111111110001001101111100101000 b
b11111111110001001101111100101000 f
b11111111110001001101111100101000 0"
b1010000 1"
b10101101 ?
b10101101 y
b10101101 ~
b10101101 %"
b10100101 @
b10100101 z
b10100101 }
b10100101 $"
b1010000 5
b1010000 x
b1010000 ."
b1010000 ""
b1010101 9
b1010101 !"
1'
#4710000
0'
#4715000
b11111111110100101011111011000011 6
b11111111110100101011111011000011 L
b11111111110100101011111011000011 j
b11111111110100101011111011000011 n
b11111111110100101011111011000011 /"
b11111111110100101011111011000011 7
b11111111110100101011111011000011 M
b11111111110100101011111011000011 b
b11111111110100101011111011000011 f
b11111111110100101011111011000011 0"
b1100000 1"
b1100000 5
b1100000 x
b1100000 ."
b1100000 ""
b10101110 ?
b10101110 y
b10101110 ~
b10101110 %"
b10100110 @
b10100110 z
b10100110 }
b10100110 $"
b1010110 9
b1010110 !"
1'
#4720000
0'
#4725000
b11111111110001001101111100101000 6
b11111111110001001101111100101000 L
b11111111110001001101111100101000 j
b11111111110001001101111100101000 n
b11111111110001001101111100101000 /"
b11111111111001111000001000011101 7
b11111111111001111000001000011101 M
b11111111111001111000001000011101 b
b11111111111001111000001000011101 f
b11111111111001111000001000011101 0"
b1110000 1"
b10101111 ?
b10101111 y
b10101111 ~
b10101111 %"
b10100111 @
b10100111 z
b10100111 }
b10100111 $"
b1110000 5
b1110000 x
b1110000 ."
b1110000 ""
b1010111 9
b1010111 !"
1'
#4730000
0'
#4735000
b10000000000000000000000 6
b10000000000000000000000 L
b10000000000000000000000 j
b10000000000000000000000 n
b10000000000000000000000 /"
b0 7
b0 M
b0 b
b0 f
b0 0"
b1101010011011011001100000 F
b1101010011011011001100000 Z
b1101010011011011001100000 s
b1101010011011011001100000 w
b1101010011011011001100000 J
b1101010011011011001100000 k
b1101010011011011001100000 u
b0 B
b0 S
b0 p
b0 ("
b0 D
b0 U
b0 V
b0 &"
b0 K
b0 W
b0 \
b0 o
b0 G
b0 ]
b0 c
b0 1"
b11010100110110110011000000000000000000000000000 l
b0 d
b1101010011011011001100000 :
b1101010011011011001100000 N
b1101010011011011001100000 e
b1101010011011011001100000 m
b1101010011011011001100000 *"
b11111100101011001001001101000000 A
b11111100101011001001001101000000 R
b11111100101011001001001101000000 r
b11111100101011001001001101000000 )"
b0 C
b0 T
b0 Y
b0 '"
b11111110010101100100100110100000 <
b11111110010101100100100110100000 P
b11111110010101100100100110100000 [
b11111110010101100100100110100000 t
b11111110010101100100100110100000 ,"
b0 5
b0 x
b0 ."
b0 ""
b10111000 ?
b10111000 y
b10111000 ~
b10111000 %"
b10110000 @
b10110000 z
b10110000 }
b10110000 $"
b1011000 9
b1011000 !"
1'
#4740000
0'
#4745000
b1110110010000011011000 6
b1110110010000011011000 L
b1110110010000011011000 j
b1110110010000011011000 n
b1110110010000011011000 /"
b11111111111001111000001000011101 7
b11111111111001111000001000011101 M
b11111111111001111000001000011101 b
b11111111111001111000001000011101 f
b11111111111001111000001000011101 0"
b10000 1"
b0 F
b0 Z
b0 s
b0 w
b0 J
b0 k
b0 u
b10111001 ?
b10111001 y
b10111001 ~
b10111001 %"
b10110001 @
b10110001 z
b10110001 }
b10110001 $"
b10000 5
b10000 x
b10000 ."
b10000 ""
b0 l
b0 :
b0 N
b0 e
b0 m
b0 *"
b0 A
b0 R
b0 r
b0 )"
b0 C
b0 T
b0 Y
b0 '"
b0 <
b0 P
b0 [
b0 t
b0 ,"
b1011001 9
b1011001 !"
1'
#4750000
0'
#4755000
b1011010100000100111101 6
b1011010100000100111101 L
b1011010100000100111101 j
b1011010100000100111101 n
b1011010100000100111101 /"
b11111111110100101011111011000011 7
b11111111110100101011111011000011 M
b11111111110100101011111011000011 b
b11111111110100101011111011000011 f
b11111111110100101011111011000011 0"
b100000 1"
b100000 5
b100000 x
b100000 ."
b100000 ""
b10111010 ?
b10111010 y
b10111010 ~
b10111010 %"
b10110010 @
b10110010 z
b10110010 }
b10110010 $"
b1011010 9
b1011010 !"
1'
#4760000
0'
#4765000
b110000111110111100011 6
b110000111110111100011 L
b110000111110111100011 j
b110000111110111100011 n
b110000111110111100011 /"
b11111111110001001101111100101000 7
b11111111110001001101111100101000 M
b11111111110001001101111100101000 b
b11111111110001001101111100101000 f
b11111111110001001101111100101000 0"
b110000 1"
b10111011 ?
b10111011 y
b10111011 ~
b10111011 %"
b10110011 @
b10110011 z
b10110011 }
b10110011 $"
b110000 5
b110000 x
b110000 ."
b110000 ""
b1011011 9
b1011011 !"
1'
#4770000
0'
#4775000
b0 6
b0 L
b0 j
b0 n
b0 /"
b11111111110000000000000000000000 7
b11111111110000000000000000000000 M
b11111111110000000000000000000000 b
b11111111110000000000000000000000 f
b11111111110000000000000000000000 0"
b1000000 1"
b1000000 5
b1000000 x
b1000000 ."
b1000000 ""
b10111100 ?
b10111100 y
b10111100 ~
b10111100 %"
b10110100 @
b10110100 z
b10110100 }
b10110100 $"
b1011100 9
b1011100 !"
1'
#4780000
0'
#4785000
b11111111111001111000001000011101 6
b11111111111001111000001000011101 L
b11111111111001111000001000011101 j
b11111111111001111000001000011101 n
b11111111111001111000001000011101 /"
b11111111110001001101111100101000 7
b11111111110001001101111100101000 M
b11111111110001001101111100101000 b
b11111111110001001101111100101000 f
b11111111110001001101111100101000 0"
b1010000 1"
b10111101 ?
b10111101 y
b10111101 ~
b10111101 %"
b10110101 @
b10110101 z
b10110101 }
b10110101 $"
b1010000 5
b1010000 x
b1010000 ."
b1010000 ""
b1011101 9
b1011101 !"
1'
#4790000
0'
#4795000
b11111111110100101011111011000011 6
b11111111110100101011111011000011 L
b11111111110100101011111011000011 j
b11111111110100101011111011000011 n
b11111111110100101011111011000011 /"
b11111111110100101011111011000011 7
b11111111110100101011111011000011 M
b11111111110100101011111011000011 b
b11111111110100101011111011000011 f
b11111111110100101011111011000011 0"
b1100000 1"
b1100000 5
b1100000 x
b1100000 ."
b1100000 ""
b10111110 ?
b10111110 y
b10111110 ~
b10111110 %"
b10110110 @
b10110110 z
b10110110 }
b10110110 $"
b1011110 9
b1011110 !"
1'
#4800000
0'
#4805000
b11111111110001001101111100101000 6
b11111111110001001101111100101000 L
b11111111110001001101111100101000 j
b11111111110001001101111100101000 n
b11111111110001001101111100101000 /"
b11111111111001111000001000011101 7
b11111111111001111000001000011101 M
b11111111111001111000001000011101 b
b11111111111001111000001000011101 f
b11111111111001111000001000011101 0"
b1110000 1"
b10111111 ?
b10111111 y
b10111111 ~
b10111111 %"
b10110111 @
b10110111 z
b10110111 }
b10110111 $"
b1110000 5
b1110000 x
b1110000 ."
b1110000 ""
b1011111 9
b1011111 !"
1'
#4810000
0'
#4815000
b10000000000000000000000 6
b10000000000000000000000 L
b10000000000000000000000 j
b10000000000000000000000 n
b10000000000000000000000 /"
b0 7
b0 M
b0 b
b0 f
b0 0"
b11111110010101100100100110100000 F
b11111110010101100100100110100000 Z
b11111110010101100100100110100000 s
b11111110010101100100100110100000 w
b11111110010101100100100110100000 J
b11111110010101100100100110100000 k
b11111110010101100100100110100000 u
b0 B
b0 S
b0 p
b0 ("
b0 D
b0 U
b0 V
b0 &"
b0 K
b0 W
b0 \
b0 o
b0 G
b0 ]
b0 c
b0 1"
b1111111111111111100101011001001001101000000000000000000000000000 l
b0 d
b11111110010101100100100110100000 :
b11111110010101100100100110100000 N
b11111110010101100100100110100000 e
b11111110010101100100100110100000 m
b11111110010101100100100110100000 *"
b11010100110110110011000000 A
b11010100110110110011000000 R
b11010100110110110011000000 r
b11010100110110110011000000 )"
b0 C
b0 T
b0 Y
b0 '"
b1101010011011011001100000 <
b1101010011011011001100000 P
b1101010011011011001100000 [
b1101010011011011001100000 t
b1101010011011011001100000 ,"
b0 5
b0 x
b0 ."
b0 ""
b11001000 ?
b11001000 y
b11001000 ~
b11001000 %"
b11000000 @
b11000000 z
b11000000 }
b11000000 $"
b1100000 9
b1100000 !"
1'
#4820000
0'
#4825000
b1110110010000011011000 6
b1110110010000011011000 L
b1110110010000011011000 j
b1110110010000011011000 n
b1110110010000011011000 /"
b11111111111001111000001000011101 7
b11111111111001111000001000011101 M
b11111111111001111000001000011101 b
b11111111111001111000001000011101 f
b11111111111001111000001000011101 0"
b10000 1"
b0 F
b0 Z
b0 s
b0 w
b0 J
b0 k
b0 u
b11001001 ?
b11001001 y
b11001001 ~
b11001001 %"
b11000001 @
b11000001 z
b11000001 }
b11000001 $"
b10000 5
b10000 x
b10000 ."
b10000 ""
b0 l
b0 :
b0 N
b0 e
b0 m
b0 *"
b0 A
b0 R
b0 r
b0 )"
b0 C
b0 T
b0 Y
b0 '"
b0 <
b0 P
b0 [
b0 t
b0 ,"
b1100001 9
b1100001 !"
1'
#4830000
0'
#4835000
b1011010100000100111101 6
b1011010100000100111101 L
b1011010100000100111101 j
b1011010100000100111101 n
b1011010100000100111101 /"
b11111111110100101011111011000011 7
b11111111110100101011111011000011 M
b11111111110100101011111011000011 b
b11111111110100101011111011000011 f
b11111111110100101011111011000011 0"
b100000 1"
b100000 5
b100000 x
b100000 ."
b100000 ""
b11001010 ?
b11001010 y
b11001010 ~
b11001010 %"
b11000010 @
b11000010 z
b11000010 }
b11000010 $"
b1100010 9
b1100010 !"
1'
#4840000
0'
#4845000
b110000111110111100011 6
b110000111110111100011 L
b110000111110111100011 j
b110000111110111100011 n
b110000111110111100011 /"
b11111111110001001101111100101000 7
b11111111110001001101111100101000 M
b11111111110001001101111100101000 b
b11111111110001001101111100101000 f
b11111111110001001101111100101000 0"
b110000 1"
b11001011 ?
b11001011 y
b11001011 ~
b11001011 %"
b11000011 @
b11000011 z
b11000011 }
b11000011 $"
b110000 5
b110000 x
b110000 ."
b110000 ""
b1100011 9
b1100011 !"
1'
#4850000
0'
#4855000
b0 6
b0 L
b0 j
b0 n
b0 /"
b11111111110000000000000000000000 7
b11111111110000000000000000000000 M
b11111111110000000000000000000000 b
b11111111110000000000000000000000 f
b11111111110000000000000000000000 0"
b1000000 1"
b1000000 5
b1000000 x
b1000000 ."
b1000000 ""
b11001100 ?
b11001100 y
b11001100 ~
b11001100 %"
b11000100 @
b11000100 z
b11000100 }
b11000100 $"
b1100100 9
b1100100 !"
1'
#4860000
0'
#4865000
b11111111111001111000001000011101 6
b11111111111001111000001000011101 L
b11111111111001111000001000011101 j
b11111111111001111000001000011101 n
b11111111111001111000001000011101 /"
b11111111110001001101111100101000 7
b11111111110001001101111100101000 M
b11111111110001001101111100101000 b
b11111111110001001101111100101000 f
b11111111110001001101111100101000 0"
b1010000 1"
b11001101 ?
b11001101 y
b11001101 ~
b11001101 %"
b11000101 @
b11000101 z
b11000101 }
b11000101 $"
b1010000 5
b1010000 x
b1010000 ."
b1010000 ""
b1100101 9
b1100101 !"
1'
#4870000
0'
#4875000
b11111111110100101011111011000011 6
b11111111110100101011111011000011 L
b11111111110100101011111011000011 j
b11111111110100101011111011000011 n
b11111111110100101011111011000011 /"
b11111111110100101011111011000011 7
b11111111110100101011111011000011 M
b11111111110100101011111011000011 b
b11111111110100101011111011000011 f
b11111111110100101011111011000011 0"
b1100000 1"
b1100000 5
b1100000 x
b1100000 ."
b1100000 ""
b11001110 ?
b11001110 y
b11001110 ~
b11001110 %"
b11000110 @
b11000110 z
b11000110 }
b11000110 $"
b1100110 9
b1100110 !"
1'
#4880000
0'
#4885000
b11111111110001001101111100101000 6
b11111111110001001101111100101000 L
b11111111110001001101111100101000 j
b11111111110001001101111100101000 n
b11111111110001001101111100101000 /"
b11111111111001111000001000011101 7
b11111111111001111000001000011101 M
b11111111111001111000001000011101 b
b11111111111001111000001000011101 f
b11111111111001111000001000011101 0"
b1110000 1"
b11001111 ?
b11001111 y
b11001111 ~
b11001111 %"
b11000111 @
b11000111 z
b11000111 }
b11000111 $"
b1110000 5
b1110000 x
b1110000 ."
b1110000 ""
b1100111 9
b1100111 !"
1'
#4890000
0'
#4895000
b10000000000000000000000 6
b10000000000000000000000 L
b10000000000000000000000 j
b10000000000000000000000 n
b10000000000000000000000 /"
b0 7
b0 M
b0 b
b0 f
b0 0"
b1000111000111001110110000 F
b1000111000111001110110000 Z
b1000111000111001110110000 s
b1000111000111001110110000 w
b1000111000111001110110000 J
b1000111000111001110110000 k
b1000111000111001110110000 u
b0 B
b0 S
b0 p
b0 ("
b0 D
b0 U
b0 V
b0 &"
b0 K
b0 W
b0 \
b0 o
b0 G
b0 ]
b0 c
b0 1"
b10001110001110011101100000000000000000000000000 l
b0 d
b1000111000111001110110000 :
b1000111000111001110110000 N
b1000111000111001110110000 e
b1000111000111001110110000 m
b1000111000111001110110000 *"
b11111101110001110001100010100000 A
b11111101110001110001100010100000 R
b11111101110001110001100010100000 r
b11111101110001110001100010100000 )"
b0 C
b0 T
b0 Y
b0 '"
b11111110111000111000110001010000 <
b11111110111000111000110001010000 P
b11111110111000111000110001010000 [
b11111110111000111000110001010000 t
b11111110111000111000110001010000 ,"
b0 5
b0 x
b0 ."
b0 ""
b11011000 ?
b11011000 y
b11011000 ~
b11011000 %"
b11010000 @
b11010000 z
b11010000 }
b11010000 $"
b1101000 9
b1101000 !"
1'
#4900000
0'
#4905000
b1110110010000011011000 6
b1110110010000011011000 L
b1110110010000011011000 j
b1110110010000011011000 n
b1110110010000011011000 /"
b11111111111001111000001000011101 7
b11111111111001111000001000011101 M
b11111111111001111000001000011101 b
b11111111111001111000001000011101 f
b11111111111001111000001000011101 0"
b10000 1"
b0 F
b0 Z
b0 s
b0 w
b0 J
b0 k
b0 u
b11011001 ?
b11011001 y
b11011001 ~
b11011001 %"
b11010001 @
b11010001 z
b11010001 }
b11010001 $"
b10000 5
b10000 x
b10000 ."
b10000 ""
b0 l
b0 :
b0 N
b0 e
b0 m
b0 *"
b0 A
b0 R
b0 r
b0 )"
b0 C
b0 T
b0 Y
b0 '"
b0 <
b0 P
b0 [
b0 t
b0 ,"
b1101001 9
b1101001 !"
1'
#4910000
0'
#4915000
b1011010100000100111101 6
b1011010100000100111101 L
b1011010100000100111101 j
b1011010100000100111101 n
b1011010100000100111101 /"
b11111111110100101011111011000011 7
b11111111110100101011111011000011 M
b11111111110100101011111011000011 b
b11111111110100101011111011000011 f
b11111111110100101011111011000011 0"
b100000 1"
b100000 5
b100000 x
b100000 ."
b100000 ""
b11011010 ?
b11011010 y
b11011010 ~
b11011010 %"
b11010010 @
b11010010 z
b11010010 }
b11010010 $"
b1101010 9
b1101010 !"
1'
#4920000
0'
#4925000
b110000111110111100011 6
b110000111110111100011 L
b110000111110111100011 j
b110000111110111100011 n
b110000111110111100011 /"
b11111111110001001101111100101000 7
b11111111110001001101111100101000 M
b11111111110001001101111100101000 b
b11111111110001001101111100101000 f
b11111111110001001101111100101000 0"
b110000 1"
b11011011 ?
b11011011 y
b11011011 ~
b11011011 %"
b11010011 @
b11010011 z
b11010011 }
b11010011 $"
b110000 5
b110000 x
b110000 ."
b110000 ""
b1101011 9
b1101011 !"
1'
#4930000
0'
#4935000
b0 6
b0 L
b0 j
b0 n
b0 /"
b11111111110000000000000000000000 7
b11111111110000000000000000000000 M
b11111111110000000000000000000000 b
b11111111110000000000000000000000 f
b11111111110000000000000000000000 0"
b1000000 1"
b1000000 5
b1000000 x
b1000000 ."
b1000000 ""
b11011100 ?
b11011100 y
b11011100 ~
b11011100 %"
b11010100 @
b11010100 z
b11010100 }
b11010100 $"
b1101100 9
b1101100 !"
1'
#4940000
0'
#4945000
b11111111111001111000001000011101 6
b11111111111001111000001000011101 L
b11111111111001111000001000011101 j
b11111111111001111000001000011101 n
b11111111111001111000001000011101 /"
b11111111110001001101111100101000 7
b11111111110001001101111100101000 M
b11111111110001001101111100101000 b
b11111111110001001101111100101000 f
b11111111110001001101111100101000 0"
b1010000 1"
b11011101 ?
b11011101 y
b11011101 ~
b11011101 %"
b11010101 @
b11010101 z
b11010101 }
b11010101 $"
b1010000 5
b1010000 x
b1010000 ."
b1010000 ""
b1101101 9
b1101101 !"
1'
#4950000
0'
#4955000
b11111111110100101011111011000011 6
b11111111110100101011111011000011 L
b11111111110100101011111011000011 j
b11111111110100101011111011000011 n
b11111111110100101011111011000011 /"
b11111111110100101011111011000011 7
b11111111110100101011111011000011 M
b11111111110100101011111011000011 b
b11111111110100101011111011000011 f
b11111111110100101011111011000011 0"
b1100000 1"
b1100000 5
b1100000 x
b1100000 ."
b1100000 ""
b11011110 ?
b11011110 y
b11011110 ~
b11011110 %"
b11010110 @
b11010110 z
b11010110 }
b11010110 $"
b1101110 9
b1101110 !"
1'
#4960000
0'
#4965000
b11111111110001001101111100101000 6
b11111111110001001101111100101000 L
b11111111110001001101111100101000 j
b11111111110001001101111100101000 n
b11111111110001001101111100101000 /"
b11111111111001111000001000011101 7
b11111111111001111000001000011101 M
b11111111111001111000001000011101 b
b11111111111001111000001000011101 f
b11111111111001111000001000011101 0"
b1110000 1"
b11011111 ?
b11011111 y
b11011111 ~
b11011111 %"
b11010111 @
b11010111 z
b11010111 }
b11010111 $"
b1110000 5
b1110000 x
b1110000 ."
b1110000 ""
b1101111 9
b1101111 !"
1'
#4970000
0'
#4975000
b10000000000000000000000 6
b10000000000000000000000 L
b10000000000000000000000 j
b10000000000000000000000 n
b10000000000000000000000 /"
b0 7
b0 M
b0 b
b0 f
b0 0"
b11111111100111000001110100100000 F
b11111111100111000001110100100000 Z
b11111111100111000001110100100000 s
b11111111100111000001110100100000 w
b11111111100111000001110100100000 J
b11111111100111000001110100100000 k
b11111111100111000001110100100000 u
b0 B
b0 S
b0 p
b0 ("
b0 D
b0 U
b0 V
b0 &"
b0 K
b0 W
b0 \
b0 o
b0 G
b0 ]
b0 c
b0 1"
b1111111111111111111001110000011101001000000000000000000000000000 l
b0 d
b11111111100111000001110100100000 :
b11111111100111000001110100100000 N
b11111111100111000001110100100000 e
b11111111100111000001110100100000 m
b11111111100111000001110100100000 *"
b110001111100010111000000 A
b110001111100010111000000 R
b110001111100010111000000 r
b110001111100010111000000 )"
b0 C
b0 T
b0 Y
b0 '"
b11000111110001011100000 <
b11000111110001011100000 P
b11000111110001011100000 [
b11000111110001011100000 t
b11000111110001011100000 ,"
b0 5
b0 x
b0 ."
b0 ""
b11101000 ?
b11101000 y
b11101000 ~
b11101000 %"
b11100000 @
b11100000 z
b11100000 }
b11100000 $"
b1110000 9
b1110000 !"
1'
#4980000
0'
#4985000
b1110110010000011011000 6
b1110110010000011011000 L
b1110110010000011011000 j
b1110110010000011011000 n
b1110110010000011011000 /"
b11111111111001111000001000011101 7
b11111111111001111000001000011101 M
b11111111111001111000001000011101 b
b11111111111001111000001000011101 f
b11111111111001111000001000011101 0"
b10000 1"
b0 F
b0 Z
b0 s
b0 w
b0 J
b0 k
b0 u
b11101001 ?
b11101001 y
b11101001 ~
b11101001 %"
b11100001 @
b11100001 z
b11100001 }
b11100001 $"
b10000 5
b10000 x
b10000 ."
b10000 ""
b0 l
b0 :
b0 N
b0 e
b0 m
b0 *"
b0 A
b0 R
b0 r
b0 )"
b0 C
b0 T
b0 Y
b0 '"
b0 <
b0 P
b0 [
b0 t
b0 ,"
b1110001 9
b1110001 !"
1'
#4990000
0'
#4995000
b1011010100000100111101 6
b1011010100000100111101 L
b1011010100000100111101 j
b1011010100000100111101 n
b1011010100000100111101 /"
b11111111110100101011111011000011 7
b11111111110100101011111011000011 M
b11111111110100101011111011000011 b
b11111111110100101011111011000011 f
b11111111110100101011111011000011 0"
b100000 1"
b100000 5
b100000 x
b100000 ."
b100000 ""
b11101010 ?
b11101010 y
b11101010 ~
b11101010 %"
b11100010 @
b11100010 z
b11100010 }
b11100010 $"
b1110010 9
b1110010 !"
1'
#5000000
0'
#5005000
b110000111110111100011 6
b110000111110111100011 L
b110000111110111100011 j
b110000111110111100011 n
b110000111110111100011 /"
b11111111110001001101111100101000 7
b11111111110001001101111100101000 M
b11111111110001001101111100101000 b
b11111111110001001101111100101000 f
b11111111110001001101111100101000 0"
b110000 1"
b11101011 ?
b11101011 y
b11101011 ~
b11101011 %"
b11100011 @
b11100011 z
b11100011 }
b11100011 $"
b110000 5
b110000 x
b110000 ."
b110000 ""
b1110011 9
b1110011 !"
1'
#5010000
0'
#5015000
b0 6
b0 L
b0 j
b0 n
b0 /"
b11111111110000000000000000000000 7
b11111111110000000000000000000000 M
b11111111110000000000000000000000 b
b11111111110000000000000000000000 f
b11111111110000000000000000000000 0"
b1000000 1"
b1000000 5
b1000000 x
b1000000 ."
b1000000 ""
b11101100 ?
b11101100 y
b11101100 ~
b11101100 %"
b11100100 @
b11100100 z
b11100100 }
b11100100 $"
b1110100 9
b1110100 !"
1'
#5020000
0'
#5025000
b11111111111001111000001000011101 6
b11111111111001111000001000011101 L
b11111111111001111000001000011101 j
b11111111111001111000001000011101 n
b11111111111001111000001000011101 /"
b11111111110001001101111100101000 7
b11111111110001001101111100101000 M
b11111111110001001101111100101000 b
b11111111110001001101111100101000 f
b11111111110001001101111100101000 0"
b1010000 1"
b11101101 ?
b11101101 y
b11101101 ~
b11101101 %"
b11100101 @
b11100101 z
b11100101 }
b11100101 $"
b1010000 5
b1010000 x
b1010000 ."
b1010000 ""
b1110101 9
b1110101 !"
1'
#5030000
0'
#5035000
b11111111110100101011111011000011 6
b11111111110100101011111011000011 L
b11111111110100101011111011000011 j
b11111111110100101011111011000011 n
b11111111110100101011111011000011 /"
b11111111110100101011111011000011 7
b11111111110100101011111011000011 M
b11111111110100101011111011000011 b
b11111111110100101011111011000011 f
b11111111110100101011111011000011 0"
b1100000 1"
b1100000 5
b1100000 x
b1100000 ."
b1100000 ""
b11101110 ?
b11101110 y
b11101110 ~
b11101110 %"
b11100110 @
b11100110 z
b11100110 }
b11100110 $"
b1110110 9
b1110110 !"
1'
#5040000
0'
#5045000
b11111111110001001101111100101000 6
b11111111110001001101111100101000 L
b11111111110001001101111100101000 j
b11111111110001001101111100101000 n
b11111111110001001101111100101000 /"
b11111111111001111000001000011101 7
b11111111111001111000001000011101 M
b11111111111001111000001000011101 b
b11111111111001111000001000011101 f
b11111111111001111000001000011101 0"
b1110000 1"
b11101111 ?
b11101111 y
b11101111 ~
b11101111 %"
b11100111 @
b11100111 z
b11100111 }
b11100111 $"
b1110000 5
b1110000 x
b1110000 ."
b1110000 ""
b1110111 9
b1110111 !"
1'
#5050000
0'
#5055000
b10000000000000000000000 6
b10000000000000000000000 L
b10000000000000000000000 j
b10000000000000000000000 n
b10000000000000000000000 /"
b0 7
b0 M
b0 b
b0 f
b0 0"
b1111101100010100101111000 F
b1111101100010100101111000 Z
b1111101100010100101111000 s
b1111101100010100101111000 w
b1111101100010100101111000 J
b1111101100010100101111000 k
b1111101100010100101111000 u
b0 B
b0 S
b0 p
b0 ("
b0 D
b0 U
b0 V
b0 &"
b0 K
b0 W
b0 \
b0 o
b0 G
b0 ]
b0 c
b0 1"
b11111011000101001011110000000000000000000000000 l
b0 d
b1111101100010100101111000 :
b1111101100010100101111000 N
b1111101100010100101111000 e
b1111101100010100101111000 m
b1111101100010100101111000 *"
b11111100000100111010110100010000 A
b11111100000100111010110100010000 R
b11111100000100111010110100010000 r
b11111100000100111010110100010000 )"
b0 C
b0 T
b0 Y
b0 '"
b11111110000010011101011010001000 <
b11111110000010011101011010001000 P
b11111110000010011101011010001000 [
b11111110000010011101011010001000 t
b11111110000010011101011010001000 ,"
b0 5
b0 x
b0 ."
b0 ""
b11111000 ?
b11111000 y
b11111000 ~
b11111000 %"
b11110000 @
b11110000 z
b11110000 }
b11110000 $"
b1111000 9
b1111000 !"
1'
#5060000
0'
#5065000
b1110110010000011011000 6
b1110110010000011011000 L
b1110110010000011011000 j
b1110110010000011011000 n
b1110110010000011011000 /"
b11111111111001111000001000011101 7
b11111111111001111000001000011101 M
b11111111111001111000001000011101 b
b11111111111001111000001000011101 f
b11111111111001111000001000011101 0"
b10000 1"
b0 F
b0 Z
b0 s
b0 w
b0 J
b0 k
b0 u
b11111001 ?
b11111001 y
b11111001 ~
b11111001 %"
b11110001 @
b11110001 z
b11110001 }
b11110001 $"
b10000 5
b10000 x
b10000 ."
b10000 ""
b0 l
b0 :
b0 N
b0 e
b0 m
b0 *"
b0 A
b0 R
b0 r
b0 )"
b0 C
b0 T
b0 Y
b0 '"
b0 <
b0 P
b0 [
b0 t
b0 ,"
b1111001 9
b1111001 !"
1'
#5070000
0'
#5075000
b1011010100000100111101 6
b1011010100000100111101 L
b1011010100000100111101 j
b1011010100000100111101 n
b1011010100000100111101 /"
b11111111110100101011111011000011 7
b11111111110100101011111011000011 M
b11111111110100101011111011000011 b
b11111111110100101011111011000011 f
b11111111110100101011111011000011 0"
b100000 1"
b100000 5
b100000 x
b100000 ."
b100000 ""
b11111010 ?
b11111010 y
b11111010 ~
b11111010 %"
b11110010 @
b11110010 z
b11110010 }
b11110010 $"
b1111010 9
b1111010 !"
1'
#5080000
0'
#5085000
b110000111110111100011 6
b110000111110111100011 L
b110000111110111100011 j
b110000111110111100011 n
b110000111110111100011 /"
b11111111110001001101111100101000 7
b11111111110001001101111100101000 M
b11111111110001001101111100101000 b
b11111111110001001101111100101000 f
b11111111110001001101111100101000 0"
b110000 1"
b11111011 ?
b11111011 y
b11111011 ~
b11111011 %"
b11110011 @
b11110011 z
b11110011 }
b11110011 $"
b110000 5
b110000 x
b110000 ."
b110000 ""
b1111011 9
b1111011 !"
1'
#5090000
0'
#5095000
b0 6
b0 L
b0 j
b0 n
b0 /"
b11111111110000000000000000000000 7
b11111111110000000000000000000000 M
b11111111110000000000000000000000 b
b11111111110000000000000000000000 f
b11111111110000000000000000000000 0"
b1000000 1"
b1000000 5
b1000000 x
b1000000 ."
b1000000 ""
b11111100 ?
b11111100 y
b11111100 ~
b11111100 %"
b11110100 @
b11110100 z
b11110100 }
b11110100 $"
b1111100 9
b1111100 !"
1'
#5100000
0'
#5105000
b11111111111001111000001000011101 6
b11111111111001111000001000011101 L
b11111111111001111000001000011101 j
b11111111111001111000001000011101 n
b11111111111001111000001000011101 /"
b11111111110001001101111100101000 7
b11111111110001001101111100101000 M
b11111111110001001101111100101000 b
b11111111110001001101111100101000 f
b11111111110001001101111100101000 0"
b1010000 1"
b11111101 ?
b11111101 y
b11111101 ~
b11111101 %"
b11110101 @
b11110101 z
b11110101 }
b11110101 $"
b1010000 5
b1010000 x
b1010000 ."
b1010000 ""
b1111101 9
b1111101 !"
1'
#5110000
0'
#5115000
b11111111110100101011111011000011 6
b11111111110100101011111011000011 L
b11111111110100101011111011000011 j
b11111111110100101011111011000011 n
b11111111110100101011111011000011 /"
b11111111110100101011111011000011 7
b11111111110100101011111011000011 M
b11111111110100101011111011000011 b
b11111111110100101011111011000011 f
b11111111110100101011111011000011 0"
b1100000 1"
b1100000 5
b1100000 x
b1100000 ."
b1100000 ""
b11111110 ?
b11111110 y
b11111110 ~
b11111110 %"
b11110110 @
b11110110 z
b11110110 }
b11110110 $"
b1111110 9
b1111110 !"
1'
#5120000
0'
#5125000
b11111111110001001101111100101000 6
b11111111110001001101111100101000 L
b11111111110001001101111100101000 j
b11111111110001001101111100101000 n
b11111111110001001101111100101000 /"
b11111111111001111000001000011101 7
b11111111111001111000001000011101 M
b11111111111001111000001000011101 b
b11111111111001111000001000011101 f
b11111111111001111000001000011101 0"
b1110000 1"
b11111111 ?
b11111111 y
b11111111 ~
b11111111 %"
b11110111 @
b11110111 z
b11110111 }
b11110111 $"
b1110000 5
b1110000 x
b1110000 ."
b1110000 ""
b1111111 9
b1111111 !"
1'
#5130000
0'
#5135000
b10000000000000000000000 6
b10000000000000000000000 L
b10000000000000000000000 j
b10000000000000000000000 n
b10000000000000000000000 /"
b0 7
b0 M
b0 b
b0 f
b0 0"
b0 1"
b0 5
b0 x
b0 ."
b0 ""
b10000 ?
b10000 y
b10000 ~
b10000 %"
b0 @
b0 z
b0 }
b0 $"
b100 8
b100 #"
b0 9
b0 !"
1'
#5140000
0'
#5145000
b1111101100010100110000 6
b1111101100010100110000 L
b1111101100010100110000 j
b1111101100010100110000 n
b1111101100010100110000 /"
b11111111111100111000001110100100 7
b11111111111100111000001110100100 M
b11111111111100111000001110100100 b
b11111111111100111000001110100100 f
b11111111111100111000001110100100 0"
b1000 1"
b10001 ?
b10001 y
b10001 ~
b10001 %"
b1 @
b1 z
b1 }
b1 $"
b1000 5
b1000 x
b1000 ."
b1000 ""
b1 9
b1 !"
1'
#5150000
0'
#5155000
b1110110010000011011000 6
b1110110010000011011000 L
b1110110010000011011000 j
b1110110010000011011000 n
b1110110010000011011000 /"
b11111111111001111000001000011101 7
b11111111111001111000001000011101 M
b11111111111001111000001000011101 b
b11111111111001111000001000011101 f
b11111111111001111000001000011101 0"
b10000 1"
b10000 5
b10000 x
b10000 ."
b10000 ""
b10010 ?
b10010 y
b10010 ~
b10010 %"
b10 @
b10 z
b10 }
b10 $"
b10 9
b10 !"
1'
#5160000
0'
#5165000
b1101010011011011001100 6
b1101010011011011001100 L
b1101010011011011001100 j
b1101010011011011001100 n
b1101010011011011001100 /"
b11111111110111000111000110001010 7
b11111111110111000111000110001010 M
b11111111110111000111000110001010 b
b11111111110111000111000110001010 f
b11111111110111000111000110001010 0"
b11000 1"
b10011 ?
b10011 y
b10011 ~
b10011 %"
b11 @
b11 z
b11 }
b11 $"
b11000 5
b11000 x
b11000 ."
b11000 ""
b11 9
b11 !"
1'
#5170000
0'
#5175000
b1011010100000100111101 6
b1011010100000100111101 L
b1011010100000100111101 j
b1011010100000100111101 n
b1011010100000100111101 /"
b11111111110100101011111011000011 7
b11111111110100101011111011000011 M
b11111111110100101011111011000011 b
b11111111110100101011111011000011 f
b11111111110100101011111011000011 0"
b100000 1"
b100000 5
b100000 x
b100000 ."
b100000 ""
b10100 ?
b10100 y
b10100 ~
b10100 %"
b100 @
b100 z
b100 }
b100 $"
b100 9
b100 !"
1'
#5180000
0'
#5185000
b1000111000111001110110 6
b1000111000111001110110 L
b1000111000111001110110 j
b1000111000111001110110 n
b1000111000111001110110 /"
b11111111110010101100100100110100 7
b11111111110010101100100100110100 M
b11111111110010101100100100110100 b
b11111111110010101100100100110100 f
b11111111110010101100100100110100 0"
b101000 1"
b10101 ?
b10101 y
b10101 ~
b10101 %"
b101 @
b101 z
b101 }
b101 $"
b101000 5
b101000 x
b101000 ."
b101000 ""
b101 9
b101 !"
1'
#5190000
0'
#5195000
b110000111110111100011 6
b110000111110111100011 L
b110000111110111100011 j
b110000111110111100011 n
b110000111110111100011 /"
b11111111110001001101111100101000 7
b11111111110001001101111100101000 M
b11111111110001001101111100101000 b
b11111111110001001101111100101000 f
b11111111110001001101111100101000 0"
b110000 1"
b110000 5
b110000 x
b110000 ."
b110000 ""
b10110 ?
b10110 y
b10110 ~
b10110 %"
b110 @
b110 z
b110 }
b110 $"
b110 9
b110 !"
1'
#5200000
0'
#5205000
b11000111110001011100 6
b11000111110001011100 L
b11000111110001011100 j
b11000111110001011100 n
b11000111110001011100 /"
b11111111110000010011101011010000 7
b11111111110000010011101011010000 M
b11111111110000010011101011010000 b
b11111111110000010011101011010000 f
b11111111110000010011101011010000 0"
b111000 1"
b10111 ?
b10111 y
b10111 ~
b10111 %"
b111 @
b111 z
b111 }
b111 $"
b111000 5
b111000 x
b111000 ."
b111000 ""
b111 9
b111 !"
1'
#5210000
0'
#5215000
b0 6
b0 L
b0 j
b0 n
b0 /"
b11111111110000000000000000000000 7
b11111111110000000000000000000000 M
b11111111110000000000000000000000 b
b11111111110000000000000000000000 f
b11111111110000000000000000000000 0"
b1000000 1"
b100000000000000000000000000 A
b100000000000000000000000000 R
b100000000000000000000000000 r
b100000000000000000000000000 )"
b100000000000000000000000000 C
b100000000000000000000000000 T
b100000000000000000000000000 Y
b100000000000000000000000000 '"
b100000000000000000000000000 <
b100000000000000000000000000 P
b100000000000000000000000000 [
b100000000000000000000000000 t
b100000000000000000000000000 ,"
b1000000 5
b1000000 x
b1000000 ."
b1000000 ""
b11000 ?
b11000 y
b11000 ~
b11000 %"
b1000 @
b1000 z
b1000 }
b1000 $"
b1000 9
b1000 !"
1'
#5220000
0'
#5225000
b11111111111100111000001110100100 6
b11111111111100111000001110100100 L
b11111111111100111000001110100100 j
b11111111111100111000001110100100 n
b11111111111100111000001110100100 /"
b11111111110000010011101011010000 7
b11111111110000010011101011010000 M
b11111111110000010011101011010000 b
b11111111110000010011101011010000 f
b11111111110000010011101011010000 0"
b0 A
b0 R
b0 r
b0 )"
b0 C
b0 T
b0 Y
b0 '"
b0 <
b0 P
b0 [
b0 t
b0 ,"
b1001000 1"
b0 B
b0 S
b0 p
b0 ("
b0 D
b0 U
b0 V
b0 &"
b0 K
b0 W
b0 \
b0 o
b0 G
b0 ]
b0 c
b11001 ?
b11001 y
b11001 ~
b11001 %"
b1001 @
b1001 z
b1001 }
b1001 $"
b1001000 5
b1001000 x
b1001000 ."
b1001000 ""
b0 d
b0 :
b0 N
b0 e
b0 m
b0 *"
b1001 9
b1001 !"
1'
#5230000
0'
#5235000
b11111111111001111000001000011101 6
b11111111111001111000001000011101 L
b11111111111001111000001000011101 j
b11111111111001111000001000011101 n
b11111111111001111000001000011101 /"
b11111111110001001101111100101000 7
b11111111110001001101111100101000 M
b11111111110001001101111100101000 b
b11111111110001001101111100101000 f
b11111111110001001101111100101000 0"
b1010000 1"
b1010000 5
b1010000 x
b1010000 ."
b1010000 ""
b11010 ?
b11010 y
b11010 ~
b11010 %"
b1010 @
b1010 z
b1010 }
b1010 $"
b1010 9
b1010 !"
1'
#5240000
0'
#5245000
b11111111110111000111000110001010 6
b11111111110111000111000110001010 L
b11111111110111000111000110001010 j
b11111111110111000111000110001010 n
b11111111110111000111000110001010 /"
b11111111110010101100100100110100 7
b11111111110010101100100100110100 M
b11111111110010101100100100110100 b
b11111111110010101100100100110100 f
b11111111110010101100100100110100 0"
b1011000 1"
b11011 ?
b11011 y
b11011 ~
b11011 %"
b1011 @
b1011 z
b1011 }
b1011 $"
b1011000 5
b1011000 x
b1011000 ."
b1011000 ""
b1011 9
b1011 !"
1'
#5250000
0'
#5255000
b11111111110100101011111011000011 6
b11111111110100101011111011000011 L
b11111111110100101011111011000011 j
b11111111110100101011111011000011 n
b11111111110100101011111011000011 /"
b11111111110100101011111011000011 7
b11111111110100101011111011000011 M
b11111111110100101011111011000011 b
b11111111110100101011111011000011 f
b11111111110100101011111011000011 0"
b1100000 1"
b1100000 5
b1100000 x
b1100000 ."
b1100000 ""
b11100 ?
b11100 y
b11100 ~
b11100 %"
b1100 @
b1100 z
b1100 }
b1100 $"
b1100 9
b1100 !"
1'
#5260000
0'
#5265000
b11111111110010101100100100110100 6
b11111111110010101100100100110100 L
b11111111110010101100100100110100 j
b11111111110010101100100100110100 n
b11111111110010101100100100110100 /"
b11111111110111000111000110001010 7
b11111111110111000111000110001010 M
b11111111110111000111000110001010 b
b11111111110111000111000110001010 f
b11111111110111000111000110001010 0"
b1101000 1"
b11101 ?
b11101 y
b11101 ~
b11101 %"
b1101 @
b1101 z
b1101 }
b1101 $"
b1101000 5
b1101000 x
b1101000 ."
b1101000 ""
b1101 9
b1101 !"
1'
#5270000
0'
#5275000
b11111111110001001101111100101000 6
b11111111110001001101111100101000 L
b11111111110001001101111100101000 j
b11111111110001001101111100101000 n
b11111111110001001101111100101000 /"
b11111111111001111000001000011101 7
b11111111111001111000001000011101 M
b11111111111001111000001000011101 b
b11111111111001111000001000011101 f
b11111111111001111000001000011101 0"
b1110000 1"
b1110000 5
b1110000 x
b1110000 ."
b1110000 ""
b11110 ?
b11110 y
b11110 ~
b11110 %"
b1110 @
b1110 z
b1110 }
b1110 $"
b1110 9
b1110 !"
1'
#5280000
0'
#5285000
b11111111110000010011101011010000 6
b11111111110000010011101011010000 L
b11111111110000010011101011010000 j
b11111111110000010011101011010000 n
b11111111110000010011101011010000 /"
b11111111111100111000001110100100 7
b11111111111100111000001110100100 M
b11111111111100111000001110100100 b
b11111111111100111000001110100100 f
b11111111111100111000001110100100 0"
b1111000 1"
b11111 ?
b11111 y
b11111 ~
b11111 %"
b1111 @
b1111 z
b1111 }
b1111 $"
b1111000 5
b1111000 x
b1111000 ."
b1111000 ""
b1111 9
b1111 !"
1'
#5290000
0'
#5295000
b10000000000000000000000 6
b10000000000000000000000 L
b10000000000000000000000 j
b10000000000000000000000 n
b10000000000000000000000 /"
b0 7
b0 M
b0 b
b0 f
b0 0"
b0 1"
b0 5
b0 x
b0 ."
b0 ""
b110000 ?
b110000 y
b110000 ~
b110000 %"
b100000 @
b100000 z
b100000 }
b100000 $"
b10000 9
b10000 !"
1'
#5300000
0'
#5305000
b1111101100010100110000 6
b1111101100010100110000 L
b1111101100010100110000 j
b1111101100010100110000 n
b1111101100010100110000 /"
b11111111111100111000001110100100 7
b11111111111100111000001110100100 M
b11111111111100111000001110100100 b
b11111111111100111000001110100100 f
b11111111111100111000001110100100 0"
b1000 1"
b110001 ?
b110001 y
b110001 ~
b110001 %"
b100001 @
b100001 z
b100001 }
b100001 $"
b1000 5
b1000 x
b1000 ."
b1000 ""
b10001 9
b10001 !"
1'
#5310000
0'
#5315000
b1110110010000011011000 6
b1110110010000011011000 L
b1110110010000011011000 j
b1110110010000011011000 n
b1110110010000011011000 /"
b11111111111001111000001000011101 7
b11111111111001111000001000011101 M
b11111111111001111000001000011101 b
b11111111111001111000001000011101 f
b11111111111001111000001000011101 0"
b10000 1"
b10000 5
b10000 x
b10000 ."
b10000 ""
b110010 ?
b110010 y
b110010 ~
b110010 %"
b100010 @
b100010 z
b100010 }
b100010 $"
b10010 9
b10010 !"
1'
#5320000
0'
#5325000
b1101010011011011001100 6
b1101010011011011001100 L
b1101010011011011001100 j
b1101010011011011001100 n
b1101010011011011001100 /"
b11111111110111000111000110001010 7
b11111111110111000111000110001010 M
b11111111110111000111000110001010 b
b11111111110111000111000110001010 f
b11111111110111000111000110001010 0"
b11000 1"
b110011 ?
b110011 y
b110011 ~
b110011 %"
b100011 @
b100011 z
b100011 }
b100011 $"
b11000 5
b11000 x
b11000 ."
b11000 ""
b10011 9
b10011 !"
1'
#5330000
0'
#5335000
b1011010100000100111101 6
b1011010100000100111101 L
b1011010100000100111101 j
b1011010100000100111101 n
b1011010100000100111101 /"
b11111111110100101011111011000011 7
b11111111110100101011111011000011 M
b11111111110100101011111011000011 b
b11111111110100101011111011000011 f
b11111111110100101011111011000011 0"
b100000 1"
b100000 5
b100000 x
b100000 ."
b100000 ""
b110100 ?
b110100 y
b110100 ~
b110100 %"
b100100 @
b100100 z
b100100 }
b100100 $"
b10100 9
b10100 !"
1'
#5340000
0'
#5345000
b1000111000111001110110 6
b1000111000111001110110 L
b1000111000111001110110 j
b1000111000111001110110 n
b1000111000111001110110 /"
b11111111110010101100100100110100 7
b11111111110010101100100100110100 M
b11111111110010101100100100110100 b
b11111111110010101100100100110100 f
b11111111110010101100100100110100 0"
b101000 1"
b110101 ?
b110101 y
b110101 ~
b110101 %"
b100101 @
b100101 z
b100101 }
b100101 $"
b101000 5
b101000 x
b101000 ."
b101000 ""
b10101 9
b10101 !"
1'
#5350000
0'
#5355000
b110000111110111100011 6
b110000111110111100011 L
b110000111110111100011 j
b110000111110111100011 n
b110000111110111100011 /"
b11111111110001001101111100101000 7
b11111111110001001101111100101000 M
b11111111110001001101111100101000 b
b11111111110001001101111100101000 f
b11111111110001001101111100101000 0"
b110000 1"
b110000 5
b110000 x
b110000 ."
b110000 ""
b110110 ?
b110110 y
b110110 ~
b110110 %"
b100110 @
b100110 z
b100110 }
b100110 $"
b10110 9
b10110 !"
1'
#5360000
0'
#5365000
b11000111110001011100 6
b11000111110001011100 L
b11000111110001011100 j
b11000111110001011100 n
b11000111110001011100 /"
b11111111110000010011101011010000 7
b11111111110000010011101011010000 M
b11111111110000010011101011010000 b
b11111111110000010011101011010000 f
b11111111110000010011101011010000 0"
b111000 1"
b110111 ?
b110111 y
b110111 ~
b110111 %"
b100111 @
b100111 z
b100111 }
b100111 $"
b111000 5
b111000 x
b111000 ."
b111000 ""
b10111 9
b10111 !"
1'
#5370000
0'
#5375000
b0 6
b0 L
b0 j
b0 n
b0 /"
b11111111110000000000000000000000 7
b11111111110000000000000000000000 M
b11111111110000000000000000000000 b
b11111111110000000000000000000000 f
b11111111110000000000000000000000 0"
b0 F
b0 Z
b0 s
b0 w
b0 J
b0 k
b0 u
b11111101001010111110110001000000 B
b11111101001010111110110001000000 S
b11111101001010111110110001000000 p
b11111101001010111110110001000000 ("
b10110101000001001111000000 D
b10110101000001001111000000 U
b10110101000001001111000000 V
b10110101000001001111000000 &"
b10110101000001001111000000 K
b10110101000001001111000000 W
b10110101000001001111000000 \
b10110101000001001111000000 o
b10110101000001001111000000 G
b10110101000001001111000000 ]
b10110101000001001111000000 c
b1000000 1"
b0 l
b101101010000010011110000000000000000000000000000 d
b11111101001010111110110001000000 :
b11111101001010111110110001000000 N
b11111101001010111110110001000000 e
b11111101001010111110110001000000 m
b11111101001010111110110001000000 *"
b10110101000001001111000000 A
b10110101000001001111000000 R
b10110101000001001111000000 r
b10110101000001001111000000 )"
b10110101000001001111000000 C
b10110101000001001111000000 T
b10110101000001001111000000 Y
b10110101000001001111000000 '"
b10110101000001001111000000 <
b10110101000001001111000000 P
b10110101000001001111000000 [
b10110101000001001111000000 t
b10110101000001001111000000 ,"
b1000000 5
b1000000 x
b1000000 ."
b1000000 ""
b111000 ?
b111000 y
b111000 ~
b111000 %"
b101000 @
b101000 z
b101000 }
b101000 $"
b11000 9
b11000 !"
1'
#5380000
0'
#5385000
b11111111111100111000001110100100 6
b11111111111100111000001110100100 L
b11111111111100111000001110100100 j
b11111111111100111000001110100100 n
b11111111111100111000001110100100 /"
b11111111110000010011101011010000 7
b11111111110000010011101011010000 M
b11111111110000010011101011010000 b
b11111111110000010011101011010000 f
b11111111110000010011101011010000 0"
b0 <
b0 P
b0 [
b0 t
b0 ,"
b1001000 1"
b0 K
b0 W
b0 \
b0 o
b0 G
b0 ]
b0 c
b0 A
b0 R
b0 r
b0 )"
b0 C
b0 T
b0 Y
b0 '"
b0 F
b0 Z
b0 s
b0 w
b0 I
b0 _
b0 v
b111001 ?
b111001 y
b111001 ~
b111001 %"
b101001 @
b101001 z
b101001 }
b101001 $"
b1001000 5
b1001000 x
b1001000 ."
b1001000 ""
b0 d
b0 :
b0 N
b0 e
b0 m
b0 *"
b0 `
b0 ;
b0 O
b0 a
b0 i
b0 +"
b0 B
b0 S
b0 p
b0 ("
b0 D
b0 U
b0 V
b0 &"
b0 =
b0 Q
b0 X
b0 q
b0 -"
b11001 9
b11001 !"
1'
#5390000
0'
#5395000
b11111111111001111000001000011101 6
b11111111111001111000001000011101 L
b11111111111001111000001000011101 j
b11111111111001111000001000011101 n
b11111111111001111000001000011101 /"
b11111111110001001101111100101000 7
b11111111110001001101111100101000 M
b11111111110001001101111100101000 b
b11111111110001001101111100101000 f
b11111111110001001101111100101000 0"
b1010000 1"
b1010000 5
b1010000 x
b1010000 ."
b1010000 ""
b111010 ?
b111010 y
b111010 ~
b111010 %"
b101010 @
b101010 z
b101010 }
b101010 $"
b11010 9
b11010 !"
1'
#5400000
0'
#5405000
b11111111110111000111000110001010 6
b11111111110111000111000110001010 L
b11111111110111000111000110001010 j
b11111111110111000111000110001010 n
b11111111110111000111000110001010 /"
b11111111110010101100100100110100 7
b11111111110010101100100100110100 M
b11111111110010101100100100110100 b
b11111111110010101100100100110100 f
b11111111110010101100100100110100 0"
b1011000 1"
b111011 ?
b111011 y
b111011 ~
b111011 %"
b101011 @
b101011 z
b101011 }
b101011 $"
b1011000 5
b1011000 x
b1011000 ."
b1011000 ""
b11011 9
b11011 !"
1'
#5410000
0'
#5415000
b11111111110100101011111011000011 6
b11111111110100101011111011000011 L
b11111111110100101011111011000011 j
b11111111110100101011111011000011 n
b11111111110100101011111011000011 /"
b11111111110100101011111011000011 7
b11111111110100101011111011000011 M
b11111111110100101011111011000011 b
b11111111110100101011111011000011 f
b11111111110100101011111011000011 0"
b1100000 1"
b1100000 5
b1100000 x
b1100000 ."
b1100000 ""
b111100 ?
b111100 y
b111100 ~
b111100 %"
b101100 @
b101100 z
b101100 }
b101100 $"
b11100 9
b11100 !"
1'
#5420000
0'
#5425000
b11111111110010101100100100110100 6
b11111111110010101100100100110100 L
b11111111110010101100100100110100 j
b11111111110010101100100100110100 n
b11111111110010101100100100110100 /"
b11111111110111000111000110001010 7
b11111111110111000111000110001010 M
b11111111110111000111000110001010 b
b11111111110111000111000110001010 f
b11111111110111000111000110001010 0"
b1101000 1"
b111101 ?
b111101 y
b111101 ~
b111101 %"
b101101 @
b101101 z
b101101 }
b101101 $"
b1101000 5
b1101000 x
b1101000 ."
b1101000 ""
b11101 9
b11101 !"
1'
#5430000
0'
#5435000
b11111111110001001101111100101000 6
b11111111110001001101111100101000 L
b11111111110001001101111100101000 j
b11111111110001001101111100101000 n
b11111111110001001101111100101000 /"
b11111111111001111000001000011101 7
b11111111111001111000001000011101 M
b11111111111001111000001000011101 b
b11111111111001111000001000011101 f
b11111111111001111000001000011101 0"
b1110000 1"
b1110000 5
b1110000 x
b1110000 ."
b1110000 ""
b111110 ?
b111110 y
b111110 ~
b111110 %"
b101110 @
b101110 z
b101110 }
b101110 $"
b11110 9
b11110 !"
1'
#5440000
0'
#5445000
b11111111110000010011101011010000 6
b11111111110000010011101011010000 L
b11111111110000010011101011010000 j
b11111111110000010011101011010000 n
b11111111110000010011101011010000 /"
b11111111111100111000001110100100 7
b11111111111100111000001110100100 M
b11111111111100111000001110100100 b
b11111111111100111000001110100100 f
b11111111111100111000001110100100 0"
b1111000 1"
b111111 ?
b111111 y
b111111 ~
b111111 %"
b101111 @
b101111 z
b101111 }
b101111 $"
b1111000 5
b1111000 x
b1111000 ."
b1111000 ""
b11111 9
b11111 !"
1'
#5450000
0'
#5455000
b10000000000000000000000 6
b10000000000000000000000 L
b10000000000000000000000 j
b10000000000000000000000 n
b10000000000000000000000 /"
b0 7
b0 M
b0 b
b0 f
b0 0"
b0 1"
b0 5
b0 x
b0 ."
b0 ""
b1010000 ?
b1010000 y
b1010000 ~
b1010000 %"
b1000000 @
b1000000 z
b1000000 }
b1000000 $"
b100000 9
b100000 !"
1'
#5460000
0'
#5465000
b1111101100010100110000 6
b1111101100010100110000 L
b1111101100010100110000 j
b1111101100010100110000 n
b1111101100010100110000 /"
b11111111111100111000001110100100 7
b11111111111100111000001110100100 M
b11111111111100111000001110100100 b
b11111111111100111000001110100100 f
b11111111111100111000001110100100 0"
b1000 1"
b1010001 ?
b1010001 y
b1010001 ~
b1010001 %"
b1000001 @
b1000001 z
b1000001 }
b1000001 $"
b1000 5
b1000 x
b1000 ."
b1000 ""
b100001 9
b100001 !"
1'
#5470000
0'
#5475000
b1110110010000011011000 6
b1110110010000011011000 L
b1110110010000011011000 j
b1110110010000011011000 n
b1110110010000011011000 /"
b11111111111001111000001000011101 7
b11111111111001111000001000011101 M
b11111111111001111000001000011101 b
b11111111111001111000001000011101 f
b11111111111001111000001000011101 0"
b10000 1"
b10000 5
b10000 x
b10000 ."
b10000 ""
b1010010 ?
b1010010 y
b1010010 ~
b1010010 %"
b1000010 @
b1000010 z
b1000010 }
b1000010 $"
b100010 9
b100010 !"
1'
#5480000
0'
#5485000
b1101010011011011001100 6
b1101010011011011001100 L
b1101010011011011001100 j
b1101010011011011001100 n
b1101010011011011001100 /"
b11111111110111000111000110001010 7
b11111111110111000111000110001010 M
b11111111110111000111000110001010 b
b11111111110111000111000110001010 f
b11111111110111000111000110001010 0"
b11000 1"
b1010011 ?
b1010011 y
b1010011 ~
b1010011 %"
b1000011 @
b1000011 z
b1000011 }
b1000011 $"
b11000 5
b11000 x
b11000 ."
b11000 ""
b100011 9
b100011 !"
1'
#5490000
0'
#5495000
b1011010100000100111101 6
b1011010100000100111101 L
b1011010100000100111101 j
b1011010100000100111101 n
b1011010100000100111101 /"
b11111111110100101011111011000011 7
b11111111110100101011111011000011 M
b11111111110100101011111011000011 b
b11111111110100101011111011000011 f
b11111111110100101011111011000011 0"
b100000 1"
b100000 5
b100000 x
b100000 ."
b100000 ""
b1010100 ?
b1010100 y
b1010100 ~
b1010100 %"
b1000100 @
b1000100 z
b1000100 }
b1000100 $"
b100100 9
b100100 !"
1'
#5500000
0'
#5505000
b1000111000111001110110 6
b1000111000111001110110 L
b1000111000111001110110 j
b1000111000111001110110 n
b1000111000111001110110 /"
b11111111110010101100100100110100 7
b11111111110010101100100100110100 M
b11111111110010101100100100110100 b
b11111111110010101100100100110100 f
b11111111110010101100100100110100 0"
b101000 1"
b1010101 ?
b1010101 y
b1010101 ~
b1010101 %"
b1000101 @
b1000101 z
b1000101 }
b1000101 $"
b101000 5
b101000 x
b101000 ."
b101000 ""
b100101 9
b100101 !"
1'
#5510000
0'
#5515000
b110000111110111100011 6
b110000111110111100011 L
b110000111110111100011 j
b110000111110111100011 n
b110000111110111100011 /"
b11111111110001001101111100101000 7
b11111111110001001101111100101000 M
b11111111110001001101111100101000 b
b11111111110001001101111100101000 f
b11111111110001001101111100101000 0"
b110000 1"
b110000 5
b110000 x
b110000 ."
b110000 ""
b1010110 ?
b1010110 y
b1010110 ~
b1010110 %"
b1000110 @
b1000110 z
b1000110 }
b1000110 $"
b100110 9
b100110 !"
1'
#5520000
0'
#5525000
b11000111110001011100 6
b11000111110001011100 L
b11000111110001011100 j
b11000111110001011100 n
b11000111110001011100 /"
b11111111110000010011101011010000 7
b11111111110000010011101011010000 M
b11111111110000010011101011010000 b
b11111111110000010011101011010000 f
b11111111110000010011101011010000 0"
b111000 1"
b1010111 ?
b1010111 y
b1010111 ~
b1010111 %"
b1000111 @
b1000111 z
b1000111 }
b1000111 $"
b111000 5
b111000 x
b111000 ."
b111000 ""
b100111 9
b100111 !"
1'
#5530000
0'
#5535000
b0 6
b0 L
b0 j
b0 n
b0 /"
b11111111110000000000000000000000 7
b11111111110000000000000000000000 M
b11111111110000000000000000000000 b
b11111111110000000000000000000000 f
b11111111110000000000000000000000 0"
b0 F
b0 Z
b0 s
b0 w
b0 J
b0 k
b0 u
b11111110011110000010000111100000 B
b11111110011110000010000111100000 S
b11111110011110000010000111100000 p
b11111110011110000010000111100000 ("
b1100001111101111000100000 D
b1100001111101111000100000 U
b1100001111101111000100000 V
b1100001111101111000100000 &"
b1100001111101111000100000 K
b1100001111101111000100000 W
b1100001111101111000100000 \
b1100001111101111000100000 o
b1100001111101111000100000 G
b1100001111101111000100000 ]
b1100001111101111000100000 c
b1000000 1"
b0 l
b11000011111011110001000000000000000000000000000 d
b11111110011110000010000111100000 :
b11111110011110000010000111100000 N
b11111110011110000010000111100000 e
b11111110011110000010000111100000 m
b11111110011110000010000111100000 *"
b11101100100000110101110000 A
b11101100100000110101110000 R
b11101100100000110101110000 r
b11101100100000110101110000 )"
b11101100100000110101110000 C
b11101100100000110101110000 T
b11101100100000110101110000 Y
b11101100100000110101110000 '"
b11101100100000110101110000 <
b11101100100000110101110000 P
b11101100100000110101110000 [
b11101100100000110101110000 t
b11101100100000110101110000 ,"
b1000000 5
b1000000 x
b1000000 ."
b1000000 ""
b1011000 ?
b1011000 y
b1011000 ~
b1011000 %"
b1001000 @
b1001000 z
b1001000 }
b1001000 $"
b101000 9
b101000 !"
1'
#5540000
0'
#5545000
b11111111111100111000001110100100 6
b11111111111100111000001110100100 L
b11111111111100111000001110100100 j
b11111111111100111000001110100100 n
b11111111111100111000001110100100 /"
b11111111110000010011101011010000 7
b11111111110000010011101011010000 M
b11111111110000010011101011010000 b
b11111111110000010011101011010000 f
b11111111110000010011101011010000 0"
b0 <
b0 P
b0 [
b0 t
b0 ,"
b1001000 1"
b0 K
b0 W
b0 \
b0 o
b0 G
b0 ]
b0 c
b0 A
b0 R
b0 r
b0 )"
b0 C
b0 T
b0 Y
b0 '"
b0 F
b0 Z
b0 s
b0 w
b0 I
b0 _
b0 v
b1011001 ?
b1011001 y
b1011001 ~
b1011001 %"
b1001001 @
b1001001 z
b1001001 }
b1001001 $"
b1001000 5
b1001000 x
b1001000 ."
b1001000 ""
b0 d
b0 :
b0 N
b0 e
b0 m
b0 *"
b0 `
b0 ;
b0 O
b0 a
b0 i
b0 +"
b0 B
b0 S
b0 p
b0 ("
b0 D
b0 U
b0 V
b0 &"
b0 =
b0 Q
b0 X
b0 q
b0 -"
b101001 9
b101001 !"
1'
#5550000
0'
#5555000
b11111111111001111000001000011101 6
b11111111111001111000001000011101 L
b11111111111001111000001000011101 j
b11111111111001111000001000011101 n
b11111111111001111000001000011101 /"
b11111111110001001101111100101000 7
b11111111110001001101111100101000 M
b11111111110001001101111100101000 b
b11111111110001001101111100101000 f
b11111111110001001101111100101000 0"
b1010000 1"
b1010000 5
b1010000 x
b1010000 ."
b1010000 ""
b1011010 ?
b1011010 y
b1011010 ~
b1011010 %"
b1001010 @
b1001010 z
b1001010 }
b1001010 $"
b101010 9
b101010 !"
1'
#5560000
0'
#5565000
b11111111110111000111000110001010 6
b11111111110111000111000110001010 L
b11111111110111000111000110001010 j
b11111111110111000111000110001010 n
b11111111110111000111000110001010 /"
b11111111110010101100100100110100 7
b11111111110010101100100100110100 M
b11111111110010101100100100110100 b
b11111111110010101100100100110100 f
b11111111110010101100100100110100 0"
b1011000 1"
b1011011 ?
b1011011 y
b1011011 ~
b1011011 %"
b1001011 @
b1001011 z
b1001011 }
b1001011 $"
b1011000 5
b1011000 x
b1011000 ."
b1011000 ""
b101011 9
b101011 !"
1'
#5570000
0'
#5575000
b11111111110100101011111011000011 6
b11111111110100101011111011000011 L
b11111111110100101011111011000011 j
b11111111110100101011111011000011 n
b11111111110100101011111011000011 /"
b11111111110100101011111011000011 7
b11111111110100101011111011000011 M
b11111111110100101011111011000011 b
b11111111110100101011111011000011 f
b11111111110100101011111011000011 0"
b1100000 1"
b1100000 5
b1100000 x
b1100000 ."
b1100000 ""
b1011100 ?
b1011100 y
b1011100 ~
b1011100 %"
b1001100 @
b1001100 z
b1001100 }
b1001100 $"
b101100 9
b101100 !"
1'
#5580000
0'
#5585000
b11111111110010101100100100110100 6
b11111111110010101100100100110100 L
b11111111110010101100100100110100 j
b11111111110010101100100100110100 n
b11111111110010101100100100110100 /"
b11111111110111000111000110001010 7
b11111111110111000111000110001010 M
b11111111110111000111000110001010 b
b11111111110111000111000110001010 f
b11111111110111000111000110001010 0"
b1101000 1"
b1011101 ?
b1011101 y
b1011101 ~
b1011101 %"
b1001101 @
b1001101 z
b1001101 }
b1001101 $"
b1101000 5
b1101000 x
b1101000 ."
b1101000 ""
b101101 9
b101101 !"
1'
#5590000
0'
#5595000
b11111111110001001101111100101000 6
b11111111110001001101111100101000 L
b11111111110001001101111100101000 j
b11111111110001001101111100101000 n
b11111111110001001101111100101000 /"
b11111111111001111000001000011101 7
b11111111111001111000001000011101 M
b11111111111001111000001000011101 b
b11111111111001111000001000011101 f
b11111111111001111000001000011101 0"
b1110000 1"
b1110000 5
b1110000 x
b1110000 ."
b1110000 ""
b1011110 ?
b1011110 y
b1011110 ~
b1011110 %"
b1001110 @
b1001110 z
b1001110 }
b1001110 $"
b101110 9
b101110 !"
1'
#5600000
0'
#5605000
b11111111110000010011101011010000 6
b11111111110000010011101011010000 L
b11111111110000010011101011010000 j
b11111111110000010011101011010000 n
b11111111110000010011101011010000 /"
b11111111111100111000001110100100 7
b11111111111100111000001110100100 M
b11111111111100111000001110100100 b
b11111111111100111000001110100100 f
b11111111111100111000001110100100 0"
b1111000 1"
b1011111 ?
b1011111 y
b1011111 ~
b1011111 %"
b1001111 @
b1001111 z
b1001111 }
b1001111 $"
b1111000 5
b1111000 x
b1111000 ."
b1111000 ""
b101111 9
b101111 !"
1'
#5610000
0'
#5615000
b10000000000000000000000 6
b10000000000000000000000 L
b10000000000000000000000 j
b10000000000000000000000 n
b10000000000000000000000 /"
b0 7
b0 M
b0 b
b0 f
b0 0"
b0 1"
b0 5
b0 x
b0 ."
b0 ""
b1110000 ?
b1110000 y
b1110000 ~
b1110000 %"
b1100000 @
b1100000 z
b1100000 }
b1100000 $"
b110000 9
b110000 !"
1'
#5620000
0'
#5625000
b1111101100010100110000 6
b1111101100010100110000 L
b1111101100010100110000 j
b1111101100010100110000 n
b1111101100010100110000 /"
b11111111111100111000001110100100 7
b11111111111100111000001110100100 M
b11111111111100111000001110100100 b
b11111111111100111000001110100100 f
b11111111111100111000001110100100 0"
b1000 1"
b1110001 ?
b1110001 y
b1110001 ~
b1110001 %"
b1100001 @
b1100001 z
b1100001 }
b1100001 $"
b1000 5
b1000 x
b1000 ."
b1000 ""
b110001 9
b110001 !"
1'
#5630000
0'
#5635000
b1110110010000011011000 6
b1110110010000011011000 L
b1110110010000011011000 j
b1110110010000011011000 n
b1110110010000011011000 /"
b11111111111001111000001000011101 7
b11111111111001111000001000011101 M
b11111111111001111000001000011101 b
b11111111111001111000001000011101 f
b11111111111001111000001000011101 0"
b10000 1"
b10000 5
b10000 x
b10000 ."
b10000 ""
b1110010 ?
b1110010 y
b1110010 ~
b1110010 %"
b1100010 @
b1100010 z
b1100010 }
b1100010 $"
b110010 9
b110010 !"
1'
#5640000
0'
#5645000
b1101010011011011001100 6
b1101010011011011001100 L
b1101010011011011001100 j
b1101010011011011001100 n
b1101010011011011001100 /"
b11111111110111000111000110001010 7
b11111111110111000111000110001010 M
b11111111110111000111000110001010 b
b11111111110111000111000110001010 f
b11111111110111000111000110001010 0"
b11000 1"
b1110011 ?
b1110011 y
b1110011 ~
b1110011 %"
b1100011 @
b1100011 z
b1100011 }
b1100011 $"
b11000 5
b11000 x
b11000 ."
b11000 ""
b110011 9
b110011 !"
1'
#5650000
0'
#5655000
b1011010100000100111101 6
b1011010100000100111101 L
b1011010100000100111101 j
b1011010100000100111101 n
b1011010100000100111101 /"
b11111111110100101011111011000011 7
b11111111110100101011111011000011 M
b11111111110100101011111011000011 b
b11111111110100101011111011000011 f
b11111111110100101011111011000011 0"
b100000 1"
b100000 5
b100000 x
b100000 ."
b100000 ""
b1110100 ?
b1110100 y
b1110100 ~
b1110100 %"
b1100100 @
b1100100 z
b1100100 }
b1100100 $"
b110100 9
b110100 !"
1'
#5660000
0'
#5665000
b1000111000111001110110 6
b1000111000111001110110 L
b1000111000111001110110 j
b1000111000111001110110 n
b1000111000111001110110 /"
b11111111110010101100100100110100 7
b11111111110010101100100100110100 M
b11111111110010101100100100110100 b
b11111111110010101100100100110100 f
b11111111110010101100100100110100 0"
b101000 1"
b1110101 ?
b1110101 y
b1110101 ~
b1110101 %"
b1100101 @
b1100101 z
b1100101 }
b1100101 $"
b101000 5
b101000 x
b101000 ."
b101000 ""
b110101 9
b110101 !"
1'
#5670000
0'
#5675000
b110000111110111100011 6
b110000111110111100011 L
b110000111110111100011 j
b110000111110111100011 n
b110000111110111100011 /"
b11111111110001001101111100101000 7
b11111111110001001101111100101000 M
b11111111110001001101111100101000 b
b11111111110001001101111100101000 f
b11111111110001001101111100101000 0"
b110000 1"
b110000 5
b110000 x
b110000 ."
b110000 ""
b1110110 ?
b1110110 y
b1110110 ~
b1110110 %"
b1100110 @
b1100110 z
b1100110 }
b1100110 $"
b110110 9
b110110 !"
1'
#5680000
0'
#5685000
b11000111110001011100 6
b11000111110001011100 L
b11000111110001011100 j
b11000111110001011100 n
b11000111110001011100 /"
b11111111110000010011101011010000 7
b11111111110000010011101011010000 M
b11111111110000010011101011010000 b
b11111111110000010011101011010000 f
b11111111110000010011101011010000 0"
b111000 1"
b1110111 ?
b1110111 y
b1110111 ~
b1110111 %"
b1100111 @
b1100111 z
b1100111 }
b1100111 $"
b111000 5
b111000 x
b111000 ."
b111000 ""
b110111 9
b110111 !"
1'
#5690000
0'
#5695000
b0 6
b0 L
b0 j
b0 n
b0 /"
b11111111110000000000000000000000 7
b11111111110000000000000000000000 M
b11111111110000000000000000000000 b
b11111111110000000000000000000000 f
b11111111110000000000000000000000 0"
b0 F
b0 Z
b0 s
b0 w
b0 J
b0 k
b0 u
b11111100010011011111001010010000 B
b11111100010011011111001010010000 S
b11111100010011011111001010010000 p
b11111100010011011111001010010000 ("
b11101100100000110101110000 D
b11101100100000110101110000 U
b11101100100000110101110000 V
b11101100100000110101110000 &"
b11101100100000110101110000 K
b11101100100000110101110000 W
b11101100100000110101110000 \
b11101100100000110101110000 o
b11101100100000110101110000 G
b11101100100000110101110000 ]
b11101100100000110101110000 c
b1000000 1"
b0 l
b111011001000001101011100000000000000000000000000 d
b11111100010011011111001010010000 :
b11111100010011011111001010010000 N
b11111100010011011111001010010000 e
b11111100010011011111001010010000 m
b11111100010011011111001010010000 *"
b1100001111101111000100000 A
b1100001111101111000100000 R
b1100001111101111000100000 r
b1100001111101111000100000 )"
b1100001111101111000100000 C
b1100001111101111000100000 T
b1100001111101111000100000 Y
b1100001111101111000100000 '"
b1100001111101111000100000 <
b1100001111101111000100000 P
b1100001111101111000100000 [
b1100001111101111000100000 t
b1100001111101111000100000 ,"
b1000000 5
b1000000 x
b1000000 ."
b1000000 ""
b1111000 ?
b1111000 y
b1111000 ~
b1111000 %"
b1101000 @
b1101000 z
b1101000 }
b1101000 $"
b111000 9
b111000 !"
1'
#5700000
0'
#5705000
b11111111111100111000001110100100 6
b11111111111100111000001110100100 L
b11111111111100111000001110100100 j
b11111111111100111000001110100100 n
b11111111111100111000001110100100 /"
b11111111110000010011101011010000 7
b11111111110000010011101011010000 M
b11111111110000010011101011010000 b
b11111111110000010011101011010000 f
b11111111110000010011101011010000 0"
b0 <
b0 P
b0 [
b0 t
b0 ,"
b1001000 1"
b0 K
b0 W
b0 \
b0 o
b0 G
b0 ]
b0 c
b0 A
b0 R
b0 r
b0 )"
b0 C
b0 T
b0 Y
b0 '"
b0 F
b0 Z
b0 s
b0 w
b0 I
b0 _
b0 v
b1111001 ?
b1111001 y
b1111001 ~
b1111001 %"
b1101001 @
b1101001 z
b1101001 }
b1101001 $"
b1001000 5
b1001000 x
b1001000 ."
b1001000 ""
b0 d
b0 :
b0 N
b0 e
b0 m
b0 *"
b0 `
b0 ;
b0 O
b0 a
b0 i
b0 +"
b0 B
b0 S
b0 p
b0 ("
b0 D
b0 U
b0 V
b0 &"
b0 =
b0 Q
b0 X
b0 q
b0 -"
b111001 9
b111001 !"
1'
#5710000
0'
#5715000
b11111111111001111000001000011101 6
b11111111111001111000001000011101 L
b11111111111001111000001000011101 j
b11111111111001111000001000011101 n
b11111111111001111000001000011101 /"
b11111111110001001101111100101000 7
b11111111110001001101111100101000 M
b11111111110001001101111100101000 b
b11111111110001001101111100101000 f
b11111111110001001101111100101000 0"
b1010000 1"
b1010000 5
b1010000 x
b1010000 ."
b1010000 ""
b1111010 ?
b1111010 y
b1111010 ~
b1111010 %"
b1101010 @
b1101010 z
b1101010 }
b1101010 $"
b111010 9
b111010 !"
1'
#5720000
0'
#5725000
b11111111110111000111000110001010 6
b11111111110111000111000110001010 L
b11111111110111000111000110001010 j
b11111111110111000111000110001010 n
b11111111110111000111000110001010 /"
b11111111110010101100100100110100 7
b11111111110010101100100100110100 M
b11111111110010101100100100110100 b
b11111111110010101100100100110100 f
b11111111110010101100100100110100 0"
b1011000 1"
b1111011 ?
b1111011 y
b1111011 ~
b1111011 %"
b1101011 @
b1101011 z
b1101011 }
b1101011 $"
b1011000 5
b1011000 x
b1011000 ."
b1011000 ""
b111011 9
b111011 !"
1'
#5730000
0'
#5735000
b11111111110100101011111011000011 6
b11111111110100101011111011000011 L
b11111111110100101011111011000011 j
b11111111110100101011111011000011 n
b11111111110100101011111011000011 /"
b11111111110100101011111011000011 7
b11111111110100101011111011000011 M
b11111111110100101011111011000011 b
b11111111110100101011111011000011 f
b11111111110100101011111011000011 0"
b1100000 1"
b1100000 5
b1100000 x
b1100000 ."
b1100000 ""
b1111100 ?
b1111100 y
b1111100 ~
b1111100 %"
b1101100 @
b1101100 z
b1101100 }
b1101100 $"
b111100 9
b111100 !"
1'
#5740000
0'
#5745000
b11111111110010101100100100110100 6
b11111111110010101100100100110100 L
b11111111110010101100100100110100 j
b11111111110010101100100100110100 n
b11111111110010101100100100110100 /"
b11111111110111000111000110001010 7
b11111111110111000111000110001010 M
b11111111110111000111000110001010 b
b11111111110111000111000110001010 f
b11111111110111000111000110001010 0"
b1101000 1"
b1111101 ?
b1111101 y
b1111101 ~
b1111101 %"
b1101101 @
b1101101 z
b1101101 }
b1101101 $"
b1101000 5
b1101000 x
b1101000 ."
b1101000 ""
b111101 9
b111101 !"
1'
#5750000
0'
#5755000
b11111111110001001101111100101000 6
b11111111110001001101111100101000 L
b11111111110001001101111100101000 j
b11111111110001001101111100101000 n
b11111111110001001101111100101000 /"
b11111111111001111000001000011101 7
b11111111111001111000001000011101 M
b11111111111001111000001000011101 b
b11111111111001111000001000011101 f
b11111111111001111000001000011101 0"
b1110000 1"
b1110000 5
b1110000 x
b1110000 ."
b1110000 ""
b1111110 ?
b1111110 y
b1111110 ~
b1111110 %"
b1101110 @
b1101110 z
b1101110 }
b1101110 $"
b111110 9
b111110 !"
1'
#5760000
0'
#5765000
b11111111110000010011101011010000 6
b11111111110000010011101011010000 L
b11111111110000010011101011010000 j
b11111111110000010011101011010000 n
b11111111110000010011101011010000 /"
b11111111111100111000001110100100 7
b11111111111100111000001110100100 M
b11111111111100111000001110100100 b
b11111111111100111000001110100100 f
b11111111111100111000001110100100 0"
b1111000 1"
b1111111 ?
b1111111 y
b1111111 ~
b1111111 %"
b1101111 @
b1101111 z
b1101111 }
b1101111 $"
b1111000 5
b1111000 x
b1111000 ."
b1111000 ""
b111111 9
b111111 !"
1'
#5770000
0'
#5775000
b10000000000000000000000 6
b10000000000000000000000 L
b10000000000000000000000 j
b10000000000000000000000 n
b10000000000000000000000 /"
b0 7
b0 M
b0 b
b0 f
b0 0"
b0 1"
b0 5
b0 x
b0 ."
b0 ""
b10010000 ?
b10010000 y
b10010000 ~
b10010000 %"
b10000000 @
b10000000 z
b10000000 }
b10000000 $"
b1000000 9
b1000000 !"
1'
#5780000
0'
#5785000
b1111101100010100110000 6
b1111101100010100110000 L
b1111101100010100110000 j
b1111101100010100110000 n
b1111101100010100110000 /"
b11111111111100111000001110100100 7
b11111111111100111000001110100100 M
b11111111111100111000001110100100 b
b11111111111100111000001110100100 f
b11111111111100111000001110100100 0"
b1000 1"
b10010001 ?
b10010001 y
b10010001 ~
b10010001 %"
b10000001 @
b10000001 z
b10000001 }
b10000001 $"
b1000 5
b1000 x
b1000 ."
b1000 ""
b1000001 9
b1000001 !"
1'
#5790000
0'
#5795000
b1110110010000011011000 6
b1110110010000011011000 L
b1110110010000011011000 j
b1110110010000011011000 n
b1110110010000011011000 /"
b11111111111001111000001000011101 7
b11111111111001111000001000011101 M
b11111111111001111000001000011101 b
b11111111111001111000001000011101 f
b11111111111001111000001000011101 0"
b10000 1"
b10000 5
b10000 x
b10000 ."
b10000 ""
b10010010 ?
b10010010 y
b10010010 ~
b10010010 %"
b10000010 @
b10000010 z
b10000010 }
b10000010 $"
b1000010 9
b1000010 !"
1'
#5800000
0'
#5805000
b1101010011011011001100 6
b1101010011011011001100 L
b1101010011011011001100 j
b1101010011011011001100 n
b1101010011011011001100 /"
b11111111110111000111000110001010 7
b11111111110111000111000110001010 M
b11111111110111000111000110001010 b
b11111111110111000111000110001010 f
b11111111110111000111000110001010 0"
b11000 1"
b10010011 ?
b10010011 y
b10010011 ~
b10010011 %"
b10000011 @
b10000011 z
b10000011 }
b10000011 $"
b11000 5
b11000 x
b11000 ."
b11000 ""
b1000011 9
b1000011 !"
1'
#5810000
0'
#5815000
b1011010100000100111101 6
b1011010100000100111101 L
b1011010100000100111101 j
b1011010100000100111101 n
b1011010100000100111101 /"
b11111111110100101011111011000011 7
b11111111110100101011111011000011 M
b11111111110100101011111011000011 b
b11111111110100101011111011000011 f
b11111111110100101011111011000011 0"
b100000 1"
b100000 5
b100000 x
b100000 ."
b100000 ""
b10010100 ?
b10010100 y
b10010100 ~
b10010100 %"
b10000100 @
b10000100 z
b10000100 }
b10000100 $"
b1000100 9
b1000100 !"
1'
#5820000
0'
#5825000
b1000111000111001110110 6
b1000111000111001110110 L
b1000111000111001110110 j
b1000111000111001110110 n
b1000111000111001110110 /"
b11111111110010101100100100110100 7
b11111111110010101100100100110100 M
b11111111110010101100100100110100 b
b11111111110010101100100100110100 f
b11111111110010101100100100110100 0"
b101000 1"
b10010101 ?
b10010101 y
b10010101 ~
b10010101 %"
b10000101 @
b10000101 z
b10000101 }
b10000101 $"
b101000 5
b101000 x
b101000 ."
b101000 ""
b1000101 9
b1000101 !"
1'
#5830000
0'
#5835000
b110000111110111100011 6
b110000111110111100011 L
b110000111110111100011 j
b110000111110111100011 n
b110000111110111100011 /"
b11111111110001001101111100101000 7
b11111111110001001101111100101000 M
b11111111110001001101111100101000 b
b11111111110001001101111100101000 f
b11111111110001001101111100101000 0"
b110000 1"
b110000 5
b110000 x
b110000 ."
b110000 ""
b10010110 ?
b10010110 y
b10010110 ~
b10010110 %"
b10000110 @
b10000110 z
b10000110 }
b10000110 $"
b1000110 9
b1000110 !"
1'
#5840000
0'
#5845000
b11000111110001011100 6
b11000111110001011100 L
b11000111110001011100 j
b11000111110001011100 n
b11000111110001011100 /"
b11111111110000010011101011010000 7
b11111111110000010011101011010000 M
b11111111110000010011101011010000 b
b11111111110000010011101011010000 f
b11111111110000010011101011010000 0"
b111000 1"
b10010111 ?
b10010111 y
b10010111 ~
b10010111 %"
b10000111 @
b10000111 z
b10000111 }
b10000111 $"
b111000 5
b111000 x
b111000 ."
b111000 ""
b1000111 9
b1000111 !"
1'
#5850000
0'
#5855000
b0 6
b0 L
b0 j
b0 n
b0 /"
b11111111110000000000000000000000 7
b11111111110000000000000000000000 M
b11111111110000000000000000000000 b
b11111111110000000000000000000000 f
b11111111110000000000000000000000 0"
b0 F
b0 Z
b0 s
b0 w
b0 J
b0 k
b0 u
b11111111001110000011101001000000 B
b11111111001110000011101001000000 S
b11111111001110000011101001000000 p
b11111111001110000011101001000000 ("
b110001111100010111000000 D
b110001111100010111000000 U
b110001111100010111000000 V
b110001111100010111000000 &"
b110001111100010111000000 K
b110001111100010111000000 W
b110001111100010111000000 \
b110001111100010111000000 o
b110001111100010111000000 G
b110001111100010111000000 ]
b110001111100010111000000 c
b1000000 1"
b0 l
b1100011111000101110000000000000000000000000000 d
b11111111001110000011101001000000 :
b11111111001110000011101001000000 N
b11111111001110000011101001000000 e
b11111111001110000011101001000000 m
b11111111001110000011101001000000 *"
b11111011000101001011110000 A
b11111011000101001011110000 R
b11111011000101001011110000 r
b11111011000101001011110000 )"
b11111011000101001011110000 C
b11111011000101001011110000 T
b11111011000101001011110000 Y
b11111011000101001011110000 '"
b11111011000101001011110000 <
b11111011000101001011110000 P
b11111011000101001011110000 [
b11111011000101001011110000 t
b11111011000101001011110000 ,"
b1000000 5
b1000000 x
b1000000 ."
b1000000 ""
b10011000 ?
b10011000 y
b10011000 ~
b10011000 %"
b10001000 @
b10001000 z
b10001000 }
b10001000 $"
b1001000 9
b1001000 !"
1'
#5860000
0'
#5865000
b11111111111100111000001110100100 6
b11111111111100111000001110100100 L
b11111111111100111000001110100100 j
b11111111111100111000001110100100 n
b11111111111100111000001110100100 /"
b11111111110000010011101011010000 7
b11111111110000010011101011010000 M
b11111111110000010011101011010000 b
b11111111110000010011101011010000 f
b11111111110000010011101011010000 0"
b0 <
b0 P
b0 [
b0 t
b0 ,"
b1001000 1"
b0 K
b0 W
b0 \
b0 o
b0 G
b0 ]
b0 c
b0 A
b0 R
b0 r
b0 )"
b0 C
b0 T
b0 Y
b0 '"
b0 F
b0 Z
b0 s
b0 w
b0 I
b0 _
b0 v
b10011001 ?
b10011001 y
b10011001 ~
b10011001 %"
b10001001 @
b10001001 z
b10001001 }
b10001001 $"
b1001000 5
b1001000 x
b1001000 ."
b1001000 ""
b0 d
b0 :
b0 N
b0 e
b0 m
b0 *"
b0 `
b0 ;
b0 O
b0 a
b0 i
b0 +"
b0 B
b0 S
b0 p
b0 ("
b0 D
b0 U
b0 V
b0 &"
b0 =
b0 Q
b0 X
b0 q
b0 -"
b1001001 9
b1001001 !"
1'
#5870000
0'
#5875000
b11111111111001111000001000011101 6
b11111111111001111000001000011101 L
b11111111111001111000001000011101 j
b11111111111001111000001000011101 n
b11111111111001111000001000011101 /"
b11111111110001001101111100101000 7
b11111111110001001101111100101000 M
b11111111110001001101111100101000 b
b11111111110001001101111100101000 f
b11111111110001001101111100101000 0"
b1010000 1"
b1010000 5
b1010000 x
b1010000 ."
b1010000 ""
b10011010 ?
b10011010 y
b10011010 ~
b10011010 %"
b10001010 @
b10001010 z
b10001010 }
b10001010 $"
b1001010 9
b1001010 !"
1'
#5880000
0'
#5885000
b11111111110111000111000110001010 6
b11111111110111000111000110001010 L
b11111111110111000111000110001010 j
b11111111110111000111000110001010 n
b11111111110111000111000110001010 /"
b11111111110010101100100100110100 7
b11111111110010101100100100110100 M
b11111111110010101100100100110100 b
b11111111110010101100100100110100 f
b11111111110010101100100100110100 0"
b1011000 1"
b10011011 ?
b10011011 y
b10011011 ~
b10011011 %"
b10001011 @
b10001011 z
b10001011 }
b10001011 $"
b1011000 5
b1011000 x
b1011000 ."
b1011000 ""
b1001011 9
b1001011 !"
1'
#5890000
0'
#5895000
b11111111110100101011111011000011 6
b11111111110100101011111011000011 L
b11111111110100101011111011000011 j
b11111111110100101011111011000011 n
b11111111110100101011111011000011 /"
b11111111110100101011111011000011 7
b11111111110100101011111011000011 M
b11111111110100101011111011000011 b
b11111111110100101011111011000011 f
b11111111110100101011111011000011 0"
b1100000 1"
b1100000 5
b1100000 x
b1100000 ."
b1100000 ""
b10011100 ?
b10011100 y
b10011100 ~
b10011100 %"
b10001100 @
b10001100 z
b10001100 }
b10001100 $"
b1001100 9
b1001100 !"
1'
#5900000
0'
#5905000
b11111111110010101100100100110100 6
b11111111110010101100100100110100 L
b11111111110010101100100100110100 j
b11111111110010101100100100110100 n
b11111111110010101100100100110100 /"
b11111111110111000111000110001010 7
b11111111110111000111000110001010 M
b11111111110111000111000110001010 b
b11111111110111000111000110001010 f
b11111111110111000111000110001010 0"
b1101000 1"
b10011101 ?
b10011101 y
b10011101 ~
b10011101 %"
b10001101 @
b10001101 z
b10001101 }
b10001101 $"
b1101000 5
b1101000 x
b1101000 ."
b1101000 ""
b1001101 9
b1001101 !"
1'
#5910000
0'
#5915000
b11111111110001001101111100101000 6
b11111111110001001101111100101000 L
b11111111110001001101111100101000 j
b11111111110001001101111100101000 n
b11111111110001001101111100101000 /"
b11111111111001111000001000011101 7
b11111111111001111000001000011101 M
b11111111111001111000001000011101 b
b11111111111001111000001000011101 f
b11111111111001111000001000011101 0"
b1110000 1"
b1110000 5
b1110000 x
b1110000 ."
b1110000 ""
b10011110 ?
b10011110 y
b10011110 ~
b10011110 %"
b10001110 @
b10001110 z
b10001110 }
b10001110 $"
b1001110 9
b1001110 !"
1'
#5920000
0'
#5925000
b11111111110000010011101011010000 6
b11111111110000010011101011010000 L
b11111111110000010011101011010000 j
b11111111110000010011101011010000 n
b11111111110000010011101011010000 /"
b11111111111100111000001110100100 7
b11111111111100111000001110100100 M
b11111111111100111000001110100100 b
b11111111111100111000001110100100 f
b11111111111100111000001110100100 0"
b1111000 1"
b10011111 ?
b10011111 y
b10011111 ~
b10011111 %"
b10001111 @
b10001111 z
b10001111 }
b10001111 $"
b1111000 5
b1111000 x
b1111000 ."
b1111000 ""
b1001111 9
b1001111 !"
1'
#5930000
0'
#5935000
b10000000000000000000000 6
b10000000000000000000000 L
b10000000000000000000000 j
b10000000000000000000000 n
b10000000000000000000000 /"
b0 7
b0 M
b0 b
b0 f
b0 0"
b0 1"
b0 5
b0 x
b0 ."
b0 ""
b10110000 ?
b10110000 y
b10110000 ~
b10110000 %"
b10100000 @
b10100000 z
b10100000 }
b10100000 $"
b1010000 9
b1010000 !"
1'
#5940000
0'
#5945000
b1111101100010100110000 6
b1111101100010100110000 L
b1111101100010100110000 j
b1111101100010100110000 n
b1111101100010100110000 /"
b11111111111100111000001110100100 7
b11111111111100111000001110100100 M
b11111111111100111000001110100100 b
b11111111111100111000001110100100 f
b11111111111100111000001110100100 0"
b1000 1"
b10110001 ?
b10110001 y
b10110001 ~
b10110001 %"
b10100001 @
b10100001 z
b10100001 }
b10100001 $"
b1000 5
b1000 x
b1000 ."
b1000 ""
b1010001 9
b1010001 !"
1'
#5950000
0'
#5955000
b1110110010000011011000 6
b1110110010000011011000 L
b1110110010000011011000 j
b1110110010000011011000 n
b1110110010000011011000 /"
b11111111111001111000001000011101 7
b11111111111001111000001000011101 M
b11111111111001111000001000011101 b
b11111111111001111000001000011101 f
b11111111111001111000001000011101 0"
b10000 1"
b10000 5
b10000 x
b10000 ."
b10000 ""
b10110010 ?
b10110010 y
b10110010 ~
b10110010 %"
b10100010 @
b10100010 z
b10100010 }
b10100010 $"
b1010010 9
b1010010 !"
1'
#5960000
0'
#5965000
b1101010011011011001100 6
b1101010011011011001100 L
b1101010011011011001100 j
b1101010011011011001100 n
b1101010011011011001100 /"
b11111111110111000111000110001010 7
b11111111110111000111000110001010 M
b11111111110111000111000110001010 b
b11111111110111000111000110001010 f
b11111111110111000111000110001010 0"
b11000 1"
b10110011 ?
b10110011 y
b10110011 ~
b10110011 %"
b10100011 @
b10100011 z
b10100011 }
b10100011 $"
b11000 5
b11000 x
b11000 ."
b11000 ""
b1010011 9
b1010011 !"
1'
#5970000
0'
#5975000
b1011010100000100111101 6
b1011010100000100111101 L
b1011010100000100111101 j
b1011010100000100111101 n
b1011010100000100111101 /"
b11111111110100101011111011000011 7
b11111111110100101011111011000011 M
b11111111110100101011111011000011 b
b11111111110100101011111011000011 f
b11111111110100101011111011000011 0"
b100000 1"
b100000 5
b100000 x
b100000 ."
b100000 ""
b10110100 ?
b10110100 y
b10110100 ~
b10110100 %"
b10100100 @
b10100100 z
b10100100 }
b10100100 $"
b1010100 9
b1010100 !"
1'
#5980000
0'
#5985000
b1000111000111001110110 6
b1000111000111001110110 L
b1000111000111001110110 j
b1000111000111001110110 n
b1000111000111001110110 /"
b11111111110010101100100100110100 7
b11111111110010101100100100110100 M
b11111111110010101100100100110100 b
b11111111110010101100100100110100 f
b11111111110010101100100100110100 0"
b101000 1"
b10110101 ?
b10110101 y
b10110101 ~
b10110101 %"
b10100101 @
b10100101 z
b10100101 }
b10100101 $"
b101000 5
b101000 x
b101000 ."
b101000 ""
b1010101 9
b1010101 !"
1'
#5990000
0'
#5995000
b110000111110111100011 6
b110000111110111100011 L
b110000111110111100011 j
b110000111110111100011 n
b110000111110111100011 /"
b11111111110001001101111100101000 7
b11111111110001001101111100101000 M
b11111111110001001101111100101000 b
b11111111110001001101111100101000 f
b11111111110001001101111100101000 0"
b110000 1"
b110000 5
b110000 x
b110000 ."
b110000 ""
b10110110 ?
b10110110 y
b10110110 ~
b10110110 %"
b10100110 @
b10100110 z
b10100110 }
b10100110 $"
b1010110 9
b1010110 !"
1'
#6000000
0'
#6005000
b11000111110001011100 6
b11000111110001011100 L
b11000111110001011100 j
b11000111110001011100 n
b11000111110001011100 /"
b11111111110000010011101011010000 7
b11111111110000010011101011010000 M
b11111111110000010011101011010000 b
b11111111110000010011101011010000 f
b11111111110000010011101011010000 0"
b111000 1"
b10110111 ?
b10110111 y
b10110111 ~
b10110111 %"
b10100111 @
b10100111 z
b10100111 }
b10100111 $"
b111000 5
b111000 x
b111000 ."
b111000 ""
b1010111 9
b1010111 !"
1'
#6010000
0'
#6015000
b0 6
b0 L
b0 j
b0 n
b0 /"
b11111111110000000000000000000000 7
b11111111110000000000000000000000 M
b11111111110000000000000000000000 b
b11111111110000000000000000000000 f
b11111111110000000000000000000000 0"
b0 F
b0 Z
b0 s
b0 w
b0 J
b0 k
b0 u
b11111100101011001001001101000000 B
b11111100101011001001001101000000 S
b11111100101011001001001101000000 p
b11111100101011001001001101000000 ("
b11010100110110110011000000 D
b11010100110110110011000000 U
b11010100110110110011000000 V
b11010100110110110011000000 &"
b11010100110110110011000000 K
b11010100110110110011000000 W
b11010100110110110011000000 \
b11010100110110110011000000 o
b11010100110110110011000000 G
b11010100110110110011000000 ]
b11010100110110110011000000 c
b1000000 1"
b0 l
b110101001101101100110000000000000000000000000000 d
b11111100101011001001001101000000 :
b11111100101011001001001101000000 N
b11111100101011001001001101000000 e
b11111100101011001001001101000000 m
b11111100101011001001001101000000 *"
b10001110001110011101100000 A
b10001110001110011101100000 R
b10001110001110011101100000 r
b10001110001110011101100000 )"
b10001110001110011101100000 C
b10001110001110011101100000 T
b10001110001110011101100000 Y
b10001110001110011101100000 '"
b10001110001110011101100000 <
b10001110001110011101100000 P
b10001110001110011101100000 [
b10001110001110011101100000 t
b10001110001110011101100000 ,"
b1000000 5
b1000000 x
b1000000 ."
b1000000 ""
b10111000 ?
b10111000 y
b10111000 ~
b10111000 %"
b10101000 @
b10101000 z
b10101000 }
b10101000 $"
b1011000 9
b1011000 !"
1'
#6020000
0'
#6025000
b11111111111100111000001110100100 6
b11111111111100111000001110100100 L
b11111111111100111000001110100100 j
b11111111111100111000001110100100 n
b11111111111100111000001110100100 /"
b11111111110000010011101011010000 7
b11111111110000010011101011010000 M
b11111111110000010011101011010000 b
b11111111110000010011101011010000 f
b11111111110000010011101011010000 0"
b0 <
b0 P
b0 [
b0 t
b0 ,"
b1001000 1"
b0 K
b0 W
b0 \
b0 o
b0 G
b0 ]
b0 c
b0 A
b0 R
b0 r
b0 )"
b0 C
b0 T
b0 Y
b0 '"
b0 F
b0 Z
b0 s
b0 w
b0 I
b0 _
b0 v
b10111001 ?
b10111001 y
b10111001 ~
b10111001 %"
b10101001 @
b10101001 z
b10101001 }
b10101001 $"
b1001000 5
b1001000 x
b1001000 ."
b1001000 ""
b0 d
b0 :
b0 N
b0 e
b0 m
b0 *"
b0 `
b0 ;
b0 O
b0 a
b0 i
b0 +"
b0 B
b0 S
b0 p
b0 ("
b0 D
b0 U
b0 V
b0 &"
b0 =
b0 Q
b0 X
b0 q
b0 -"
b1011001 9
b1011001 !"
1'
#6030000
0'
#6035000
b11111111111001111000001000011101 6
b11111111111001111000001000011101 L
b11111111111001111000001000011101 j
b11111111111001111000001000011101 n
b11111111111001111000001000011101 /"
b11111111110001001101111100101000 7
b11111111110001001101111100101000 M
b11111111110001001101111100101000 b
b11111111110001001101111100101000 f
b11111111110001001101111100101000 0"
b1010000 1"
b1010000 5
b1010000 x
b1010000 ."
b1010000 ""
b10111010 ?
b10111010 y
b10111010 ~
b10111010 %"
b10101010 @
b10101010 z
b10101010 }
b10101010 $"
b1011010 9
b1011010 !"
1'
#6040000
0'
#6045000
b11111111110111000111000110001010 6
b11111111110111000111000110001010 L
b11111111110111000111000110001010 j
b11111111110111000111000110001010 n
b11111111110111000111000110001010 /"
b11111111110010101100100100110100 7
b11111111110010101100100100110100 M
b11111111110010101100100100110100 b
b11111111110010101100100100110100 f
b11111111110010101100100100110100 0"
b1011000 1"
b10111011 ?
b10111011 y
b10111011 ~
b10111011 %"
b10101011 @
b10101011 z
b10101011 }
b10101011 $"
b1011000 5
b1011000 x
b1011000 ."
b1011000 ""
b1011011 9
b1011011 !"
1'
#6050000
0'
#6055000
b11111111110100101011111011000011 6
b11111111110100101011111011000011 L
b11111111110100101011111011000011 j
b11111111110100101011111011000011 n
b11111111110100101011111011000011 /"
b11111111110100101011111011000011 7
b11111111110100101011111011000011 M
b11111111110100101011111011000011 b
b11111111110100101011111011000011 f
b11111111110100101011111011000011 0"
b1100000 1"
b1100000 5
b1100000 x
b1100000 ."
b1100000 ""
b10111100 ?
b10111100 y
b10111100 ~
b10111100 %"
b10101100 @
b10101100 z
b10101100 }
b10101100 $"
b1011100 9
b1011100 !"
1'
#6060000
0'
#6065000
b11111111110010101100100100110100 6
b11111111110010101100100100110100 L
b11111111110010101100100100110100 j
b11111111110010101100100100110100 n
b11111111110010101100100100110100 /"
b11111111110111000111000110001010 7
b11111111110111000111000110001010 M
b11111111110111000111000110001010 b
b11111111110111000111000110001010 f
b11111111110111000111000110001010 0"
b1101000 1"
b10111101 ?
b10111101 y
b10111101 ~
b10111101 %"
b10101101 @
b10101101 z
b10101101 }
b10101101 $"
b1101000 5
b1101000 x
b1101000 ."
b1101000 ""
b1011101 9
b1011101 !"
1'
#6070000
0'
#6075000
b11111111110001001101111100101000 6
b11111111110001001101111100101000 L
b11111111110001001101111100101000 j
b11111111110001001101111100101000 n
b11111111110001001101111100101000 /"
b11111111111001111000001000011101 7
b11111111111001111000001000011101 M
b11111111111001111000001000011101 b
b11111111111001111000001000011101 f
b11111111111001111000001000011101 0"
b1110000 1"
b1110000 5
b1110000 x
b1110000 ."
b1110000 ""
b10111110 ?
b10111110 y
b10111110 ~
b10111110 %"
b10101110 @
b10101110 z
b10101110 }
b10101110 $"
b1011110 9
b1011110 !"
1'
#6080000
0'
#6085000
b11111111110000010011101011010000 6
b11111111110000010011101011010000 L
b11111111110000010011101011010000 j
b11111111110000010011101011010000 n
b11111111110000010011101011010000 /"
b11111111111100111000001110100100 7
b11111111111100111000001110100100 M
b11111111111100111000001110100100 b
b11111111111100111000001110100100 f
b11111111111100111000001110100100 0"
b1111000 1"
b10111111 ?
b10111111 y
b10111111 ~
b10111111 %"
b10101111 @
b10101111 z
b10101111 }
b10101111 $"
b1111000 5
b1111000 x
b1111000 ."
b1111000 ""
b1011111 9
b1011111 !"
1'
#6090000
0'
#6095000
b10000000000000000000000 6
b10000000000000000000000 L
b10000000000000000000000 j
b10000000000000000000000 n
b10000000000000000000000 /"
b0 7
b0 M
b0 b
b0 f
b0 0"
b0 1"
b0 5
b0 x
b0 ."
b0 ""
b11010000 ?
b11010000 y
b11010000 ~
b11010000 %"
b11000000 @
b11000000 z
b11000000 }
b11000000 $"
b1100000 9
b1100000 !"
1'
#6100000
0'
#6105000
b1111101100010100110000 6
b1111101100010100110000 L
b1111101100010100110000 j
b1111101100010100110000 n
b1111101100010100110000 /"
b11111111111100111000001110100100 7
b11111111111100111000001110100100 M
b11111111111100111000001110100100 b
b11111111111100111000001110100100 f
b11111111111100111000001110100100 0"
b1000 1"
b11010001 ?
b11010001 y
b11010001 ~
b11010001 %"
b11000001 @
b11000001 z
b11000001 }
b11000001 $"
b1000 5
b1000 x
b1000 ."
b1000 ""
b1100001 9
b1100001 !"
1'
#6110000
0'
#6115000
b1110110010000011011000 6
b1110110010000011011000 L
b1110110010000011011000 j
b1110110010000011011000 n
b1110110010000011011000 /"
b11111111111001111000001000011101 7
b11111111111001111000001000011101 M
b11111111111001111000001000011101 b
b11111111111001111000001000011101 f
b11111111111001111000001000011101 0"
b10000 1"
b10000 5
b10000 x
b10000 ."
b10000 ""
b11010010 ?
b11010010 y
b11010010 ~
b11010010 %"
b11000010 @
b11000010 z
b11000010 }
b11000010 $"
b1100010 9
b1100010 !"
1'
#6120000
0'
#6125000
b1101010011011011001100 6
b1101010011011011001100 L
b1101010011011011001100 j
b1101010011011011001100 n
b1101010011011011001100 /"
b11111111110111000111000110001010 7
b11111111110111000111000110001010 M
b11111111110111000111000110001010 b
b11111111110111000111000110001010 f
b11111111110111000111000110001010 0"
b11000 1"
b11010011 ?
b11010011 y
b11010011 ~
b11010011 %"
b11000011 @
b11000011 z
b11000011 }
b11000011 $"
b11000 5
b11000 x
b11000 ."
b11000 ""
b1100011 9
b1100011 !"
1'
#6130000
0'
#6135000
b1011010100000100111101 6
b1011010100000100111101 L
b1011010100000100111101 j
b1011010100000100111101 n
b1011010100000100111101 /"
b11111111110100101011111011000011 7
b11111111110100101011111011000011 M
b11111111110100101011111011000011 b
b11111111110100101011111011000011 f
b11111111110100101011111011000011 0"
b100000 1"
b100000 5
b100000 x
b100000 ."
b100000 ""
b11010100 ?
b11010100 y
b11010100 ~
b11010100 %"
b11000100 @
b11000100 z
b11000100 }
b11000100 $"
b1100100 9
b1100100 !"
1'
#6140000
0'
#6145000
b1000111000111001110110 6
b1000111000111001110110 L
b1000111000111001110110 j
b1000111000111001110110 n
b1000111000111001110110 /"
b11111111110010101100100100110100 7
b11111111110010101100100100110100 M
b11111111110010101100100100110100 b
b11111111110010101100100100110100 f
b11111111110010101100100100110100 0"
b101000 1"
b11010101 ?
b11010101 y
b11010101 ~
b11010101 %"
b11000101 @
b11000101 z
b11000101 }
b11000101 $"
b101000 5
b101000 x
b101000 ."
b101000 ""
b1100101 9
b1100101 !"
1'
#6150000
0'
#6155000
b110000111110111100011 6
b110000111110111100011 L
b110000111110111100011 j
b110000111110111100011 n
b110000111110111100011 /"
b11111111110001001101111100101000 7
b11111111110001001101111100101000 M
b11111111110001001101111100101000 b
b11111111110001001101111100101000 f
b11111111110001001101111100101000 0"
b110000 1"
b110000 5
b110000 x
b110000 ."
b110000 ""
b11010110 ?
b11010110 y
b11010110 ~
b11010110 %"
b11000110 @
b11000110 z
b11000110 }
b11000110 $"
b1100110 9
b1100110 !"
1'
#6160000
0'
#6165000
b11000111110001011100 6
b11000111110001011100 L
b11000111110001011100 j
b11000111110001011100 n
b11000111110001011100 /"
b11111111110000010011101011010000 7
b11111111110000010011101011010000 M
b11111111110000010011101011010000 b
b11111111110000010011101011010000 f
b11111111110000010011101011010000 0"
b111000 1"
b11010111 ?
b11010111 y
b11010111 ~
b11010111 %"
b11000111 @
b11000111 z
b11000111 }
b11000111 $"
b111000 5
b111000 x
b111000 ."
b111000 ""
b1100111 9
b1100111 !"
1'
#6170000
0'
#6175000
b0 6
b0 L
b0 j
b0 n
b0 /"
b11111111110000000000000000000000 7
b11111111110000000000000000000000 M
b11111111110000000000000000000000 b
b11111111110000000000000000000000 f
b11111111110000000000000000000000 0"
b0 F
b0 Z
b0 s
b0 w
b0 J
b0 k
b0 u
b11111101110001110001100010100000 B
b11111101110001110001100010100000 S
b11111101110001110001100010100000 p
b11111101110001110001100010100000 ("
b10001110001110011101100000 D
b10001110001110011101100000 U
b10001110001110011101100000 V
b10001110001110011101100000 &"
b10001110001110011101100000 K
b10001110001110011101100000 W
b10001110001110011101100000 \
b10001110001110011101100000 o
b10001110001110011101100000 G
b10001110001110011101100000 ]
b10001110001110011101100000 c
b1000000 1"
b0 l
b100011100011100111011000000000000000000000000000 d
b11111101110001110001100010100000 :
b11111101110001110001100010100000 N
b11111101110001110001100010100000 e
b11111101110001110001100010100000 m
b11111101110001110001100010100000 *"
b11010100110110110011000000 A
b11010100110110110011000000 R
b11010100110110110011000000 r
b11010100110110110011000000 )"
b11010100110110110011000000 C
b11010100110110110011000000 T
b11010100110110110011000000 Y
b11010100110110110011000000 '"
b11010100110110110011000000 <
b11010100110110110011000000 P
b11010100110110110011000000 [
b11010100110110110011000000 t
b11010100110110110011000000 ,"
b1000000 5
b1000000 x
b1000000 ."
b1000000 ""
b11011000 ?
b11011000 y
b11011000 ~
b11011000 %"
b11001000 @
b11001000 z
b11001000 }
b11001000 $"
b1101000 9
b1101000 !"
1'
#6180000
0'
#6185000
b11111111111100111000001110100100 6
b11111111111100111000001110100100 L
b11111111111100111000001110100100 j
b11111111111100111000001110100100 n
b11111111111100111000001110100100 /"
b11111111110000010011101011010000 7
b11111111110000010011101011010000 M
b11111111110000010011101011010000 b
b11111111110000010011101011010000 f
b11111111110000010011101011010000 0"
b0 <
b0 P
b0 [
b0 t
b0 ,"
b1001000 1"
b0 K
b0 W
b0 \
b0 o
b0 G
b0 ]
b0 c
b0 A
b0 R
b0 r
b0 )"
b0 C
b0 T
b0 Y
b0 '"
b0 F
b0 Z
b0 s
b0 w
b0 I
b0 _
b0 v
b11011001 ?
b11011001 y
b11011001 ~
b11011001 %"
b11001001 @
b11001001 z
b11001001 }
b11001001 $"
b1001000 5
b1001000 x
b1001000 ."
b1001000 ""
b0 d
b0 :
b0 N
b0 e
b0 m
b0 *"
b0 `
b0 ;
b0 O
b0 a
b0 i
b0 +"
b0 B
b0 S
b0 p
b0 ("
b0 D
b0 U
b0 V
b0 &"
b0 =
b0 Q
b0 X
b0 q
b0 -"
b1101001 9
b1101001 !"
1'
#6190000
0'
#6195000
b11111111111001111000001000011101 6
b11111111111001111000001000011101 L
b11111111111001111000001000011101 j
b11111111111001111000001000011101 n
b11111111111001111000001000011101 /"
b11111111110001001101111100101000 7
b11111111110001001101111100101000 M
b11111111110001001101111100101000 b
b11111111110001001101111100101000 f
b11111111110001001101111100101000 0"
b1010000 1"
b1010000 5
b1010000 x
b1010000 ."
b1010000 ""
b11011010 ?
b11011010 y
b11011010 ~
b11011010 %"
b11001010 @
b11001010 z
b11001010 }
b11001010 $"
b1101010 9
b1101010 !"
1'
#6200000
0'
#6205000
b11111111110111000111000110001010 6
b11111111110111000111000110001010 L
b11111111110111000111000110001010 j
b11111111110111000111000110001010 n
b11111111110111000111000110001010 /"
b11111111110010101100100100110100 7
b11111111110010101100100100110100 M
b11111111110010101100100100110100 b
b11111111110010101100100100110100 f
b11111111110010101100100100110100 0"
b1011000 1"
b11011011 ?
b11011011 y
b11011011 ~
b11011011 %"
b11001011 @
b11001011 z
b11001011 }
b11001011 $"
b1011000 5
b1011000 x
b1011000 ."
b1011000 ""
b1101011 9
b1101011 !"
1'
#6210000
0'
#6215000
b11111111110100101011111011000011 6
b11111111110100101011111011000011 L
b11111111110100101011111011000011 j
b11111111110100101011111011000011 n
b11111111110100101011111011000011 /"
b11111111110100101011111011000011 7
b11111111110100101011111011000011 M
b11111111110100101011111011000011 b
b11111111110100101011111011000011 f
b11111111110100101011111011000011 0"
b1100000 1"
b1100000 5
b1100000 x
b1100000 ."
b1100000 ""
b11011100 ?
b11011100 y
b11011100 ~
b11011100 %"
b11001100 @
b11001100 z
b11001100 }
b11001100 $"
b1101100 9
b1101100 !"
1'
#6220000
0'
#6225000
b11111111110010101100100100110100 6
b11111111110010101100100100110100 L
b11111111110010101100100100110100 j
b11111111110010101100100100110100 n
b11111111110010101100100100110100 /"
b11111111110111000111000110001010 7
b11111111110111000111000110001010 M
b11111111110111000111000110001010 b
b11111111110111000111000110001010 f
b11111111110111000111000110001010 0"
b1101000 1"
b11011101 ?
b11011101 y
b11011101 ~
b11011101 %"
b11001101 @
b11001101 z
b11001101 }
b11001101 $"
b1101000 5
b1101000 x
b1101000 ."
b1101000 ""
b1101101 9
b1101101 !"
1'
#6230000
0'
#6235000
b11111111110001001101111100101000 6
b11111111110001001101111100101000 L
b11111111110001001101111100101000 j
b11111111110001001101111100101000 n
b11111111110001001101111100101000 /"
b11111111111001111000001000011101 7
b11111111111001111000001000011101 M
b11111111111001111000001000011101 b
b11111111111001111000001000011101 f
b11111111111001111000001000011101 0"
b1110000 1"
b1110000 5
b1110000 x
b1110000 ."
b1110000 ""
b11011110 ?
b11011110 y
b11011110 ~
b11011110 %"
b11001110 @
b11001110 z
b11001110 }
b11001110 $"
b1101110 9
b1101110 !"
1'
#6240000
0'
#6245000
b11111111110000010011101011010000 6
b11111111110000010011101011010000 L
b11111111110000010011101011010000 j
b11111111110000010011101011010000 n
b11111111110000010011101011010000 /"
b11111111111100111000001110100100 7
b11111111111100111000001110100100 M
b11111111111100111000001110100100 b
b11111111111100111000001110100100 f
b11111111111100111000001110100100 0"
b1111000 1"
b11011111 ?
b11011111 y
b11011111 ~
b11011111 %"
b11001111 @
b11001111 z
b11001111 }
b11001111 $"
b1111000 5
b1111000 x
b1111000 ."
b1111000 ""
b1101111 9
b1101111 !"
1'
#6250000
0'
#6255000
b10000000000000000000000 6
b10000000000000000000000 L
b10000000000000000000000 j
b10000000000000000000000 n
b10000000000000000000000 /"
b0 7
b0 M
b0 b
b0 f
b0 0"
b0 1"
b0 5
b0 x
b0 ."
b0 ""
b11110000 ?
b11110000 y
b11110000 ~
b11110000 %"
b11100000 @
b11100000 z
b11100000 }
b11100000 $"
b1110000 9
b1110000 !"
1'
#6260000
0'
#6265000
b1111101100010100110000 6
b1111101100010100110000 L
b1111101100010100110000 j
b1111101100010100110000 n
b1111101100010100110000 /"
b11111111111100111000001110100100 7
b11111111111100111000001110100100 M
b11111111111100111000001110100100 b
b11111111111100111000001110100100 f
b11111111111100111000001110100100 0"
b1000 1"
b11110001 ?
b11110001 y
b11110001 ~
b11110001 %"
b11100001 @
b11100001 z
b11100001 }
b11100001 $"
b1000 5
b1000 x
b1000 ."
b1000 ""
b1110001 9
b1110001 !"
1'
#6270000
0'
#6275000
b1110110010000011011000 6
b1110110010000011011000 L
b1110110010000011011000 j
b1110110010000011011000 n
b1110110010000011011000 /"
b11111111111001111000001000011101 7
b11111111111001111000001000011101 M
b11111111111001111000001000011101 b
b11111111111001111000001000011101 f
b11111111111001111000001000011101 0"
b10000 1"
b10000 5
b10000 x
b10000 ."
b10000 ""
b11110010 ?
b11110010 y
b11110010 ~
b11110010 %"
b11100010 @
b11100010 z
b11100010 }
b11100010 $"
b1110010 9
b1110010 !"
1'
#6280000
0'
#6285000
b1101010011011011001100 6
b1101010011011011001100 L
b1101010011011011001100 j
b1101010011011011001100 n
b1101010011011011001100 /"
b11111111110111000111000110001010 7
b11111111110111000111000110001010 M
b11111111110111000111000110001010 b
b11111111110111000111000110001010 f
b11111111110111000111000110001010 0"
b11000 1"
b11110011 ?
b11110011 y
b11110011 ~
b11110011 %"
b11100011 @
b11100011 z
b11100011 }
b11100011 $"
b11000 5
b11000 x
b11000 ."
b11000 ""
b1110011 9
b1110011 !"
1'
#6290000
0'
#6295000
b1011010100000100111101 6
b1011010100000100111101 L
b1011010100000100111101 j
b1011010100000100111101 n
b1011010100000100111101 /"
b11111111110100101011111011000011 7
b11111111110100101011111011000011 M
b11111111110100101011111011000011 b
b11111111110100101011111011000011 f
b11111111110100101011111011000011 0"
b100000 1"
b100000 5
b100000 x
b100000 ."
b100000 ""
b11110100 ?
b11110100 y
b11110100 ~
b11110100 %"
b11100100 @
b11100100 z
b11100100 }
b11100100 $"
b1110100 9
b1110100 !"
1'
#6300000
0'
#6305000
b1000111000111001110110 6
b1000111000111001110110 L
b1000111000111001110110 j
b1000111000111001110110 n
b1000111000111001110110 /"
b11111111110010101100100100110100 7
b11111111110010101100100100110100 M
b11111111110010101100100100110100 b
b11111111110010101100100100110100 f
b11111111110010101100100100110100 0"
b101000 1"
b11110101 ?
b11110101 y
b11110101 ~
b11110101 %"
b11100101 @
b11100101 z
b11100101 }
b11100101 $"
b101000 5
b101000 x
b101000 ."
b101000 ""
b1110101 9
b1110101 !"
1'
#6310000
0'
#6315000
b110000111110111100011 6
b110000111110111100011 L
b110000111110111100011 j
b110000111110111100011 n
b110000111110111100011 /"
b11111111110001001101111100101000 7
b11111111110001001101111100101000 M
b11111111110001001101111100101000 b
b11111111110001001101111100101000 f
b11111111110001001101111100101000 0"
b110000 1"
b110000 5
b110000 x
b110000 ."
b110000 ""
b11110110 ?
b11110110 y
b11110110 ~
b11110110 %"
b11100110 @
b11100110 z
b11100110 }
b11100110 $"
b1110110 9
b1110110 !"
1'
#6320000
0'
#6325000
b11000111110001011100 6
b11000111110001011100 L
b11000111110001011100 j
b11000111110001011100 n
b11000111110001011100 /"
b11111111110000010011101011010000 7
b11111111110000010011101011010000 M
b11111111110000010011101011010000 b
b11111111110000010011101011010000 f
b11111111110000010011101011010000 0"
b111000 1"
b11110111 ?
b11110111 y
b11110111 ~
b11110111 %"
b11100111 @
b11100111 z
b11100111 }
b11100111 $"
b111000 5
b111000 x
b111000 ."
b111000 ""
b1110111 9
b1110111 !"
1'
#6330000
0'
#6335000
b0 6
b0 L
b0 j
b0 n
b0 /"
b11111111110000000000000000000000 7
b11111111110000000000000000000000 M
b11111111110000000000000000000000 b
b11111111110000000000000000000000 f
b11111111110000000000000000000000 0"
b0 F
b0 Z
b0 s
b0 w
b0 J
b0 k
b0 u
b11111100000100111010110100010000 B
b11111100000100111010110100010000 S
b11111100000100111010110100010000 p
b11111100000100111010110100010000 ("
b11111011000101001011110000 D
b11111011000101001011110000 U
b11111011000101001011110000 V
b11111011000101001011110000 &"
b11111011000101001011110000 K
b11111011000101001011110000 W
b11111011000101001011110000 \
b11111011000101001011110000 o
b11111011000101001011110000 G
b11111011000101001011110000 ]
b11111011000101001011110000 c
b1000000 1"
b0 l
b111110110001010010111100000000000000000000000000 d
b11111100000100111010110100010000 :
b11111100000100111010110100010000 N
b11111100000100111010110100010000 e
b11111100000100111010110100010000 m
b11111100000100111010110100010000 *"
b110001111100010111000000 A
b110001111100010111000000 R
b110001111100010111000000 r
b110001111100010111000000 )"
b110001111100010111000000 C
b110001111100010111000000 T
b110001111100010111000000 Y
b110001111100010111000000 '"
b110001111100010111000000 <
b110001111100010111000000 P
b110001111100010111000000 [
b110001111100010111000000 t
b110001111100010111000000 ,"
b1000000 5
b1000000 x
b1000000 ."
b1000000 ""
b11111000 ?
b11111000 y
b11111000 ~
b11111000 %"
b11101000 @
b11101000 z
b11101000 }
b11101000 $"
b1111000 9
b1111000 !"
1'
#6340000
0'
#6345000
b11111111111100111000001110100100 6
b11111111111100111000001110100100 L
b11111111111100111000001110100100 j
b11111111111100111000001110100100 n
b11111111111100111000001110100100 /"
b11111111110000010011101011010000 7
b11111111110000010011101011010000 M
b11111111110000010011101011010000 b
b11111111110000010011101011010000 f
b11111111110000010011101011010000 0"
b0 <
b0 P
b0 [
b0 t
b0 ,"
b1001000 1"
b0 K
b0 W
b0 \
b0 o
b0 G
b0 ]
b0 c
b0 A
b0 R
b0 r
b0 )"
b0 C
b0 T
b0 Y
b0 '"
b0 F
b0 Z
b0 s
b0 w
b0 I
b0 _
b0 v
b11111001 ?
b11111001 y
b11111001 ~
b11111001 %"
b11101001 @
b11101001 z
b11101001 }
b11101001 $"
b1001000 5
b1001000 x
b1001000 ."
b1001000 ""
b0 d
b0 :
b0 N
b0 e
b0 m
b0 *"
b0 `
b0 ;
b0 O
b0 a
b0 i
b0 +"
b0 B
b0 S
b0 p
b0 ("
b0 D
b0 U
b0 V
b0 &"
b0 =
b0 Q
b0 X
b0 q
b0 -"
b1111001 9
b1111001 !"
1'
#6350000
0'
#6355000
b11111111111001111000001000011101 6
b11111111111001111000001000011101 L
b11111111111001111000001000011101 j
b11111111111001111000001000011101 n
b11111111111001111000001000011101 /"
b11111111110001001101111100101000 7
b11111111110001001101111100101000 M
b11111111110001001101111100101000 b
b11111111110001001101111100101000 f
b11111111110001001101111100101000 0"
b1010000 1"
b1010000 5
b1010000 x
b1010000 ."
b1010000 ""
b11111010 ?
b11111010 y
b11111010 ~
b11111010 %"
b11101010 @
b11101010 z
b11101010 }
b11101010 $"
b1111010 9
b1111010 !"
1'
#6360000
0'
#6365000
b11111111110111000111000110001010 6
b11111111110111000111000110001010 L
b11111111110111000111000110001010 j
b11111111110111000111000110001010 n
b11111111110111000111000110001010 /"
b11111111110010101100100100110100 7
b11111111110010101100100100110100 M
b11111111110010101100100100110100 b
b11111111110010101100100100110100 f
b11111111110010101100100100110100 0"
b1011000 1"
b11111011 ?
b11111011 y
b11111011 ~
b11111011 %"
b11101011 @
b11101011 z
b11101011 }
b11101011 $"
b1011000 5
b1011000 x
b1011000 ."
b1011000 ""
b1111011 9
b1111011 !"
1'
#6370000
0'
#6375000
b11111111110100101011111011000011 6
b11111111110100101011111011000011 L
b11111111110100101011111011000011 j
b11111111110100101011111011000011 n
b11111111110100101011111011000011 /"
b11111111110100101011111011000011 7
b11111111110100101011111011000011 M
b11111111110100101011111011000011 b
b11111111110100101011111011000011 f
b11111111110100101011111011000011 0"
b1100000 1"
b1100000 5
b1100000 x
b1100000 ."
b1100000 ""
b11111100 ?
b11111100 y
b11111100 ~
b11111100 %"
b11101100 @
b11101100 z
b11101100 }
b11101100 $"
b1111100 9
b1111100 !"
1'
#6380000
0'
#6385000
b11111111110010101100100100110100 6
b11111111110010101100100100110100 L
b11111111110010101100100100110100 j
b11111111110010101100100100110100 n
b11111111110010101100100100110100 /"
b11111111110111000111000110001010 7
b11111111110111000111000110001010 M
b11111111110111000111000110001010 b
b11111111110111000111000110001010 f
b11111111110111000111000110001010 0"
b1101000 1"
b11111101 ?
b11111101 y
b11111101 ~
b11111101 %"
b11101101 @
b11101101 z
b11101101 }
b11101101 $"
b1101000 5
b1101000 x
b1101000 ."
b1101000 ""
b1111101 9
b1111101 !"
1'
#6390000
0'
#6395000
b11111111110001001101111100101000 6
b11111111110001001101111100101000 L
b11111111110001001101111100101000 j
b11111111110001001101111100101000 n
b11111111110001001101111100101000 /"
b11111111111001111000001000011101 7
b11111111111001111000001000011101 M
b11111111111001111000001000011101 b
b11111111111001111000001000011101 f
b11111111111001111000001000011101 0"
b1110000 1"
b1110000 5
b1110000 x
b1110000 ."
b1110000 ""
b11111110 ?
b11111110 y
b11111110 ~
b11111110 %"
b11101110 @
b11101110 z
b11101110 }
b11101110 $"
b1111110 9
b1111110 !"
1'
#6400000
0'
#6405000
b11111111110000010011101011010000 6
b11111111110000010011101011010000 L
b11111111110000010011101011010000 j
b11111111110000010011101011010000 n
b11111111110000010011101011010000 /"
b11111111111100111000001110100100 7
b11111111111100111000001110100100 M
b11111111111100111000001110100100 b
b11111111111100111000001110100100 f
b11111111111100111000001110100100 0"
b1111000 1"
b11111111 ?
b11111111 y
b11111111 ~
b11111111 %"
b11101111 @
b11101111 z
b11101111 }
b11101111 $"
b1111000 5
b1111000 x
b1111000 ."
b1111000 ""
b1111111 9
b1111111 !"
1'
#6410000
0'
#6415000
b10000000000000000000000 6
b10000000000000000000000 L
b10000000000000000000000 j
b10000000000000000000000 n
b10000000000000000000000 /"
b0 7
b0 M
b0 b
b0 f
b0 0"
b0 1"
b0 5
b0 x
b0 ."
b0 ""
b100000 ?
b100000 y
b100000 ~
b100000 %"
b0 @
b0 z
b0 }
b0 $"
b101 8
b101 #"
b0 9
b0 !"
1'
#6420000
0'
#6425000
b1111111011000100011011 6
b1111111011000100011011 L
b1111111011000100011011 j
b1111111011000100011011 n
b1111111011000100011011 /"
b11111111111110011011101000010110 7
b11111111111110011011101000010110 M
b11111111111110011011101000010110 b
b11111111111110011011101000010110 f
b11111111111110011011101000010110 0"
b100 1"
b100001 ?
b100001 y
b100001 ~
b100001 %"
b1 @
b1 z
b1 }
b1 $"
b100 5
b100 x
b100 ."
b100 ""
b1 9
b1 !"
1'
#6430000
0'
#6435000
b1111101100010100110000 6
b1111101100010100110000 L
b1111101100010100110000 j
b1111101100010100110000 n
b1111101100010100110000 /"
b11111111111100111000001110100100 7
b11111111111100111000001110100100 M
b11111111111100111000001110100100 b
b11111111111100111000001110100100 f
b11111111111100111000001110100100 0"
b1000 1"
b1000 5
b1000 x
b1000 ."
b1000 ""
b100010 ?
b100010 y
b100010 ~
b100010 %"
b10 @
b10 z
b10 }
b10 $"
b10 9
b10 !"
1'
#6440000
0'
#6445000
b1111010011111010000011 6
b1111010011111010000011 L
b1111010011111010000011 j
b1111010011111010000011 n
b1111010011111010000011 /"
b11111111111011010110101111111010 7
b11111111111011010110101111111010 M
b11111111111011010110101111111010 b
b11111111111011010110101111111010 f
b11111111111011010110101111111010 0"
b1100 1"
b100011 ?
b100011 y
b100011 ~
b100011 %"
b11 @
b11 z
b11 }
b11 $"
b1100 5
b1100 x
b1100 ."
b1100 ""
b11 9
b11 !"
1'
#6450000
0'
#6455000
b1110110010000011011000 6
b1110110010000011011000 L
b1110110010000011011000 j
b1110110010000011011000 n
b1110110010000011011000 /"
b11111111111001111000001000011101 7
b11111111111001111000001000011101 M
b11111111111001111000001000011101 b
b11111111111001111000001000011101 f
b11111111111001111000001000011101 0"
b10000 1"
b10000 5
b10000 x
b10000 ."
b10000 ""
b100100 ?
b100100 y
b100100 ~
b100100 %"
b100 @
b100 z
b100 }
b100 $"
b100 9
b100 !"
1'
#6460000
0'
#6465000
b1110000111000101100110 6
b1110000111000101100110 L
b1110000111000101100110 j
b1110000111000101100110 n
b1110000111000101100110 /"
b11111111111000011101010010100011 7
b11111111111000011101010010100011 M
b11111111111000011101010010100011 b
b11111111111000011101010010100011 f
b11111111111000011101010010100011 0"
b10100 1"
b100101 ?
b100101 y
b100101 ~
b100101 %"
b101 @
b101 z
b101 }
b101 $"
b10100 5
b10100 x
b10100 ."
b10100 ""
b101 9
b101 !"
1'
#6470000
0'
#6475000
b1101010011011011001100 6
b1101010011011011001100 L
b1101010011011011001100 j
b1101010011011011001100 n
b1101010011011011001100 /"
b11111111110111000111000110001010 7
b11111111110111000111000110001010 M
b11111111110111000111000110001010 b
b11111111110111000111000110001010 f
b11111111110111000111000110001010 0"
b11000 1"
b11000 5
b11000 x
b11000 ."
b11000 ""
b100110 ?
b100110 y
b100110 ~
b100110 %"
b110 @
b110 z
b110 }
b110 $"
b110 9
b110 !"
1'
#6480000
0'
#6485000
b1100010111100100000001 6
b1100010111100100000001 L
b1100010111100100000001 j
b1100010111100100000001 n
b1100010111100100000001 /"
b11111111110101110110011000011010 7
b11111111110101110110011000011010 M
b11111111110101110110011000011010 b
b11111111110101110110011000011010 f
b11111111110101110110011000011010 0"
b11100 1"
b100111 ?
b100111 y
b100111 ~
b100111 %"
b111 @
b111 z
b111 }
b111 $"
b11100 5
b11100 x
b11100 ."
b11100 ""
b111 9
b111 !"
1'
#6490000
0'
#6495000
b1011010100000100111101 6
b1011010100000100111101 L
b1011010100000100111101 j
b1011010100000100111101 n
b1011010100000100111101 /"
b11111111110100101011111011000011 7
b11111111110100101011111011000011 M
b11111111110100101011111011000011 b
b11111111110100101011111011000011 f
b11111111110100101011111011000011 0"
b1111111111111111111111001 J
b1111111111111111111111001 k
b1111111111111111111111001 u
b11111110000000000000000000000110 G
b11111110000000000000000000000110 ]
b11111110000000000000000000000110 c
b1 B
b1 S
b1 p
b1 ("
b11111111111111111111111111111111 D
b11111111111111111111111111111111 U
b11111111111111111111111111111111 V
b11111111111111111111111111111111 &"
b11111111111111111111111111111111 K
b11111111111111111111111111111111 W
b11111111111111111111111111111111 \
b11111111111111111111111111111111 o
b1111111111111111111111001 H
b1111111111111111111111001 ^
b1111111111111111111111001 g
b11111111111111111111110011 F
b11111111111111111111110011 Z
b11111111111111111111110011 s
b11111111111111111111110011 w
b11111110000000000000000000000110 I
b11111110000000000000000000000110 _
b11111110000000000000000000000110 v
b100000 1"
b11111111111111111111110010011000111010011000000 l
b1111111111111111100000000000000000000001101100111000101101000000 d
b10110101000001001111000000 :
b10110101000001001111000000 N
b10110101000001001111000000 e
b10110101000001001111000000 m
b10110101000001001111000000 *"
b11111111111111111111110010011000111010011000000 h
b1111111111111111100000000000000000000001101100111000101101000000 `
b10110101000001001111000000 ;
b10110101000001001111000000 O
b10110101000001001111000000 a
b10110101000001001111000000 i
b10110101000001001111000000 +"
b1101 A
b1101 R
b1101 r
b1101 )"
b111111111111111111111110011 C
b111111111111111111111110011 T
b111111111111111111111110011 Y
b111111111111111111111110011 '"
b100000000000000000000000000 <
b100000000000000000000000000 P
b100000000000000000000000000 [
b100000000000000000000000000 t
b100000000000000000000000000 ,"
b100000 5
b100000 x
b100000 ."
b100000 ""
b101000 ?
b101000 y
b101000 ~
b101000 %"
b1000 @
b1000 z
b1000 }
b1000 $"
b1000 9
b1000 !"
1'
#6500000
0'
#6505000
b1010001001100111100110 6
b1010001001100111100110 L
b1010001001100111100110 j
b1010001001100111100110 n
b1010001001100111100110 /"
b11111111110011101000011011111111 7
b11111111110011101000011011111111 M
b11111111110011101000011011111111 b
b11111111110011101000011011111111 f
b11111111110011101000011011111111 0"
b100100 1"
b0 J
b0 k
b0 u
b0 G
b0 ]
b0 c
b0 K
b0 W
b0 \
b0 o
b0 H
b0 ^
b0 g
b0 F
b0 Z
b0 s
b0 w
b0 I
b0 _
b0 v
b101001 ?
b101001 y
b101001 ~
b101001 %"
b1001 @
b1001 z
b1001 }
b1001 $"
b100100 5
b100100 x
b100100 ."
b100100 ""
b0 l
b0 d
b0 :
b0 N
b0 e
b0 m
b0 *"
b0 h
b0 `
b0 ;
b0 O
b0 a
b0 i
b0 +"
b0 A
b0 R
b0 r
b0 )"
b0 C
b0 T
b0 Y
b0 '"
b0 <
b0 P
b0 [
b0 t
b0 ,"
b0 B
b0 S
b0 p
b0 ("
b0 D
b0 U
b0 V
b0 &"
b0 =
b0 Q
b0 X
b0 q
b0 -"
b1001 9
b1001 !"
1'
#6510000
0'
#6515000
b1000111000111001110110 6
b1000111000111001110110 L
b1000111000111001110110 j
b1000111000111001110110 n
b1000111000111001110110 /"
b11111111110010101100100100110100 7
b11111111110010101100100100110100 M
b11111111110010101100100100110100 b
b11111111110010101100100100110100 f
b11111111110010101100100100110100 0"
b101000 1"
b101000 5
b101000 x
b101000 ."
b101000 ""
b101010 ?
b101010 y
b101010 ~
b101010 %"
b1010 @
b1010 z
b1010 }
b1010 $"
b1010 9
b1010 !"
1'
#6520000
0'
#6525000
b111100010101101011101 6
b111100010101101011101 L
b111100010101101011101 j
b111100010101101011101 n
b111100010101101011101 /"
b11111111110001111000111010011010 7
b11111111110001111000111010011010 M
b11111111110001111000111010011010 b
b11111111110001111000111010011010 f
b11111111110001111000111010011010 0"
b101100 1"
b101011 ?
b101011 y
b101011 ~
b101011 %"
b1011 @
b1011 z
b1011 }
b1011 $"
b101100 5
b101100 x
b101100 ."
b101100 ""
b1011 9
b1011 !"
1'
#6530000
0'
#6535000
b110000111110111100011 6
b110000111110111100011 L
b110000111110111100011 j
b110000111110111100011 n
b110000111110111100011 /"
b11111111110001001101111100101000 7
b11111111110001001101111100101000 M
b11111111110001001101111100101000 b
b11111111110001001101111100101000 f
b11111111110001001101111100101000 0"
b110000 1"
b110000 5
b110000 x
b110000 ."
b110000 ""
b101100 ?
b101100 y
b101100 ~
b101100 %"
b1100 @
b1100 z
b1100 }
b1100 $"
b1100 9
b1100 !"
1'
#6540000
0'
#6545000
b100101001010000000110 6
b100101001010000000110 L
b100101001010000000110 j
b100101001010000000110 n
b100101001010000000110 /"
b11111111110000101100000101111101 7
b11111111110000101100000101111101 M
b11111111110000101100000101111101 b
b11111111110000101100000101111101 f
b11111111110000101100000101111101 0"
b110100 1"
b101101 ?
b101101 y
b101101 ~
b101101 %"
b1101 @
b1101 z
b1101 }
b1101 $"
b110100 5
b110100 x
b110100 ."
b110100 ""
b1101 9
b1101 !"
1'
#6550000
0'
#6555000
b11000111110001011100 6
b11000111110001011100 L
b11000111110001011100 j
b11000111110001011100 n
b11000111110001011100 /"
b11111111110000010011101011010000 7
b11111111110000010011101011010000 M
b11111111110000010011101011010000 b
b11111111110000010011101011010000 f
b11111111110000010011101011010000 0"
b111000 1"
b111000 5
b111000 x
b111000 ."
b111000 ""
b101110 ?
b101110 y
b101110 ~
b101110 %"
b1110 @
b1110 z
b1110 }
b1110 $"
b1110 9
b1110 !"
1'
#6560000
0'
#6565000
b1100100010111101010 6
b1100100010111101010 L
b1100100010111101010 j
b1100100010111101010 n
b1100100010111101010 /"
b11111111110000000100111011100101 7
b11111111110000000100111011100101 M
b11111111110000000100111011100101 b
b11111111110000000100111011100101 f
b11111111110000000100111011100101 0"
b111100 1"
b101111 ?
b101111 y
b101111 ~
b101111 %"
b1111 @
b1111 z
b1111 }
b1111 $"
b111100 5
b111100 x
b111100 ."
b111100 ""
b1111 9
b1111 !"
1'
#6570000
0'
#6575000
b0 6
b0 L
b0 j
b0 n
b0 /"
b11111111110000000000000000000000 7
b11111111110000000000000000000000 M
b11111111110000000000000000000000 b
b11111111110000000000000000000000 f
b11111111110000000000000000000000 0"
b1000000 1"
b1000000 5
b1000000 x
b1000000 ."
b1000000 ""
b110000 ?
b110000 y
b110000 ~
b110000 %"
b10000 @
b10000 z
b10000 }
b10000 $"
b10000 9
b10000 !"
1'
#6580000
0'
#6585000
b11111111111110011011101000010110 6
b11111111111110011011101000010110 L
b11111111111110011011101000010110 j
b11111111111110011011101000010110 n
b11111111111110011011101000010110 /"
b11111111110000000100111011100101 7
b11111111110000000100111011100101 M
b11111111110000000100111011100101 b
b11111111110000000100111011100101 f
b11111111110000000100111011100101 0"
b1000100 1"
b110001 ?
b110001 y
b110001 ~
b110001 %"
b10001 @
b10001 z
b10001 }
b10001 $"
b1000100 5
b1000100 x
b1000100 ."
b1000100 ""
b10001 9
b10001 !"
1'
#6590000
0'
#6595000
b11111111111100111000001110100100 6
b11111111111100111000001110100100 L
b11111111111100111000001110100100 j
b11111111111100111000001110100100 n
b11111111111100111000001110100100 /"
b11111111110000010011101011010000 7
b11111111110000010011101011010000 M
b11111111110000010011101011010000 b
b11111111110000010011101011010000 f
b11111111110000010011101011010000 0"
b1001000 1"
b1001000 5
b1001000 x
b1001000 ."
b1001000 ""
b110010 ?
b110010 y
b110010 ~
b110010 %"
b10010 @
b10010 z
b10010 }
b10010 $"
b10010 9
b10010 !"
1'
#6600000
0'
#6605000
b11111111111011010110101111111010 6
b11111111111011010110101111111010 L
b11111111111011010110101111111010 j
b11111111111011010110101111111010 n
b11111111111011010110101111111010 /"
b11111111110000101100000101111101 7
b11111111110000101100000101111101 M
b11111111110000101100000101111101 b
b11111111110000101100000101111101 f
b11111111110000101100000101111101 0"
b1001100 1"
b110011 ?
b110011 y
b110011 ~
b110011 %"
b10011 @
b10011 z
b10011 }
b10011 $"
b1001100 5
b1001100 x
b1001100 ."
b1001100 ""
b10011 9
b10011 !"
1'
#6610000
0'
#6615000
b11111111111001111000001000011101 6
b11111111111001111000001000011101 L
b11111111111001111000001000011101 j
b11111111111001111000001000011101 n
b11111111111001111000001000011101 /"
b11111111110001001101111100101000 7
b11111111110001001101111100101000 M
b11111111110001001101111100101000 b
b11111111110001001101111100101000 f
b11111111110001001101111100101000 0"
b1010000 1"
b1010000 5
b1010000 x
b1010000 ."
b1010000 ""
b110100 ?
b110100 y
b110100 ~
b110100 %"
b10100 @
b10100 z
b10100 }
b10100 $"
b10100 9
b10100 !"
1'
#6620000
0'
#6625000
b11111111111000011101010010100011 6
b11111111111000011101010010100011 L
b11111111111000011101010010100011 j
b11111111111000011101010010100011 n
b11111111111000011101010010100011 /"
b11111111110001111000111010011010 7
b11111111110001111000111010011010 M
b11111111110001111000111010011010 b
b11111111110001111000111010011010 f
b11111111110001111000111010011010 0"
b1010100 1"
b110101 ?
b110101 y
b110101 ~
b110101 %"
b10101 @
b10101 z
b10101 }
b10101 $"
b1010100 5
b1010100 x
b1010100 ."
b1010100 ""
b10101 9
b10101 !"
1'
#6630000
0'
#6635000
b11111111110111000111000110001010 6
b11111111110111000111000110001010 L
b11111111110111000111000110001010 j
b11111111110111000111000110001010 n
b11111111110111000111000110001010 /"
b11111111110010101100100100110100 7
b11111111110010101100100100110100 M
b11111111110010101100100100110100 b
b11111111110010101100100100110100 f
b11111111110010101100100100110100 0"
b1011000 1"
b1011000 5
b1011000 x
b1011000 ."
b1011000 ""
b110110 ?
b110110 y
b110110 ~
b110110 %"
b10110 @
b10110 z
b10110 }
b10110 $"
b10110 9
b10110 !"
1'
#6640000
0'
#6645000
b11111111110101110110011000011010 6
b11111111110101110110011000011010 L
b11111111110101110110011000011010 j
b11111111110101110110011000011010 n
b11111111110101110110011000011010 /"
b11111111110011101000011011111111 7
b11111111110011101000011011111111 M
b11111111110011101000011011111111 b
b11111111110011101000011011111111 f
b11111111110011101000011011111111 0"
b1011100 1"
b110111 ?
b110111 y
b110111 ~
b110111 %"
b10111 @
b10111 z
b10111 }
b10111 $"
b1011100 5
b1011100 x
b1011100 ."
b1011100 ""
b10111 9
b10111 !"
1'
#6650000
0'
#6655000
b11111111110100101011111011000011 6
b11111111110100101011111011000011 L
b11111111110100101011111011000011 j
b11111111110100101011111011000011 n
b11111111110100101011111011000011 /"
b11111111110100101011111011000011 7
b11111111110100101011111011000011 M
b11111111110100101011111011000011 b
b11111111110100101011111011000011 f
b11111111110100101011111011000011 0"
b11111110000000000000000000000110 J
b11111110000000000000000000000110 k
b11111110000000000000000000000110 u
b11111110000000000000000000000110 G
b11111110000000000000000000000110 ]
b11111110000000000000000000000110 c
b1 B
b1 S
b1 p
b1 ("
b11111111111111111111111111111111 D
b11111111111111111111111111111111 U
b11111111111111111111111111111111 V
b11111111111111111111111111111111 &"
b11111111111111111111111111111111 K
b11111111111111111111111111111111 W
b11111111111111111111111111111111 \
b11111111111111111111111111111111 o
b1111111111111111111111001 H
b1111111111111111111111001 ^
b1111111111111111111111001 g
b11111100000000000000000000001101 F
b11111100000000000000000000001101 Z
b11111100000000000000000000001101 s
b11111100000000000000000000001101 w
b1111111111111111111111001 I
b1111111111111111111111001 _
b1111111111111111111111001 v
b1100000 1"
b1111111111111111100000000000000000000001101100111000101101000000 l
b1111111111111111100000000000000000000001101100111000101101000000 d
b10110101000001001111000000 :
b10110101000001001111000000 N
b10110101000001001111000000 e
b10110101000001001111000000 m
b10110101000001001111000000 *"
b11111111111111111111110010011000111010011000000 h
b11111111111111111111110010011000111010011000000 `
b11111101001010111110110001000000 ;
b11111101001010111110110001000000 O
b11111101001010111110110001000000 a
b11111101001010111110110001000000 i
b11111101001010111110110001000000 +"
b111111111111111111111110011 A
b111111111111111111111110011 R
b111111111111111111111110011 r
b111111111111111111111110011 )"
b1101 C
b1101 T
b1101 Y
b1101 '"
b100000000000000000000000000 <
b100000000000000000000000000 P
b100000000000000000000000000 [
b100000000000000000000000000 t
b100000000000000000000000000 ,"
b1100000 5
b1100000 x
b1100000 ."
b1100000 ""
b111000 ?
b111000 y
b111000 ~
b111000 %"
b11000 @
b11000 z
b11000 }
b11000 $"
b11000 9
b11000 !"
1'
#6660000
0'
#6665000
b11111111110011101000011011111111 6
b11111111110011101000011011111111 L
b11111111110011101000011011111111 j
b11111111110011101000011011111111 n
b11111111110011101000011011111111 /"
b11111111110101110110011000011010 7
b11111111110101110110011000011010 M
b11111111110101110110011000011010 b
b11111111110101110110011000011010 f
b11111111110101110110011000011010 0"
b1100100 1"
b0 J
b0 k
b0 u
b0 G
b0 ]
b0 c
b0 K
b0 W
b0 \
b0 o
b0 H
b0 ^
b0 g
b0 F
b0 Z
b0 s
b0 w
b0 I
b0 _
b0 v
b111001 ?
b111001 y
b111001 ~
b111001 %"
b11001 @
b11001 z
b11001 }
b11001 $"
b1100100 5
b1100100 x
b1100100 ."
b1100100 ""
b0 l
b0 d
b0 :
b0 N
b0 e
b0 m
b0 *"
b0 h
b0 `
b0 ;
b0 O
b0 a
b0 i
b0 +"
b0 A
b0 R
b0 r
b0 )"
b0 C
b0 T
b0 Y
b0 '"
b0 <
b0 P
b0 [
b0 t
b0 ,"
b0 B
b0 S
b0 p
b0 ("
b0 D
b0 U
b0 V
b0 &"
b0 =
b0 Q
b0 X
b0 q
b0 -"
b11001 9
b11001 !"
1'
#6670000
0'
#6675000
b11111111110010101100100100110100 6
b11111111110010101100100100110100 L
b11111111110010101100100100110100 j
b11111111110010101100100100110100 n
b11111111110010101100100100110100 /"
b11111111110111000111000110001010 7
b11111111110111000111000110001010 M
b11111111110111000111000110001010 b
b11111111110111000111000110001010 f
b11111111110111000111000110001010 0"
b1101000 1"
b1101000 5
b1101000 x
b1101000 ."
b1101000 ""
b111010 ?
b111010 y
b111010 ~
b111010 %"
b11010 @
b11010 z
b11010 }
b11010 $"
b11010 9
b11010 !"
1'
#6680000
0'
#6685000
b11111111110001111000111010011010 6
b11111111110001111000111010011010 L
b11111111110001111000111010011010 j
b11111111110001111000111010011010 n
b11111111110001111000111010011010 /"
b11111111111000011101010010100011 7
b11111111111000011101010010100011 M
b11111111111000011101010010100011 b
b11111111111000011101010010100011 f
b11111111111000011101010010100011 0"
b1101100 1"
b111011 ?
b111011 y
b111011 ~
b111011 %"
b11011 @
b11011 z
b11011 }
b11011 $"
b1101100 5
b1101100 x
b1101100 ."
b1101100 ""
b11011 9
b11011 !"
1'
#6690000
0'
#6695000
b11111111110001001101111100101000 6
b11111111110001001101111100101000 L
b11111111110001001101111100101000 j
b11111111110001001101111100101000 n
b11111111110001001101111100101000 /"
b11111111111001111000001000011101 7
b11111111111001111000001000011101 M
b11111111111001111000001000011101 b
b11111111111001111000001000011101 f
b11111111111001111000001000011101 0"
b1110000 1"
b1110000 5
b1110000 x
b1110000 ."
b1110000 ""
b111100 ?
b111100 y
b111100 ~
b111100 %"
b11100 @
b11100 z
b11100 }
b11100 $"
b11100 9
b11100 !"
1'
#6700000
0'
#6705000
b11111111110000101100000101111101 6
b11111111110000101100000101111101 L
b11111111110000101100000101111101 j
b11111111110000101100000101111101 n
b11111111110000101100000101111101 /"
b11111111111011010110101111111010 7
b11111111111011010110101111111010 M
b11111111111011010110101111111010 b
b11111111111011010110101111111010 f
b11111111111011010110101111111010 0"
b1110100 1"
b111101 ?
b111101 y
b111101 ~
b111101 %"
b11101 @
b11101 z
b11101 }
b11101 $"
b1110100 5
b1110100 x
b1110100 ."
b1110100 ""
b11101 9
b11101 !"
1'
#6710000
0'
#6715000
b11111111110000010011101011010000 6
b11111111110000010011101011010000 L
b11111111110000010011101011010000 j
b11111111110000010011101011010000 n
b11111111110000010011101011010000 /"
b11111111111100111000001110100100 7
b11111111111100111000001110100100 M
b11111111111100111000001110100100 b
b11111111111100111000001110100100 f
b11111111111100111000001110100100 0"
b1111000 1"
b1111000 5
b1111000 x
b1111000 ."
b1111000 ""
b111110 ?
b111110 y
b111110 ~
b111110 %"
b11110 @
b11110 z
b11110 }
b11110 $"
b11110 9
b11110 !"
1'
#6720000
0'
#6725000
b11111111110000000100111011100101 6
b11111111110000000100111011100101 L
b11111111110000000100111011100101 j
b11111111110000000100111011100101 n
b11111111110000000100111011100101 /"
b11111111111110011011101000010110 7
b11111111111110011011101000010110 M
b11111111111110011011101000010110 b
b11111111111110011011101000010110 f
b11111111111110011011101000010110 0"
b1111100 1"
b111111 ?
b111111 y
b111111 ~
b111111 %"
b11111 @
b11111 z
b11111 }
b11111 $"
b1111100 5
b1111100 x
b1111100 ."
b1111100 ""
b11111 9
b11111 !"
1'
#6730000
0'
#6735000
b10000000000000000000000 6
b10000000000000000000000 L
b10000000000000000000000 j
b10000000000000000000000 n
b10000000000000000000000 /"
b0 7
b0 M
b0 b
b0 f
b0 0"
b0 1"
b0 5
b0 x
b0 ."
b0 ""
b1100000 ?
b1100000 y
b1100000 ~
b1100000 %"
b1000000 @
b1000000 z
b1000000 }
b1000000 $"
b100000 9
b100000 !"
1'
#6740000
0'
#6745000
b1111111011000100011011 6
b1111111011000100011011 L
b1111111011000100011011 j
b1111111011000100011011 n
b1111111011000100011011 /"
b11111111111110011011101000010110 7
b11111111111110011011101000010110 M
b11111111111110011011101000010110 b
b11111111111110011011101000010110 f
b11111111111110011011101000010110 0"
b100 1"
b1100001 ?
b1100001 y
b1100001 ~
b1100001 %"
b1000001 @
b1000001 z
b1000001 }
b1000001 $"
b100 5
b100 x
b100 ."
b100 ""
b100001 9
b100001 !"
1'
#6750000
0'
#6755000
b1111101100010100110000 6
b1111101100010100110000 L
b1111101100010100110000 j
b1111101100010100110000 n
b1111101100010100110000 /"
b11111111111100111000001110100100 7
b11111111111100111000001110100100 M
b11111111111100111000001110100100 b
b11111111111100111000001110100100 f
b11111111111100111000001110100100 0"
b1000 1"
b1000 5
b1000 x
b1000 ."
b1000 ""
b1100010 ?
b1100010 y
b1100010 ~
b1100010 %"
b1000010 @
b1000010 z
b1000010 }
b1000010 $"
b100010 9
b100010 !"
1'
#6760000
0'
#6765000
b1111010011111010000011 6
b1111010011111010000011 L
b1111010011111010000011 j
b1111010011111010000011 n
b1111010011111010000011 /"
b11111111111011010110101111111010 7
b11111111111011010110101111111010 M
b11111111111011010110101111111010 b
b11111111111011010110101111111010 f
b11111111111011010110101111111010 0"
b1100 1"
b1100011 ?
b1100011 y
b1100011 ~
b1100011 %"
b1000011 @
b1000011 z
b1000011 }
b1000011 $"
b1100 5
b1100 x
b1100 ."
b1100 ""
b100011 9
b100011 !"
1'
#6770000
0'
#6775000
b1110110010000011011000 6
b1110110010000011011000 L
b1110110010000011011000 j
b1110110010000011011000 n
b1110110010000011011000 /"
b11111111111001111000001000011101 7
b11111111111001111000001000011101 M
b11111111111001111000001000011101 b
b11111111111001111000001000011101 f
b11111111111001111000001000011101 0"
b10000 1"
b10000 5
b10000 x
b10000 ."
b10000 ""
b1100100 ?
b1100100 y
b1100100 ~
b1100100 %"
b1000100 @
b1000100 z
b1000100 }
b1000100 $"
b100100 9
b100100 !"
1'
#6780000
0'
#6785000
b1110000111000101100110 6
b1110000111000101100110 L
b1110000111000101100110 j
b1110000111000101100110 n
b1110000111000101100110 /"
b11111111111000011101010010100011 7
b11111111111000011101010010100011 M
b11111111111000011101010010100011 b
b11111111111000011101010010100011 f
b11111111111000011101010010100011 0"
b10100 1"
b1100101 ?
b1100101 y
b1100101 ~
b1100101 %"
b1000101 @
b1000101 z
b1000101 }
b1000101 $"
b10100 5
b10100 x
b10100 ."
b10100 ""
b100101 9
b100101 !"
1'
#6790000
0'
#6795000
b1101010011011011001100 6
b1101010011011011001100 L
b1101010011011011001100 j
b1101010011011011001100 n
b1101010011011011001100 /"
b11111111110111000111000110001010 7
b11111111110111000111000110001010 M
b11111111110111000111000110001010 b
b11111111110111000111000110001010 f
b11111111110111000111000110001010 0"
b11000 1"
b11000 5
b11000 x
b11000 ."
b11000 ""
b1100110 ?
b1100110 y
b1100110 ~
b1100110 %"
b1000110 @
b1000110 z
b1000110 }
b1000110 $"
b100110 9
b100110 !"
1'
#6800000
0'
#6805000
b1100010111100100000001 6
b1100010111100100000001 L
b1100010111100100000001 j
b1100010111100100000001 n
b1100010111100100000001 /"
b11111111110101110110011000011010 7
b11111111110101110110011000011010 M
b11111111110101110110011000011010 b
b11111111110101110110011000011010 f
b11111111110101110110011000011010 0"
b11100 1"
b1100111 ?
b1100111 y
b1100111 ~
b1100111 %"
b1000111 @
b1000111 z
b1000111 }
b1000111 $"
b11100 5
b11100 x
b11100 ."
b11100 ""
b100111 9
b100111 !"
1'
#6810000
0'
#6815000
b1011010100000100111101 6
b1011010100000100111101 L
b1011010100000100111101 j
b1011010100000100111101 n
b1011010100000100111101 /"
b11111111110100101011111011000011 7
b11111111110100101011111011000011 M
b11111111110100101011111011000011 b
b11111111110100101011111011000011 f
b11111111110100101011111011000011 0"
b1000101010001011110100001 J
b1000101010001011110100001 k
b1000101010001011110100001 u
b11111110111010101110100001011110 G
b11111110111010101110100001011110 ]
b11111110111010101110100001011110 c
b1100001111101111000101100 K
b1100001111101111000101100 W
b1100001111101111000101100 \
b1100001111101111000101100 o
b10100111001111010111001110 H
b10100111001111010111001110 ^
b10100111001111010111001110 g
b11101100100000110101110000 F
b11101100100000110101110000 Z
b11101100100000110101110000 s
b11101100100000110101110000 w
b11111101011000110000101000110001 I
b11111101011000110000101000110001 _
b11111101011000110000101000110001 v
b100000 1"
b10001010100010111101000011001100000110110100000 l
b1111111111111111101110101011101000010111100110011111001001100000 d
b1100001111101111000100000 :
b1100001111101111000100000 N
b1100001111101111000100000 e
b1100001111101111000100000 m
b1100001111101111000100000 *"
b101001110011110101110011100001101010001110110000 h
b1111111111111111010110001100001010001100011110010101110001010000 `
b11101100100000110101110000 ;
b11101100100000110101110000 O
b11101100100000110101110000 a
b11101100100000110101110000 i
b11101100100000110101110000 +"
b0 A
b0 R
b0 r
b0 )"
b111011001000001101011100000 C
b111011001000001101011100000 T
b111011001000001101011100000 Y
b111011001000001101011100000 '"
b11101100100000110101110000 <
b11101100100000110101110000 P
b11101100100000110101110000 [
b11101100100000110101110000 t
b11101100100000110101110000 ,"
b11111111111111111111111111110100 B
b11111111111111111111111111110100 S
b11111111111111111111111111110100 p
b11111111111111111111111111110100 ("
b11000011111011110001001100 D
b11000011111011110001001100 U
b11000011111011110001001100 V
b11000011111011110001001100 &"
b1100001111101111000100000 =
b1100001111101111000100000 Q
b1100001111101111000100000 X
b1100001111101111000100000 q
b1100001111101111000100000 -"
b100000 5
b100000 x
b100000 ."
b100000 ""
b1101000 ?
b1101000 y
b1101000 ~
b1101000 %"
b1001000 @
b1001000 z
b1001000 }
b1001000 $"
b101000 9
b101000 !"
1'
#6820000
0'
#6825000
b1010001001100111100110 6
b1010001001100111100110 L
b1010001001100111100110 j
b1010001001100111100110 n
b1010001001100111100110 /"
b11111111110011101000011011111111 7
b11111111110011101000011011111111 M
b11111111110011101000011011111111 b
b11111111110011101000011011111111 f
b11111111110011101000011011111111 0"
b100100 1"
b0 J
b0 k
b0 u
b0 G
b0 ]
b0 c
b0 K
b0 W
b0 \
b0 o
b0 H
b0 ^
b0 g
b0 F
b0 Z
b0 s
b0 w
b0 I
b0 _
b0 v
b1101001 ?
b1101001 y
b1101001 ~
b1101001 %"
b1001001 @
b1001001 z
b1001001 }
b1001001 $"
b100100 5
b100100 x
b100100 ."
b100100 ""
b0 l
b0 d
b0 :
b0 N
b0 e
b0 m
b0 *"
b0 h
b0 `
b0 ;
b0 O
b0 a
b0 i
b0 +"
b0 A
b0 R
b0 r
b0 )"
b0 C
b0 T
b0 Y
b0 '"
b0 <
b0 P
b0 [
b0 t
b0 ,"
b0 B
b0 S
b0 p
b0 ("
b0 D
b0 U
b0 V
b0 &"
b0 =
b0 Q
b0 X
b0 q
b0 -"
b101001 9
b101001 !"
1'
#6830000
0'
#6835000
b1000111000111001110110 6
b1000111000111001110110 L
b1000111000111001110110 j
b1000111000111001110110 n
b1000111000111001110110 /"
b11111111110010101100100100110100 7
b11111111110010101100100100110100 M
b11111111110010101100100100110100 b
b11111111110010101100100100110100 f
b11111111110010101100100100110100 0"
b101000 1"
b101000 5
b101000 x
b101000 ."
b101000 ""
b1101010 ?
b1101010 y
b1101010 ~
b1101010 %"
b1001010 @
b1001010 z
b1001010 }
b1001010 $"
b101010 9
b101010 !"
1'
#6840000
0'
#6845000
b111100010101101011101 6
b111100010101101011101 L
b111100010101101011101 j
b111100010101101011101 n
b111100010101101011101 /"
b11111111110001111000111010011010 7
b11111111110001111000111010011010 M
b11111111110001111000111010011010 b
b11111111110001111000111010011010 f
b11111111110001111000111010011010 0"
b101100 1"
b1101011 ?
b1101011 y
b1101011 ~
b1101011 %"
b1001011 @
b1001011 z
b1001011 }
b1001011 $"
b101100 5
b101100 x
b101100 ."
b101100 ""
b101011 9
b101011 !"
1'
#6850000
0'
#6855000
b110000111110111100011 6
b110000111110111100011 L
b110000111110111100011 j
b110000111110111100011 n
b110000111110111100011 /"
b11111111110001001101111100101000 7
b11111111110001001101111100101000 M
b11111111110001001101111100101000 b
b11111111110001001101111100101000 f
b11111111110001001101111100101000 0"
b110000 1"
b110000 5
b110000 x
b110000 ."
b110000 ""
b1101100 ?
b1101100 y
b1101100 ~
b1101100 %"
b1001100 @
b1001100 z
b1001100 }
b1001100 $"
b101100 9
b101100 !"
1'
#6860000
0'
#6865000
b100101001010000000110 6
b100101001010000000110 L
b100101001010000000110 j
b100101001010000000110 n
b100101001010000000110 /"
b11111111110000101100000101111101 7
b11111111110000101100000101111101 M
b11111111110000101100000101111101 b
b11111111110000101100000101111101 f
b11111111110000101100000101111101 0"
b110100 1"
b1101101 ?
b1101101 y
b1101101 ~
b1101101 %"
b1001101 @
b1001101 z
b1001101 }
b1001101 $"
b110100 5
b110100 x
b110100 ."
b110100 ""
b101101 9
b101101 !"
1'
#6870000
0'
#6875000
b11000111110001011100 6
b11000111110001011100 L
b11000111110001011100 j
b11000111110001011100 n
b11000111110001011100 /"
b11111111110000010011101011010000 7
b11111111110000010011101011010000 M
b11111111110000010011101011010000 b
b11111111110000010011101011010000 f
b11111111110000010011101011010000 0"
b111000 1"
b111000 5
b111000 x
b111000 ."
b111000 ""
b1101110 ?
b1101110 y
b1101110 ~
b1101110 %"
b1001110 @
b1001110 z
b1001110 }
b1001110 $"
b101110 9
b101110 !"
1'
#6880000
0'
#6885000
b1100100010111101010 6
b1100100010111101010 L
b1100100010111101010 j
b1100100010111101010 n
b1100100010111101010 /"
b11111111110000000100111011100101 7
b11111111110000000100111011100101 M
b11111111110000000100111011100101 b
b11111111110000000100111011100101 f
b11111111110000000100111011100101 0"
b111100 1"
b1101111 ?
b1101111 y
b1101111 ~
b1101111 %"
b1001111 @
b1001111 z
b1001111 }
b1001111 $"
b111100 5
b111100 x
b111100 ."
b111100 ""
b101111 9
b101111 !"
1'
#6890000
0'
#6895000
b0 6
b0 L
b0 j
b0 n
b0 /"
b11111111110000000000000000000000 7
b11111111110000000000000000000000 M
b11111111110000000000000000000000 b
b11111111110000000000000000000000 f
b11111111110000000000000000000000 0"
b1000000 1"
b1000000 5
b1000000 x
b1000000 ."
b1000000 ""
b1110000 ?
b1110000 y
b1110000 ~
b1110000 %"
b1010000 @
b1010000 z
b1010000 }
b1010000 $"
b110000 9
b110000 !"
1'
#6900000
0'
#6905000
b11111111111110011011101000010110 6
b11111111111110011011101000010110 L
b11111111111110011011101000010110 j
b11111111111110011011101000010110 n
b11111111111110011011101000010110 /"
b11111111110000000100111011100101 7
b11111111110000000100111011100101 M
b11111111110000000100111011100101 b
b11111111110000000100111011100101 f
b11111111110000000100111011100101 0"
b1000100 1"
b1110001 ?
b1110001 y
b1110001 ~
b1110001 %"
b1010001 @
b1010001 z
b1010001 }
b1010001 $"
b1000100 5
b1000100 x
b1000100 ."
b1000100 ""
b110001 9
b110001 !"
1'
#6910000
0'
#6915000
b11111111111100111000001110100100 6
b11111111111100111000001110100100 L
b11111111111100111000001110100100 j
b11111111111100111000001110100100 n
b11111111111100111000001110100100 /"
b11111111110000010011101011010000 7
b11111111110000010011101011010000 M
b11111111110000010011101011010000 b
b11111111110000010011101011010000 f
b11111111110000010011101011010000 0"
b1001000 1"
b1001000 5
b1001000 x
b1001000 ."
b1001000 ""
b1110010 ?
b1110010 y
b1110010 ~
b1110010 %"
b1010010 @
b1010010 z
b1010010 }
b1010010 $"
b110010 9
b110010 !"
1'
#6920000
0'
#6925000
b11111111111011010110101111111010 6
b11111111111011010110101111111010 L
b11111111111011010110101111111010 j
b11111111111011010110101111111010 n
b11111111111011010110101111111010 /"
b11111111110000101100000101111101 7
b11111111110000101100000101111101 M
b11111111110000101100000101111101 b
b11111111110000101100000101111101 f
b11111111110000101100000101111101 0"
b1001100 1"
b1110011 ?
b1110011 y
b1110011 ~
b1110011 %"
b1010011 @
b1010011 z
b1010011 }
b1010011 $"
b1001100 5
b1001100 x
b1001100 ."
b1001100 ""
b110011 9
b110011 !"
1'
#6930000
0'
#6935000
b11111111111001111000001000011101 6
b11111111111001111000001000011101 L
b11111111111001111000001000011101 j
b11111111111001111000001000011101 n
b11111111111001111000001000011101 /"
b11111111110001001101111100101000 7
b11111111110001001101111100101000 M
b11111111110001001101111100101000 b
b11111111110001001101111100101000 f
b11111111110001001101111100101000 0"
b1010000 1"
b1010000 5
b1010000 x
b1010000 ."
b1010000 ""
b1110100 ?
b1110100 y
b1110100 ~
b1110100 %"
b1010100 @
b1010100 z
b1010100 }
b1010100 $"
b110100 9
b110100 !"
1'
#6940000
0'
#6945000
b11111111111000011101010010100011 6
b11111111111000011101010010100011 L
b11111111111000011101010010100011 j
b11111111111000011101010010100011 n
b11111111111000011101010010100011 /"
b11111111110001111000111010011010 7
b11111111110001111000111010011010 M
b11111111110001111000111010011010 b
b11111111110001111000111010011010 f
b11111111110001111000111010011010 0"
b1010100 1"
b1110101 ?
b1110101 y
b1110101 ~
b1110101 %"
b1010101 @
b1010101 z
b1010101 }
b1010101 $"
b1010100 5
b1010100 x
b1010100 ."
b1010100 ""
b110101 9
b110101 !"
1'
#6950000
0'
#6955000
b11111111110111000111000110001010 6
b11111111110111000111000110001010 L
b11111111110111000111000110001010 j
b11111111110111000111000110001010 n
b11111111110111000111000110001010 /"
b11111111110010101100100100110100 7
b11111111110010101100100100110100 M
b11111111110010101100100100110100 b
b11111111110010101100100100110100 f
b11111111110010101100100100110100 0"
b1011000 1"
b1011000 5
b1011000 x
b1011000 ."
b1011000 ""
b1110110 ?
b1110110 y
b1110110 ~
b1110110 %"
b1010110 @
b1010110 z
b1010110 }
b1010110 $"
b110110 9
b110110 !"
1'
#6960000
0'
#6965000
b11111111110101110110011000011010 6
b11111111110101110110011000011010 L
b11111111110101110110011000011010 j
b11111111110101110110011000011010 n
b11111111110101110110011000011010 /"
b11111111110011101000011011111111 7
b11111111110011101000011011111111 M
b11111111110011101000011011111111 b
b11111111110011101000011011111111 f
b11111111110011101000011011111111 0"
b1011100 1"
b1110111 ?
b1110111 y
b1110111 ~
b1110111 %"
b1010111 @
b1010111 z
b1010111 }
b1010111 $"
b1011100 5
b1011100 x
b1011100 ."
b1011100 ""
b110111 9
b110111 !"
1'
#6970000
0'
#6975000
b11111111110100101011111011000011 6
b11111111110100101011111011000011 L
b11111111110100101011111011000011 j
b11111111110100101011111011000011 n
b11111111110100101011111011000011 /"
b11111111110100101011111011000011 7
b11111111110100101011111011000011 M
b11111111110100101011111011000011 b
b11111111110100101011111011000011 f
b11111111110100101011111011000011 0"
b11111110111010101110100001011110 J
b11111110111010101110100001011110 k
b11111110111010101110100001011110 u
b11111110111010101110100001011110 G
b11111110111010101110100001011110 ]
b11111110111010101110100001011110 c
b1100001111101111000101100 K
b1100001111101111000101100 W
b1100001111101111000101100 \
b1100001111101111000101100 o
b10100111001111010111001110 H
b10100111001111010111001110 ^
b10100111001111010111001110 g
b11111100010011011111001010010000 F
b11111100010011011111001010010000 Z
b11111100010011011111001010010000 s
b11111100010011011111001010010000 w
b10100111001111010111001110 I
b10100111001111010111001110 _
b10100111001111010111001110 v
b1100000 1"
b1111111111111111101110101011101000010111100110011111001001100000 l
b1111111111111111101110101011101000010111100110011111001001100000 d
b1100001111101111000100000 :
b1100001111101111000100000 N
b1100001111101111000100000 e
b1100001111101111000100000 m
b1100001111101111000100000 *"
b101001110011110101110011100001101010001110110000 h
b101001110011110101110011100001101010001110110000 `
b11111100010011011111001010010000 ;
b11111100010011011111001010010000 O
b11111100010011011111001010010000 a
b11111100010011011111001010010000 i
b11111100010011011111001010010000 +"
b111011001000001101011100000 A
b111011001000001101011100000 R
b111011001000001101011100000 r
b111011001000001101011100000 )"
b0 C
b0 T
b0 Y
b0 '"
b11101100100000110101110000 <
b11101100100000110101110000 P
b11101100100000110101110000 [
b11101100100000110101110000 t
b11101100100000110101110000 ,"
b11111100111100000100001110110100 B
b11111100111100000100001110110100 S
b11111100111100000100001110110100 p
b11111100111100000100001110110100 ("
b1100 D
b1100 U
b1100 V
b1100 &"
b11111110011110000010000111100000 =
b11111110011110000010000111100000 Q
b11111110011110000010000111100000 X
b11111110011110000010000111100000 q
b11111110011110000010000111100000 -"
b1100000 5
b1100000 x
b1100000 ."
b1100000 ""
b1111000 ?
b1111000 y
b1111000 ~
b1111000 %"
b1011000 @
b1011000 z
b1011000 }
b1011000 $"
b111000 9
b111000 !"
1'
#6980000
0'
#6985000
b11111111110011101000011011111111 6
b11111111110011101000011011111111 L
b11111111110011101000011011111111 j
b11111111110011101000011011111111 n
b11111111110011101000011011111111 /"
b11111111110101110110011000011010 7
b11111111110101110110011000011010 M
b11111111110101110110011000011010 b
b11111111110101110110011000011010 f
b11111111110101110110011000011010 0"
b1100100 1"
b0 J
b0 k
b0 u
b0 G
b0 ]
b0 c
b0 K
b0 W
b0 \
b0 o
b0 H
b0 ^
b0 g
b0 F
b0 Z
b0 s
b0 w
b0 I
b0 _
b0 v
b1111001 ?
b1111001 y
b1111001 ~
b1111001 %"
b1011001 @
b1011001 z
b1011001 }
b1011001 $"
b1100100 5
b1100100 x
b1100100 ."
b1100100 ""
b0 l
b0 d
b0 :
b0 N
b0 e
b0 m
b0 *"
b0 h
b0 `
b0 ;
b0 O
b0 a
b0 i
b0 +"
b0 A
b0 R
b0 r
b0 )"
b0 C
b0 T
b0 Y
b0 '"
b0 <
b0 P
b0 [
b0 t
b0 ,"
b0 B
b0 S
b0 p
b0 ("
b0 D
b0 U
b0 V
b0 &"
b0 =
b0 Q
b0 X
b0 q
b0 -"
b111001 9
b111001 !"
1'
#6990000
0'
#6995000
b11111111110010101100100100110100 6
b11111111110010101100100100110100 L
b11111111110010101100100100110100 j
b11111111110010101100100100110100 n
b11111111110010101100100100110100 /"
b11111111110111000111000110001010 7
b11111111110111000111000110001010 M
b11111111110111000111000110001010 b
b11111111110111000111000110001010 f
b11111111110111000111000110001010 0"
b1101000 1"
b1101000 5
b1101000 x
b1101000 ."
b1101000 ""
b1111010 ?
b1111010 y
b1111010 ~
b1111010 %"
b1011010 @
b1011010 z
b1011010 }
b1011010 $"
b111010 9
b111010 !"
1'
#7000000
0'
#7005000
b11111111110001111000111010011010 6
b11111111110001111000111010011010 L
b11111111110001111000111010011010 j
b11111111110001111000111010011010 n
b11111111110001111000111010011010 /"
b11111111111000011101010010100011 7
b11111111111000011101010010100011 M
b11111111111000011101010010100011 b
b11111111111000011101010010100011 f
b11111111111000011101010010100011 0"
b1101100 1"
b1111011 ?
b1111011 y
b1111011 ~
b1111011 %"
b1011011 @
b1011011 z
b1011011 }
b1011011 $"
b1101100 5
b1101100 x
b1101100 ."
b1101100 ""
b111011 9
b111011 !"
1'
#7010000
0'
#7015000
b11111111110001001101111100101000 6
b11111111110001001101111100101000 L
b11111111110001001101111100101000 j
b11111111110001001101111100101000 n
b11111111110001001101111100101000 /"
b11111111111001111000001000011101 7
b11111111111001111000001000011101 M
b11111111111001111000001000011101 b
b11111111111001111000001000011101 f
b11111111111001111000001000011101 0"
b1110000 1"
b1110000 5
b1110000 x
b1110000 ."
b1110000 ""
b1111100 ?
b1111100 y
b1111100 ~
b1111100 %"
b1011100 @
b1011100 z
b1011100 }
b1011100 $"
b111100 9
b111100 !"
1'
#7020000
0'
#7025000
b11111111110000101100000101111101 6
b11111111110000101100000101111101 L
b11111111110000101100000101111101 j
b11111111110000101100000101111101 n
b11111111110000101100000101111101 /"
b11111111111011010110101111111010 7
b11111111111011010110101111111010 M
b11111111111011010110101111111010 b
b11111111111011010110101111111010 f
b11111111111011010110101111111010 0"
b1110100 1"
b1111101 ?
b1111101 y
b1111101 ~
b1111101 %"
b1011101 @
b1011101 z
b1011101 }
b1011101 $"
b1110100 5
b1110100 x
b1110100 ."
b1110100 ""
b111101 9
b111101 !"
1'
#7030000
0'
#7035000
b11111111110000010011101011010000 6
b11111111110000010011101011010000 L
b11111111110000010011101011010000 j
b11111111110000010011101011010000 n
b11111111110000010011101011010000 /"
b11111111111100111000001110100100 7
b11111111111100111000001110100100 M
b11111111111100111000001110100100 b
b11111111111100111000001110100100 f
b11111111111100111000001110100100 0"
b1111000 1"
b1111000 5
b1111000 x
b1111000 ."
b1111000 ""
b1111110 ?
b1111110 y
b1111110 ~
b1111110 %"
b1011110 @
b1011110 z
b1011110 }
b1011110 $"
b111110 9
b111110 !"
1'
#7040000
0'
#7045000
b11111111110000000100111011100101 6
b11111111110000000100111011100101 L
b11111111110000000100111011100101 j
b11111111110000000100111011100101 n
b11111111110000000100111011100101 /"
b11111111111110011011101000010110 7
b11111111111110011011101000010110 M
b11111111111110011011101000010110 b
b11111111111110011011101000010110 f
b11111111111110011011101000010110 0"
b1111100 1"
b1111111 ?
b1111111 y
b1111111 ~
b1111111 %"
b1011111 @
b1011111 z
b1011111 }
b1011111 $"
b1111100 5
b1111100 x
b1111100 ."
b1111100 ""
b111111 9
b111111 !"
1'
#7050000
0'
#7055000
b10000000000000000000000 6
b10000000000000000000000 L
b10000000000000000000000 j
b10000000000000000000000 n
b10000000000000000000000 /"
b0 7
b0 M
b0 b
b0 f
b0 0"
b0 1"
b0 5
b0 x
b0 ."
b0 ""
b10100000 ?
b10100000 y
b10100000 ~
b10100000 %"
b10000000 @
b10000000 z
b10000000 }
b10000000 $"
b1000000 9
b1000000 !"
1'
#7060000
0'
#7065000
b1111111011000100011011 6
b1111111011000100011011 L
b1111111011000100011011 j
b1111111011000100011011 n
b1111111011000100011011 /"
b11111111111110011011101000010110 7
b11111111111110011011101000010110 M
b11111111111110011011101000010110 b
b11111111111110011011101000010110 f
b11111111111110011011101000010110 0"
b100 1"
b10100001 ?
b10100001 y
b10100001 ~
b10100001 %"
b10000001 @
b10000001 z
b10000001 }
b10000001 $"
b100 5
b100 x
b100 ."
b100 ""
b1000001 9
b1000001 !"
1'
#7070000
0'
#7075000
b1111101100010100110000 6
b1111101100010100110000 L
b1111101100010100110000 j
b1111101100010100110000 n
b1111101100010100110000 /"
b11111111111100111000001110100100 7
b11111111111100111000001110100100 M
b11111111111100111000001110100100 b
b11111111111100111000001110100100 f
b11111111111100111000001110100100 0"
b1000 1"
b1000 5
b1000 x
b1000 ."
b1000 ""
b10100010 ?
b10100010 y
b10100010 ~
b10100010 %"
b10000010 @
b10000010 z
b10000010 }
b10000010 $"
b1000010 9
b1000010 !"
1'
#7080000
0'
#7085000
b1111010011111010000011 6
b1111010011111010000011 L
b1111010011111010000011 j
b1111010011111010000011 n
b1111010011111010000011 /"
b11111111111011010110101111111010 7
b11111111111011010110101111111010 M
b11111111111011010110101111111010 b
b11111111111011010110101111111010 f
b11111111111011010110101111111010 0"
b1100 1"
b10100011 ?
b10100011 y
b10100011 ~
b10100011 %"
b10000011 @
b10000011 z
b10000011 }
b10000011 $"
b1100 5
b1100 x
b1100 ."
b1100 ""
b1000011 9
b1000011 !"
1'
#7090000
0'
#7095000
b1110110010000011011000 6
b1110110010000011011000 L
b1110110010000011011000 j
b1110110010000011011000 n
b1110110010000011011000 /"
b11111111111001111000001000011101 7
b11111111111001111000001000011101 M
b11111111111001111000001000011101 b
b11111111111001111000001000011101 f
b11111111111001111000001000011101 0"
b10000 1"
b10000 5
b10000 x
b10000 ."
b10000 ""
b10100100 ?
b10100100 y
b10100100 ~
b10100100 %"
b10000100 @
b10000100 z
b10000100 }
b10000100 $"
b1000100 9
b1000100 !"
1'
#7100000
0'
#7105000
b1110000111000101100110 6
b1110000111000101100110 L
b1110000111000101100110 j
b1110000111000101100110 n
b1110000111000101100110 /"
b11111111111000011101010010100011 7
b11111111111000011101010010100011 M
b11111111111000011101010010100011 b
b11111111111000011101010010100011 f
b11111111111000011101010010100011 0"
b10100 1"
b10100101 ?
b10100101 y
b10100101 ~
b10100101 %"
b10000101 @
b10000101 z
b10000101 }
b10000101 $"
b10100 5
b10100 x
b10100 ."
b10100 ""
b1000101 9
b1000101 !"
1'
#7110000
0'
#7115000
b1101010011011011001100 6
b1101010011011011001100 L
b1101010011011011001100 j
b1101010011011011001100 n
b1101010011011011001100 /"
b11111111110111000111000110001010 7
b11111111110111000111000110001010 M
b11111111110111000111000110001010 b
b11111111110111000111000110001010 f
b11111111110111000111000110001010 0"
b11000 1"
b11000 5
b11000 x
b11000 ."
b11000 ""
b10100110 ?
b10100110 y
b10100110 ~
b10100110 %"
b10000110 @
b10000110 z
b10000110 }
b10000110 $"
b1000110 9
b1000110 !"
1'
#7120000
0'
#7125000
b1100010111100100000001 6
b1100010111100100000001 L
b1100010111100100000001 j
b1100010111100100000001 n
b1100010111100100000001 /"
b11111111110101110110011000011010 7
b11111111110101110110011000011010 M
b11111111110101110110011000011010 b
b11111111110101110110011000011010 f
b11111111110101110110011000011010 0"
b11100 1"
b10100111 ?
b10100111 y
b10100111 ~
b10100111 %"
b10000111 @
b10000111 z
b10000111 }
b10000111 $"
b11100 5
b11100 x
b11100 ."
b11100 ""
b1000111 9
b1000111 !"
1'
#7130000
0'
#7135000
b1011010100000100111101 6
b1011010100000100111101 L
b1011010100000100111101 j
b1011010100000100111101 n
b1011010100000100111101 /"
b11111111110100101011111011000011 7
b11111111110100101011111011000011 M
b11111111110100101011111011000011 b
b11111111110100101011111011000011 f
b11111111110100101011111011000011 0"
b1100100100100011010011000 J
b1100100100100011010011000 k
b1100100100100011010011000 u
b11111110011011011011100101100111 G
b11111110011011011011100101100111 ]
b11111110011011011011100101100111 c
b110001111100010111000011 K
b110001111100010111000011 W
b110001111100010111000011 \
b110001111100010111000011 o
b10010110100000110001011100 H
b10010110100000110001011100 ^
b10010110100000110001011100 g
b11111011000101001011110101 F
b11111011000101001011110101 Z
b11111011000101001011110101 s
b11111011000101001011110101 w
b11111101101001011111001110100011 I
b11111101101001011111001110100011 _
b11111101101001011111001110100011 v
b100000 1"
b11001001001000110100110001011101000000111100000 l
b1111111111111111100110110110111001011001110100010111111000100000 d
b10001110001110011101100000 :
b10001110001110011101100000 N
b10001110001110011101100000 e
b10001110001110011101100000 m
b10001110001110011101100000 *"
b100101101000001100010111001111011010100111000000 h
b1111111111111111011010010111110011101000110000100101011001000000 `
b11010100110110110011000000 ;
b11010100110110110011000000 O
b11010100110110110011000000 a
b11010100110110110011000000 i
b11010100110110110011000000 +"
b11111111111111111111111111111011 A
b11111111111111111111111111111011 R
b11111111111111111111111111111011 r
b11111111111111111111111111111011 )"
b111110110001010010111100101 C
b111110110001010010111100101 T
b111110110001010010111100101 Y
b111110110001010010111100101 '"
b11111011000101001011110000 <
b11111011000101001011110000 P
b11111011000101001011110000 [
b11111011000101001011110000 t
b11111011000101001011110000 ,"
b11111111111111111111111111111101 B
b11111111111111111111111111111101 S
b11111111111111111111111111111101 p
b11111111111111111111111111111101 ("
b1100011111000101110000011 D
b1100011111000101110000011 U
b1100011111000101110000011 V
b1100011111000101110000011 &"
b110001111100010111000000 =
b110001111100010111000000 Q
b110001111100010111000000 X
b110001111100010111000000 q
b110001111100010111000000 -"
b100000 5
b100000 x
b100000 ."
b100000 ""
b10101000 ?
b10101000 y
b10101000 ~
b10101000 %"
b10001000 @
b10001000 z
b10001000 }
b10001000 $"
b1001000 9
b1001000 !"
1'
#7140000
0'
#7145000
b1010001001100111100110 6
b1010001001100111100110 L
b1010001001100111100110 j
b1010001001100111100110 n
b1010001001100111100110 /"
b11111111110011101000011011111111 7
b11111111110011101000011011111111 M
b11111111110011101000011011111111 b
b11111111110011101000011011111111 f
b11111111110011101000011011111111 0"
b100100 1"
b0 J
b0 k
b0 u
b0 G
b0 ]
b0 c
b0 K
b0 W
b0 \
b0 o
b0 H
b0 ^
b0 g
b0 F
b0 Z
b0 s
b0 w
b0 I
b0 _
b0 v
b10101001 ?
b10101001 y
b10101001 ~
b10101001 %"
b10001001 @
b10001001 z
b10001001 }
b10001001 $"
b100100 5
b100100 x
b100100 ."
b100100 ""
b0 l
b0 d
b0 :
b0 N
b0 e
b0 m
b0 *"
b0 h
b0 `
b0 ;
b0 O
b0 a
b0 i
b0 +"
b0 A
b0 R
b0 r
b0 )"
b0 C
b0 T
b0 Y
b0 '"
b0 <
b0 P
b0 [
b0 t
b0 ,"
b0 B
b0 S
b0 p
b0 ("
b0 D
b0 U
b0 V
b0 &"
b0 =
b0 Q
b0 X
b0 q
b0 -"
b1001001 9
b1001001 !"
1'
#7150000
0'
#7155000
b1000111000111001110110 6
b1000111000111001110110 L
b1000111000111001110110 j
b1000111000111001110110 n
b1000111000111001110110 /"
b11111111110010101100100100110100 7
b11111111110010101100100100110100 M
b11111111110010101100100100110100 b
b11111111110010101100100100110100 f
b11111111110010101100100100110100 0"
b101000 1"
b101000 5
b101000 x
b101000 ."
b101000 ""
b10101010 ?
b10101010 y
b10101010 ~
b10101010 %"
b10001010 @
b10001010 z
b10001010 }
b10001010 $"
b1001010 9
b1001010 !"
1'
#7160000
0'
#7165000
b111100010101101011101 6
b111100010101101011101 L
b111100010101101011101 j
b111100010101101011101 n
b111100010101101011101 /"
b11111111110001111000111010011010 7
b11111111110001111000111010011010 M
b11111111110001111000111010011010 b
b11111111110001111000111010011010 f
b11111111110001111000111010011010 0"
b101100 1"
b10101011 ?
b10101011 y
b10101011 ~
b10101011 %"
b10001011 @
b10001011 z
b10001011 }
b10001011 $"
b101100 5
b101100 x
b101100 ."
b101100 ""
b1001011 9
b1001011 !"
1'
#7170000
0'
#7175000
b110000111110111100011 6
b110000111110111100011 L
b110000111110111100011 j
b110000111110111100011 n
b110000111110111100011 /"
b11111111110001001101111100101000 7
b11111111110001001101111100101000 M
b11111111110001001101111100101000 b
b11111111110001001101111100101000 f
b11111111110001001101111100101000 0"
b110000 1"
b110000 5
b110000 x
b110000 ."
b110000 ""
b10101100 ?
b10101100 y
b10101100 ~
b10101100 %"
b10001100 @
b10001100 z
b10001100 }
b10001100 $"
b1001100 9
b1001100 !"
1'
#7180000
0'
#7185000
b100101001010000000110 6
b100101001010000000110 L
b100101001010000000110 j
b100101001010000000110 n
b100101001010000000110 /"
b11111111110000101100000101111101 7
b11111111110000101100000101111101 M
b11111111110000101100000101111101 b
b11111111110000101100000101111101 f
b11111111110000101100000101111101 0"
b110100 1"
b10101101 ?
b10101101 y
b10101101 ~
b10101101 %"
b10001101 @
b10001101 z
b10001101 }
b10001101 $"
b110100 5
b110100 x
b110100 ."
b110100 ""
b1001101 9
b1001101 !"
1'
#7190000
0'
#7195000
b11000111110001011100 6
b11000111110001011100 L
b11000111110001011100 j
b11000111110001011100 n
b11000111110001011100 /"
b11111111110000010011101011010000 7
b11111111110000010011101011010000 M
b11111111110000010011101011010000 b
b11111111110000010011101011010000 f
b11111111110000010011101011010000 0"
b111000 1"
b111000 5
b111000 x
b111000 ."
b111000 ""
b10101110 ?
b10101110 y
b10101110 ~
b10101110 %"
b10001110 @
b10001110 z
b10001110 }
b10001110 $"
b1001110 9
b1001110 !"
1'
#7200000
0'
#7205000
b1100100010111101010 6
b1100100010111101010 L
b1100100010111101010 j
b1100100010111101010 n
b1100100010111101010 /"
b11111111110000000100111011100101 7
b11111111110000000100111011100101 M
b11111111110000000100111011100101 b
b11111111110000000100111011100101 f
b11111111110000000100111011100101 0"
b111100 1"
b10101111 ?
b10101111 y
b10101111 ~
b10101111 %"
b10001111 @
b10001111 z
b10001111 }
b10001111 $"
b111100 5
b111100 x
b111100 ."
b111100 ""
b1001111 9
b1001111 !"
1'
#7210000
0'
#7215000
b0 6
b0 L
b0 j
b0 n
b0 /"
b11111111110000000000000000000000 7
b11111111110000000000000000000000 M
b11111111110000000000000000000000 b
b11111111110000000000000000000000 f
b11111111110000000000000000000000 0"
b1000000 1"
b1000000 5
b1000000 x
b1000000 ."
b1000000 ""
b10110000 ?
b10110000 y
b10110000 ~
b10110000 %"
b10010000 @
b10010000 z
b10010000 }
b10010000 $"
b1010000 9
b1010000 !"
1'
#7220000
0'
#7225000
b11111111111110011011101000010110 6
b11111111111110011011101000010110 L
b11111111111110011011101000010110 j
b11111111111110011011101000010110 n
b11111111111110011011101000010110 /"
b11111111110000000100111011100101 7
b11111111110000000100111011100101 M
b11111111110000000100111011100101 b
b11111111110000000100111011100101 f
b11111111110000000100111011100101 0"
b1000100 1"
b10110001 ?
b10110001 y
b10110001 ~
b10110001 %"
b10010001 @
b10010001 z
b10010001 }
b10010001 $"
b1000100 5
b1000100 x
b1000100 ."
b1000100 ""
b1010001 9
b1010001 !"
1'
#7230000
0'
#7235000
b11111111111100111000001110100100 6
b11111111111100111000001110100100 L
b11111111111100111000001110100100 j
b11111111111100111000001110100100 n
b11111111111100111000001110100100 /"
b11111111110000010011101011010000 7
b11111111110000010011101011010000 M
b11111111110000010011101011010000 b
b11111111110000010011101011010000 f
b11111111110000010011101011010000 0"
b1001000 1"
b1001000 5
b1001000 x
b1001000 ."
b1001000 ""
b10110010 ?
b10110010 y
b10110010 ~
b10110010 %"
b10010010 @
b10010010 z
b10010010 }
b10010010 $"
b1010010 9
b1010010 !"
1'
#7240000
0'
#7245000
b11111111111011010110101111111010 6
b11111111111011010110101111111010 L
b11111111111011010110101111111010 j
b11111111111011010110101111111010 n
b11111111111011010110101111111010 /"
b11111111110000101100000101111101 7
b11111111110000101100000101111101 M
b11111111110000101100000101111101 b
b11111111110000101100000101111101 f
b11111111110000101100000101111101 0"
b1001100 1"
b10110011 ?
b10110011 y
b10110011 ~
b10110011 %"
b10010011 @
b10010011 z
b10010011 }
b10010011 $"
b1001100 5
b1001100 x
b1001100 ."
b1001100 ""
b1010011 9
b1010011 !"
1'
#7250000
0'
#7255000
b11111111111001111000001000011101 6
b11111111111001111000001000011101 L
b11111111111001111000001000011101 j
b11111111111001111000001000011101 n
b11111111111001111000001000011101 /"
b11111111110001001101111100101000 7
b11111111110001001101111100101000 M
b11111111110001001101111100101000 b
b11111111110001001101111100101000 f
b11111111110001001101111100101000 0"
b1010000 1"
b1010000 5
b1010000 x
b1010000 ."
b1010000 ""
b10110100 ?
b10110100 y
b10110100 ~
b10110100 %"
b10010100 @
b10010100 z
b10010100 }
b10010100 $"
b1010100 9
b1010100 !"
1'
#7260000
0'
#7265000
b11111111111000011101010010100011 6
b11111111111000011101010010100011 L
b11111111111000011101010010100011 j
b11111111111000011101010010100011 n
b11111111111000011101010010100011 /"
b11111111110001111000111010011010 7
b11111111110001111000111010011010 M
b11111111110001111000111010011010 b
b11111111110001111000111010011010 f
b11111111110001111000111010011010 0"
b1010100 1"
b10110101 ?
b10110101 y
b10110101 ~
b10110101 %"
b10010101 @
b10010101 z
b10010101 }
b10010101 $"
b1010100 5
b1010100 x
b1010100 ."
b1010100 ""
b1010101 9
b1010101 !"
1'
#7270000
0'
#7275000
b11111111110111000111000110001010 6
b11111111110111000111000110001010 L
b11111111110111000111000110001010 j
b11111111110111000111000110001010 n
b11111111110111000111000110001010 /"
b11111111110010101100100100110100 7
b11111111110010101100100100110100 M
b11111111110010101100100100110100 b
b11111111110010101100100100110100 f
b11111111110010101100100100110100 0"
b1011000 1"
b1011000 5
b1011000 x
b1011000 ."
b1011000 ""
b10110110 ?
b10110110 y
b10110110 ~
b10110110 %"
b10010110 @
b10010110 z
b10010110 }
b10010110 $"
b1010110 9
b1010110 !"
1'
#7280000
0'
#7285000
b11111111110101110110011000011010 6
b11111111110101110110011000011010 L
b11111111110101110110011000011010 j
b11111111110101110110011000011010 n
b11111111110101110110011000011010 /"
b11111111110011101000011011111111 7
b11111111110011101000011011111111 M
b11111111110011101000011011111111 b
b11111111110011101000011011111111 f
b11111111110011101000011011111111 0"
b1011100 1"
b10110111 ?
b10110111 y
b10110111 ~
b10110111 %"
b10010111 @
b10010111 z
b10010111 }
b10010111 $"
b1011100 5
b1011100 x
b1011100 ."
b1011100 ""
b1010111 9
b1010111 !"
1'
#7290000
0'
#7295000
b11111111110100101011111011000011 6
b11111111110100101011111011000011 L
b11111111110100101011111011000011 j
b11111111110100101011111011000011 n
b11111111110100101011111011000011 /"
b11111111110100101011111011000011 7
b11111111110100101011111011000011 M
b11111111110100101011111011000011 b
b11111111110100101011111011000011 f
b11111111110100101011111011000011 0"
b11111110011011011011100101100111 J
b11111110011011011011100101100111 k
b11111110011011011011100101100111 u
b11111110011011011011100101100111 G
b11111110011011011011100101100111 ]
b11111110011011011011100101100111 c
b110001111100010111000011 K
b110001111100010111000011 W
b110001111100010111000011 \
b110001111100010111000011 o
b10010110100000110001011100 H
b10010110100000110001011100 ^
b10010110100000110001011100 g
b11111100000100111010110100001011 F
b11111100000100111010110100001011 Z
b11111100000100111010110100001011 s
b11111100000100111010110100001011 w
b10010110100000110001011100 I
b10010110100000110001011100 _
b10010110100000110001011100 v
b1100000 1"
b1111111111111111100110110110111001011001110100010111111000100000 l
b1111111111111111100110110110111001011001110100010111111000100000 d
b10001110001110011101100000 :
b10001110001110011101100000 N
b10001110001110011101100000 e
b10001110001110011101100000 m
b10001110001110011101100000 *"
b100101101000001100010111001111011010100111000000 h
b100101101000001100010111001111011010100111000000 `
b11111100101011001001001101000000 ;
b11111100101011001001001101000000 O
b11111100101011001001001101000000 a
b11111100101011001001001101000000 i
b11111100101011001001001101000000 +"
b111110110001010010111100101 A
b111110110001010010111100101 R
b111110110001010010111100101 r
b111110110001010010111100101 )"
b11111111111111111111111111111011 C
b11111111111111111111111111111011 T
b11111111111111111111111111111011 Y
b11111111111111111111111111111011 '"
b11111011000101001011110000 <
b11111011000101001011110000 P
b11111011000101001011110000 [
b11111011000101001011110000 t
b11111011000101001011110000 ,"
b11111110011100000111010001111101 B
b11111110011100000111010001111101 S
b11111110011100000111010001111101 p
b11111110011100000111010001111101 ("
b11 D
b11 U
b11 V
b11 &"
b11111111001110000011101001000000 =
b11111111001110000011101001000000 Q
b11111111001110000011101001000000 X
b11111111001110000011101001000000 q
b11111111001110000011101001000000 -"
b1100000 5
b1100000 x
b1100000 ."
b1100000 ""
b10111000 ?
b10111000 y
b10111000 ~
b10111000 %"
b10011000 @
b10011000 z
b10011000 }
b10011000 $"
b1011000 9
b1011000 !"
1'
#7300000
0'
#7305000
b11111111110011101000011011111111 6
b11111111110011101000011011111111 L
b11111111110011101000011011111111 j
b11111111110011101000011011111111 n
b11111111110011101000011011111111 /"
b11111111110101110110011000011010 7
b11111111110101110110011000011010 M
b11111111110101110110011000011010 b
b11111111110101110110011000011010 f
b11111111110101110110011000011010 0"
b1100100 1"
b0 J
b0 k
b0 u
b0 G
b0 ]
b0 c
b0 K
b0 W
b0 \
b0 o
b0 H
b0 ^
b0 g
b0 F
b0 Z
b0 s
b0 w
b0 I
b0 _
b0 v
b10111001 ?
b10111001 y
b10111001 ~
b10111001 %"
b10011001 @
b10011001 z
b10011001 }
b10011001 $"
b1100100 5
b1100100 x
b1100100 ."
b1100100 ""
b0 l
b0 d
b0 :
b0 N
b0 e
b0 m
b0 *"
b0 h
b0 `
b0 ;
b0 O
b0 a
b0 i
b0 +"
b0 A
b0 R
b0 r
b0 )"
b0 C
b0 T
b0 Y
b0 '"
b0 <
b0 P
b0 [
b0 t
b0 ,"
b0 B
b0 S
b0 p
b0 ("
b0 D
b0 U
b0 V
b0 &"
b0 =
b0 Q
b0 X
b0 q
b0 -"
b1011001 9
b1011001 !"
1'
#7310000
0'
#7315000
b11111111110010101100100100110100 6
b11111111110010101100100100110100 L
b11111111110010101100100100110100 j
b11111111110010101100100100110100 n
b11111111110010101100100100110100 /"
b11111111110111000111000110001010 7
b11111111110111000111000110001010 M
b11111111110111000111000110001010 b
b11111111110111000111000110001010 f
b11111111110111000111000110001010 0"
b1101000 1"
b1101000 5
b1101000 x
b1101000 ."
b1101000 ""
b10111010 ?
b10111010 y
b10111010 ~
b10111010 %"
b10011010 @
b10011010 z
b10011010 }
b10011010 $"
b1011010 9
b1011010 !"
1'
#7320000
0'
#7325000
b11111111110001111000111010011010 6
b11111111110001111000111010011010 L
b11111111110001111000111010011010 j
b11111111110001111000111010011010 n
b11111111110001111000111010011010 /"
b11111111111000011101010010100011 7
b11111111111000011101010010100011 M
b11111111111000011101010010100011 b
b11111111111000011101010010100011 f
b11111111111000011101010010100011 0"
b1101100 1"
b10111011 ?
b10111011 y
b10111011 ~
b10111011 %"
b10011011 @
b10011011 z
b10011011 }
b10011011 $"
b1101100 5
b1101100 x
b1101100 ."
b1101100 ""
b1011011 9
b1011011 !"
1'
#7330000
0'
#7335000
b11111111110001001101111100101000 6
b11111111110001001101111100101000 L
b11111111110001001101111100101000 j
b11111111110001001101111100101000 n
b11111111110001001101111100101000 /"
b11111111111001111000001000011101 7
b11111111111001111000001000011101 M
b11111111111001111000001000011101 b
b11111111111001111000001000011101 f
b11111111111001111000001000011101 0"
b1110000 1"
b1110000 5
b1110000 x
b1110000 ."
b1110000 ""
b10111100 ?
b10111100 y
b10111100 ~
b10111100 %"
b10011100 @
b10011100 z
b10011100 }
b10011100 $"
b1011100 9
b1011100 !"
1'
#7340000
0'
#7345000
b11111111110000101100000101111101 6
b11111111110000101100000101111101 L
b11111111110000101100000101111101 j
b11111111110000101100000101111101 n
b11111111110000101100000101111101 /"
b11111111111011010110101111111010 7
b11111111111011010110101111111010 M
b11111111111011010110101111111010 b
b11111111111011010110101111111010 f
b11111111111011010110101111111010 0"
b1110100 1"
b10111101 ?
b10111101 y
b10111101 ~
b10111101 %"
b10011101 @
b10011101 z
b10011101 }
b10011101 $"
b1110100 5
b1110100 x
b1110100 ."
b1110100 ""
b1011101 9
b1011101 !"
1'
#7350000
0'
#7355000
b11111111110000010011101011010000 6
b11111111110000010011101011010000 L
b11111111110000010011101011010000 j
b11111111110000010011101011010000 n
b11111111110000010011101011010000 /"
b11111111111100111000001110100100 7
b11111111111100111000001110100100 M
b11111111111100111000001110100100 b
b11111111111100111000001110100100 f
b11111111111100111000001110100100 0"
b1111000 1"
b1111000 5
b1111000 x
b1111000 ."
b1111000 ""
b10111110 ?
b10111110 y
b10111110 ~
b10111110 %"
b10011110 @
b10011110 z
b10011110 }
b10011110 $"
b1011110 9
b1011110 !"
1'
#7360000
0'
#7365000
b11111111110000000100111011100101 6
b11111111110000000100111011100101 L
b11111111110000000100111011100101 j
b11111111110000000100111011100101 n
b11111111110000000100111011100101 /"
b11111111111110011011101000010110 7
b11111111111110011011101000010110 M
b11111111111110011011101000010110 b
b11111111111110011011101000010110 f
b11111111111110011011101000010110 0"
b1111100 1"
b10111111 ?
b10111111 y
b10111111 ~
b10111111 %"
b10011111 @
b10011111 z
b10011111 }
b10011111 $"
b1111100 5
b1111100 x
b1111100 ."
b1111100 ""
b1011111 9
b1011111 !"
1'
#7370000
0'
#7375000
b10000000000000000000000 6
b10000000000000000000000 L
b10000000000000000000000 j
b10000000000000000000000 n
b10000000000000000000000 /"
b0 7
b0 M
b0 b
b0 f
b0 0"
b0 1"
b0 5
b0 x
b0 ."
b0 ""
b11100000 ?
b11100000 y
b11100000 ~
b11100000 %"
b11000000 @
b11000000 z
b11000000 }
b11000000 $"
b1100000 9
b1100000 !"
1'
#7380000
0'
#7385000
b1111111011000100011011 6
b1111111011000100011011 L
b1111111011000100011011 j
b1111111011000100011011 n
b1111111011000100011011 /"
b11111111111110011011101000010110 7
b11111111111110011011101000010110 M
b11111111111110011011101000010110 b
b11111111111110011011101000010110 f
b11111111111110011011101000010110 0"
b100 1"
b11100001 ?
b11100001 y
b11100001 ~
b11100001 %"
b11000001 @
b11000001 z
b11000001 }
b11000001 $"
b100 5
b100 x
b100 ."
b100 ""
b1100001 9
b1100001 !"
1'
#7390000
0'
#7395000
b1111101100010100110000 6
b1111101100010100110000 L
b1111101100010100110000 j
b1111101100010100110000 n
b1111101100010100110000 /"
b11111111111100111000001110100100 7
b11111111111100111000001110100100 M
b11111111111100111000001110100100 b
b11111111111100111000001110100100 f
b11111111111100111000001110100100 0"
b1000 1"
b1000 5
b1000 x
b1000 ."
b1000 ""
b11100010 ?
b11100010 y
b11100010 ~
b11100010 %"
b11000010 @
b11000010 z
b11000010 }
b11000010 $"
b1100010 9
b1100010 !"
1'
#7400000
0'
#7405000
b1111010011111010000011 6
b1111010011111010000011 L
b1111010011111010000011 j
b1111010011111010000011 n
b1111010011111010000011 /"
b11111111111011010110101111111010 7
b11111111111011010110101111111010 M
b11111111111011010110101111111010 b
b11111111111011010110101111111010 f
b11111111111011010110101111111010 0"
b1100 1"
b11100011 ?
b11100011 y
b11100011 ~
b11100011 %"
b11000011 @
b11000011 z
b11000011 }
b11000011 $"
b1100 5
b1100 x
b1100 ."
b1100 ""
b1100011 9
b1100011 !"
1'
#7410000
0'
#7415000
b1110110010000011011000 6
b1110110010000011011000 L
b1110110010000011011000 j
b1110110010000011011000 n
b1110110010000011011000 /"
b11111111111001111000001000011101 7
b11111111111001111000001000011101 M
b11111111111001111000001000011101 b
b11111111111001111000001000011101 f
b11111111111001111000001000011101 0"
b10000 1"
b10000 5
b10000 x
b10000 ."
b10000 ""
b11100100 ?
b11100100 y
b11100100 ~
b11100100 %"
b11000100 @
b11000100 z
b11000100 }
b11000100 $"
b1100100 9
b1100100 !"
1'
#7420000
0'
#7425000
b1110000111000101100110 6
b1110000111000101100110 L
b1110000111000101100110 j
b1110000111000101100110 n
b1110000111000101100110 /"
b11111111111000011101010010100011 7
b11111111111000011101010010100011 M
b11111111111000011101010010100011 b
b11111111111000011101010010100011 f
b11111111111000011101010010100011 0"
b10100 1"
b11100101 ?
b11100101 y
b11100101 ~
b11100101 %"
b11000101 @
b11000101 z
b11000101 }
b11000101 $"
b10100 5
b10100 x
b10100 ."
b10100 ""
b1100101 9
b1100101 !"
1'
#7430000
0'
#7435000
b1101010011011011001100 6
b1101010011011011001100 L
b1101010011011011001100 j
b1101010011011011001100 n
b1101010011011011001100 /"
b11111111110111000111000110001010 7
b11111111110111000111000110001010 M
b11111111110111000111000110001010 b
b11111111110111000111000110001010 f
b11111111110111000111000110001010 0"
b11000 1"
b11000 5
b11000 x
b11000 ."
b11000 ""
b11100110 ?
b11100110 y
b11100110 ~
b11100110 %"
b11000110 @
b11000110 z
b11000110 }
b11000110 $"
b1100110 9
b1100110 !"
1'
#7440000
0'
#7445000
b1100010111100100000001 6
b1100010111100100000001 L
b1100010111100100000001 j
b1100010111100100000001 n
b1100010111100100000001 /"
b11111111110101110110011000011010 7
b11111111110101110110011000011010 M
b11111111110101110110011000011010 b
b11111111110101110110011000011010 f
b11111111110101110110011000011010 0"
b11100 1"
b11100111 ?
b11100111 y
b11100111 ~
b11100111 %"
b11000111 @
b11000111 z
b11000111 }
b11000111 $"
b11100 5
b11100 x
b11100 ."
b11100 ""
b1100111 9
b1100111 !"
1'
#7450000
0'
#7455000
b1011010100000100111101 6
b1011010100000100111101 L
b1011010100000100111101 j
b1011010100000100111101 n
b1011010100000100111101 /"
b11111111110100101011111011000011 7
b11111111110100101011111011000011 M
b11111111110100101011111011000011 b
b11111111110100101011111011000011 f
b11111111110100101011111011000011 0"
b100011010100001010101110 J
b100011010100001010101110 k
b100011010100001010101110 u
b11111111011100101011110101010001 G
b11111111011100101011110101010001 ]
b11111111011100101011110101010001 c
b10001110001110011101100011 K
b10001110001110011101100011 W
b10001110001110011101100011 \
b10001110001110011101100011 o
b10110001100010101000010010 H
b10110001100010101000010010 ^
b10110001100010101000010010 g
b11010100110110110011000001 F
b11010100110110110011000001 Z
b11010100110110110011000001 s
b11010100110110110011000001 w
b11111101001110011101010111101101 I
b11111101001110011101010111101101 _
b11111101001110011101010111101101 v
b100000 1"
b1000110101000010101011100011111101111011000000 l
b1111111111111111110111001010111101010100011100000010000101000000 d
b110001111100010111000000 :
b110001111100010111000000 N
b110001111100010111000000 e
b110001111100010111000000 m
b110001111100010111000000 *"
b101100011000101010000100100011101011001100110000 h
b1111111111111111010011100111010101111011011100010100110011010000 `
b11111011000101001011110000 ;
b11111011000101001011110000 O
b11111011000101001011110000 a
b11111011000101001011110000 i
b11111011000101001011110000 +"
b11111111111111111111111111111111 A
b11111111111111111111111111111111 R
b11111111111111111111111111111111 r
b11111111111111111111111111111111 )"
b110101001101101100110000001 C
b110101001101101100110000001 T
b110101001101101100110000001 Y
b110101001101101100110000001 '"
b11010100110110110011000000 <
b11010100110110110011000000 P
b11010100110110110011000000 [
b11010100110110110011000000 t
b11010100110110110011000000 ,"
b11111111111111111111111111111101 B
b11111111111111111111111111111101 S
b11111111111111111111111111111101 p
b11111111111111111111111111111101 ("
b100011100011100111011000011 D
b100011100011100111011000011 U
b100011100011100111011000011 V
b100011100011100111011000011 &"
b10001110001110011101100000 =
b10001110001110011101100000 Q
b10001110001110011101100000 X
b10001110001110011101100000 q
b10001110001110011101100000 -"
b100000 5
b100000 x
b100000 ."
b100000 ""
b11101000 ?
b11101000 y
b11101000 ~
b11101000 %"
b11001000 @
b11001000 z
b11001000 }
b11001000 $"
b1101000 9
b1101000 !"
1'
#7460000
0'
#7465000
b1010001001100111100110 6
b1010001001100111100110 L
b1010001001100111100110 j
b1010001001100111100110 n
b1010001001100111100110 /"
b11111111110011101000011011111111 7
b11111111110011101000011011111111 M
b11111111110011101000011011111111 b
b11111111110011101000011011111111 f
b11111111110011101000011011111111 0"
b100100 1"
b0 J
b0 k
b0 u
b0 G
b0 ]
b0 c
b0 K
b0 W
b0 \
b0 o
b0 H
b0 ^
b0 g
b0 F
b0 Z
b0 s
b0 w
b0 I
b0 _
b0 v
b11101001 ?
b11101001 y
b11101001 ~
b11101001 %"
b11001001 @
b11001001 z
b11001001 }
b11001001 $"
b100100 5
b100100 x
b100100 ."
b100100 ""
b0 l
b0 d
b0 :
b0 N
b0 e
b0 m
b0 *"
b0 h
b0 `
b0 ;
b0 O
b0 a
b0 i
b0 +"
b0 A
b0 R
b0 r
b0 )"
b0 C
b0 T
b0 Y
b0 '"
b0 <
b0 P
b0 [
b0 t
b0 ,"
b0 B
b0 S
b0 p
b0 ("
b0 D
b0 U
b0 V
b0 &"
b0 =
b0 Q
b0 X
b0 q
b0 -"
b1101001 9
b1101001 !"
1'
#7470000
0'
#7475000
b1000111000111001110110 6
b1000111000111001110110 L
b1000111000111001110110 j
b1000111000111001110110 n
b1000111000111001110110 /"
b11111111110010101100100100110100 7
b11111111110010101100100100110100 M
b11111111110010101100100100110100 b
b11111111110010101100100100110100 f
b11111111110010101100100100110100 0"
b101000 1"
b101000 5
b101000 x
b101000 ."
b101000 ""
b11101010 ?
b11101010 y
b11101010 ~
b11101010 %"
b11001010 @
b11001010 z
b11001010 }
b11001010 $"
b1101010 9
b1101010 !"
1'
#7480000
0'
#7485000
b111100010101101011101 6
b111100010101101011101 L
b111100010101101011101 j
b111100010101101011101 n
b111100010101101011101 /"
b11111111110001111000111010011010 7
b11111111110001111000111010011010 M
b11111111110001111000111010011010 b
b11111111110001111000111010011010 f
b11111111110001111000111010011010 0"
b101100 1"
b11101011 ?
b11101011 y
b11101011 ~
b11101011 %"
b11001011 @
b11001011 z
b11001011 }
b11001011 $"
b101100 5
b101100 x
b101100 ."
b101100 ""
b1101011 9
b1101011 !"
1'
#7490000
0'
#7495000
b110000111110111100011 6
b110000111110111100011 L
b110000111110111100011 j
b110000111110111100011 n
b110000111110111100011 /"
b11111111110001001101111100101000 7
b11111111110001001101111100101000 M
b11111111110001001101111100101000 b
b11111111110001001101111100101000 f
b11111111110001001101111100101000 0"
b110000 1"
b110000 5
b110000 x
b110000 ."
b110000 ""
b11101100 ?
b11101100 y
b11101100 ~
b11101100 %"
b11001100 @
b11001100 z
b11001100 }
b11001100 $"
b1101100 9
b1101100 !"
1'
#7500000
0'
#7505000
b100101001010000000110 6
b100101001010000000110 L
b100101001010000000110 j
b100101001010000000110 n
b100101001010000000110 /"
b11111111110000101100000101111101 7
b11111111110000101100000101111101 M
b11111111110000101100000101111101 b
b11111111110000101100000101111101 f
b11111111110000101100000101111101 0"
b110100 1"
b11101101 ?
b11101101 y
b11101101 ~
b11101101 %"
b11001101 @
b11001101 z
b11001101 }
b11001101 $"
b110100 5
b110100 x
b110100 ."
b110100 ""
b1101101 9
b1101101 !"
1'
#7510000
0'
#7515000
b11000111110001011100 6
b11000111110001011100 L
b11000111110001011100 j
b11000111110001011100 n
b11000111110001011100 /"
b11111111110000010011101011010000 7
b11111111110000010011101011010000 M
b11111111110000010011101011010000 b
b11111111110000010011101011010000 f
b11111111110000010011101011010000 0"
b111000 1"
b111000 5
b111000 x
b111000 ."
b111000 ""
b11101110 ?
b11101110 y
b11101110 ~
b11101110 %"
b11001110 @
b11001110 z
b11001110 }
b11001110 $"
b1101110 9
b1101110 !"
1'
#7520000
0'
#7525000
b1100100010111101010 6
b1100100010111101010 L
b1100100010111101010 j
b1100100010111101010 n
b1100100010111101010 /"
b11111111110000000100111011100101 7
b11111111110000000100111011100101 M
b11111111110000000100111011100101 b
b11111111110000000100111011100101 f
b11111111110000000100111011100101 0"
b111100 1"
b11101111 ?
b11101111 y
b11101111 ~
b11101111 %"
b11001111 @
b11001111 z
b11001111 }
b11001111 $"
b111100 5
b111100 x
b111100 ."
b111100 ""
b1101111 9
b1101111 !"
1'
#7530000
0'
#7535000
b0 6
b0 L
b0 j
b0 n
b0 /"
b11111111110000000000000000000000 7
b11111111110000000000000000000000 M
b11111111110000000000000000000000 b
b11111111110000000000000000000000 f
b11111111110000000000000000000000 0"
b1000000 1"
b1000000 5
b1000000 x
b1000000 ."
b1000000 ""
b11110000 ?
b11110000 y
b11110000 ~
b11110000 %"
b11010000 @
b11010000 z
b11010000 }
b11010000 $"
b1110000 9
b1110000 !"
1'
#7540000
0'
#7545000
b11111111111110011011101000010110 6
b11111111111110011011101000010110 L
b11111111111110011011101000010110 j
b11111111111110011011101000010110 n
b11111111111110011011101000010110 /"
b11111111110000000100111011100101 7
b11111111110000000100111011100101 M
b11111111110000000100111011100101 b
b11111111110000000100111011100101 f
b11111111110000000100111011100101 0"
b1000100 1"
b11110001 ?
b11110001 y
b11110001 ~
b11110001 %"
b11010001 @
b11010001 z
b11010001 }
b11010001 $"
b1000100 5
b1000100 x
b1000100 ."
b1000100 ""
b1110001 9
b1110001 !"
1'
#7550000
0'
#7555000
b11111111111100111000001110100100 6
b11111111111100111000001110100100 L
b11111111111100111000001110100100 j
b11111111111100111000001110100100 n
b11111111111100111000001110100100 /"
b11111111110000010011101011010000 7
b11111111110000010011101011010000 M
b11111111110000010011101011010000 b
b11111111110000010011101011010000 f
b11111111110000010011101011010000 0"
b1001000 1"
b1001000 5
b1001000 x
b1001000 ."
b1001000 ""
b11110010 ?
b11110010 y
b11110010 ~
b11110010 %"
b11010010 @
b11010010 z
b11010010 }
b11010010 $"
b1110010 9
b1110010 !"
1'
#7560000
0'
#7565000
b11111111111011010110101111111010 6
b11111111111011010110101111111010 L
b11111111111011010110101111111010 j
b11111111111011010110101111111010 n
b11111111111011010110101111111010 /"
b11111111110000101100000101111101 7
b11111111110000101100000101111101 M
b11111111110000101100000101111101 b
b11111111110000101100000101111101 f
b11111111110000101100000101111101 0"
b1001100 1"
b11110011 ?
b11110011 y
b11110011 ~
b11110011 %"
b11010011 @
b11010011 z
b11010011 }
b11010011 $"
b1001100 5
b1001100 x
b1001100 ."
b1001100 ""
b1110011 9
b1110011 !"
1'
#7570000
0'
#7575000
b11111111111001111000001000011101 6
b11111111111001111000001000011101 L
b11111111111001111000001000011101 j
b11111111111001111000001000011101 n
b11111111111001111000001000011101 /"
b11111111110001001101111100101000 7
b11111111110001001101111100101000 M
b11111111110001001101111100101000 b
b11111111110001001101111100101000 f
b11111111110001001101111100101000 0"
b1010000 1"
b1010000 5
b1010000 x
b1010000 ."
b1010000 ""
b11110100 ?
b11110100 y
b11110100 ~
b11110100 %"
b11010100 @
b11010100 z
b11010100 }
b11010100 $"
b1110100 9
b1110100 !"
1'
#7580000
0'
#7585000
b11111111111000011101010010100011 6
b11111111111000011101010010100011 L
b11111111111000011101010010100011 j
b11111111111000011101010010100011 n
b11111111111000011101010010100011 /"
b11111111110001111000111010011010 7
b11111111110001111000111010011010 M
b11111111110001111000111010011010 b
b11111111110001111000111010011010 f
b11111111110001111000111010011010 0"
b1010100 1"
b11110101 ?
b11110101 y
b11110101 ~
b11110101 %"
b11010101 @
b11010101 z
b11010101 }
b11010101 $"
b1010100 5
b1010100 x
b1010100 ."
b1010100 ""
b1110101 9
b1110101 !"
1'
#7590000
0'
#7595000
b11111111110111000111000110001010 6
b11111111110111000111000110001010 L
b11111111110111000111000110001010 j
b11111111110111000111000110001010 n
b11111111110111000111000110001010 /"
b11111111110010101100100100110100 7
b11111111110010101100100100110100 M
b11111111110010101100100100110100 b
b11111111110010101100100100110100 f
b11111111110010101100100100110100 0"
b1011000 1"
b1011000 5
b1011000 x
b1011000 ."
b1011000 ""
b11110110 ?
b11110110 y
b11110110 ~
b11110110 %"
b11010110 @
b11010110 z
b11010110 }
b11010110 $"
b1110110 9
b1110110 !"
1'
#7600000
0'
#7605000
b11111111110101110110011000011010 6
b11111111110101110110011000011010 L
b11111111110101110110011000011010 j
b11111111110101110110011000011010 n
b11111111110101110110011000011010 /"
b11111111110011101000011011111111 7
b11111111110011101000011011111111 M
b11111111110011101000011011111111 b
b11111111110011101000011011111111 f
b11111111110011101000011011111111 0"
b1011100 1"
b11110111 ?
b11110111 y
b11110111 ~
b11110111 %"
b11010111 @
b11010111 z
b11010111 }
b11010111 $"
b1011100 5
b1011100 x
b1011100 ."
b1011100 ""
b1110111 9
b1110111 !"
1'
#7610000
0'
#7615000
b11111111110100101011111011000011 6
b11111111110100101011111011000011 L
b11111111110100101011111011000011 j
b11111111110100101011111011000011 n
b11111111110100101011111011000011 /"
b11111111110100101011111011000011 7
b11111111110100101011111011000011 M
b11111111110100101011111011000011 b
b11111111110100101011111011000011 f
b11111111110100101011111011000011 0"
b11111111011100101011110101010001 J
b11111111011100101011110101010001 k
b11111111011100101011110101010001 u
b11111111011100101011110101010001 G
b11111111011100101011110101010001 ]
b11111111011100101011110101010001 c
b10001110001110011101100011 K
b10001110001110011101100011 W
b10001110001110011101100011 \
b10001110001110011101100011 o
b10110001100010101000010010 H
b10110001100010101000010010 ^
b10110001100010101000010010 g
b11111100101011001001001100111111 F
b11111100101011001001001100111111 Z
b11111100101011001001001100111111 s
b11111100101011001001001100111111 w
b10110001100010101000010010 I
b10110001100010101000010010 _
b10110001100010101000010010 v
b1100000 1"
b1111111111111111110111001010111101010100011100000010000101000000 l
b1111111111111111110111001010111101010100011100000010000101000000 d
b110001111100010111000000 :
b110001111100010111000000 N
b110001111100010111000000 e
b110001111100010111000000 m
b110001111100010111000000 *"
b101100011000101010000100100011101011001100110000 h
b101100011000101010000100100011101011001100110000 `
b11111100000100111010110100010000 ;
b11111100000100111010110100010000 O
b11111100000100111010110100010000 a
b11111100000100111010110100010000 i
b11111100000100111010110100010000 +"
b110101001101101100110000001 A
b110101001101101100110000001 R
b110101001101101100110000001 r
b110101001101101100110000001 )"
b11111111111111111111111111111111 C
b11111111111111111111111111111111 T
b11111111111111111111111111111111 Y
b11111111111111111111111111111111 '"
b11010100110110110011000000 <
b11010100110110110011000000 P
b11010100110110110011000000 [
b11010100110110110011000000 t
b11010100110110110011000000 ,"
b11111011100011100011000100111101 B
b11111011100011100011000100111101 S
b11111011100011100011000100111101 p
b11111011100011100011000100111101 ("
b11 D
b11 U
b11 V
b11 &"
b11111101110001110001100010100000 =
b11111101110001110001100010100000 Q
b11111101110001110001100010100000 X
b11111101110001110001100010100000 q
b11111101110001110001100010100000 -"
b1100000 5
b1100000 x
b1100000 ."
b1100000 ""
b11111000 ?
b11111000 y
b11111000 ~
b11111000 %"
b11011000 @
b11011000 z
b11011000 }
b11011000 $"
b1111000 9
b1111000 !"
1'
#7620000
0'
#7625000
b11111111110011101000011011111111 6
b11111111110011101000011011111111 L
b11111111110011101000011011111111 j
b11111111110011101000011011111111 n
b11111111110011101000011011111111 /"
b11111111110101110110011000011010 7
b11111111110101110110011000011010 M
b11111111110101110110011000011010 b
b11111111110101110110011000011010 f
b11111111110101110110011000011010 0"
b1100100 1"
b0 J
b0 k
b0 u
b0 G
b0 ]
b0 c
b0 K
b0 W
b0 \
b0 o
b0 H
b0 ^
b0 g
b0 F
b0 Z
b0 s
b0 w
b0 I
b0 _
b0 v
b11111001 ?
b11111001 y
b11111001 ~
b11111001 %"
b11011001 @
b11011001 z
b11011001 }
b11011001 $"
b1100100 5
b1100100 x
b1100100 ."
b1100100 ""
b0 l
b0 d
b0 :
b0 N
b0 e
b0 m
b0 *"
b0 h
b0 `
b0 ;
b0 O
b0 a
b0 i
b0 +"
b0 A
b0 R
b0 r
b0 )"
b0 C
b0 T
b0 Y
b0 '"
b0 <
b0 P
b0 [
b0 t
b0 ,"
b0 B
b0 S
b0 p
b0 ("
b0 D
b0 U
b0 V
b0 &"
b0 =
b0 Q
b0 X
b0 q
b0 -"
b1111001 9
b1111001 !"
1'
#7630000
0'
#7635000
b11111111110010101100100100110100 6
b11111111110010101100100100110100 L
b11111111110010101100100100110100 j
b11111111110010101100100100110100 n
b11111111110010101100100100110100 /"
b11111111110111000111000110001010 7
b11111111110111000111000110001010 M
b11111111110111000111000110001010 b
b11111111110111000111000110001010 f
b11111111110111000111000110001010 0"
b1101000 1"
b1101000 5
b1101000 x
b1101000 ."
b1101000 ""
b11111010 ?
b11111010 y
b11111010 ~
b11111010 %"
b11011010 @
b11011010 z
b11011010 }
b11011010 $"
b1111010 9
b1111010 !"
1'
#7640000
0'
#7645000
b11111111110001111000111010011010 6
b11111111110001111000111010011010 L
b11111111110001111000111010011010 j
b11111111110001111000111010011010 n
b11111111110001111000111010011010 /"
b11111111111000011101010010100011 7
b11111111111000011101010010100011 M
b11111111111000011101010010100011 b
b11111111111000011101010010100011 f
b11111111111000011101010010100011 0"
b1101100 1"
b11111011 ?
b11111011 y
b11111011 ~
b11111011 %"
b11011011 @
b11011011 z
b11011011 }
b11011011 $"
b1101100 5
b1101100 x
b1101100 ."
b1101100 ""
b1111011 9
b1111011 !"
1'
#7650000
0'
#7655000
b11111111110001001101111100101000 6
b11111111110001001101111100101000 L
b11111111110001001101111100101000 j
b11111111110001001101111100101000 n
b11111111110001001101111100101000 /"
b11111111111001111000001000011101 7
b11111111111001111000001000011101 M
b11111111111001111000001000011101 b
b11111111111001111000001000011101 f
b11111111111001111000001000011101 0"
b1110000 1"
b1110000 5
b1110000 x
b1110000 ."
b1110000 ""
b11111100 ?
b11111100 y
b11111100 ~
b11111100 %"
b11011100 @
b11011100 z
b11011100 }
b11011100 $"
b1111100 9
b1111100 !"
1'
#7660000
0'
#7665000
b11111111110000101100000101111101 6
b11111111110000101100000101111101 L
b11111111110000101100000101111101 j
b11111111110000101100000101111101 n
b11111111110000101100000101111101 /"
b11111111111011010110101111111010 7
b11111111111011010110101111111010 M
b11111111111011010110101111111010 b
b11111111111011010110101111111010 f
b11111111111011010110101111111010 0"
b1110100 1"
b11111101 ?
b11111101 y
b11111101 ~
b11111101 %"
b11011101 @
b11011101 z
b11011101 }
b11011101 $"
b1110100 5
b1110100 x
b1110100 ."
b1110100 ""
b1111101 9
b1111101 !"
1'
#7670000
0'
#7675000
b11111111110000010011101011010000 6
b11111111110000010011101011010000 L
b11111111110000010011101011010000 j
b11111111110000010011101011010000 n
b11111111110000010011101011010000 /"
b11111111111100111000001110100100 7
b11111111111100111000001110100100 M
b11111111111100111000001110100100 b
b11111111111100111000001110100100 f
b11111111111100111000001110100100 0"
b1111000 1"
b1111000 5
b1111000 x
b1111000 ."
b1111000 ""
b11111110 ?
b11111110 y
b11111110 ~
b11111110 %"
b11011110 @
b11011110 z
b11011110 }
b11011110 $"
b1111110 9
b1111110 !"
1'
#7680000
0'
#7685000
b11111111110000000100111011100101 6
b11111111110000000100111011100101 L
b11111111110000000100111011100101 j
b11111111110000000100111011100101 n
b11111111110000000100111011100101 /"
b11111111111110011011101000010110 7
b11111111111110011011101000010110 M
b11111111111110011011101000010110 b
b11111111111110011011101000010110 f
b11111111111110011011101000010110 0"
b1111100 1"
b11111111 ?
b11111111 y
b11111111 ~
b11111111 %"
b11011111 @
b11011111 z
b11011111 }
b11011111 $"
b1111100 5
b1111100 x
b1111100 ."
b1111100 ""
b1111111 9
b1111111 !"
1'
#7690000
0'
#7695000
b10000000000000000000000 6
b10000000000000000000000 L
b10000000000000000000000 j
b10000000000000000000000 n
b10000000000000000000000 /"
b0 7
b0 M
b0 b
b0 f
b0 0"
b0 1"
b0 5
b0 x
b0 ."
b0 ""
b1000000 ?
b1000000 y
b1000000 ~
b1000000 %"
b0 @
b0 z
b0 }
b0 $"
b110 8
b110 #"
b0 9
b0 !"
1'
#7700000
0'
#7705000
b1111111110110001000100 6
b1111111110110001000100 L
b1111111110110001000100 j
b1111111110110001000100 n
b1111111110110001000100 /"
b11111111111111001101110000010011 7
b11111111111111001101110000010011 M
b11111111111111001101110000010011 b
b11111111111111001101110000010011 f
b11111111111111001101110000010011 0"
b10 1"
b1000001 ?
b1000001 y
b1000001 ~
b1000001 %"
b1 @
b1 z
b1 }
b1 $"
b10 5
b10 x
b10 ."
b10 ""
b1 9
b1 !"
1'
#7710000
0'
#7715000
b1111111011000100011011 6
b1111111011000100011011 L
b1111111011000100011011 j
b1111111011000100011011 n
b1111111011000100011011 /"
b11111111111110011011101000010110 7
b11111111111110011011101000010110 M
b11111111111110011011101000010110 b
b11111111111110011011101000010110 f
b11111111111110011011101000010110 0"
b100 1"
b100 5
b100 x
b100 ."
b100 ""
b1000010 ?
b1000010 y
b1000010 ~
b1000010 %"
b10 @
b10 z
b10 }
b10 $"
b10 9
b10 !"
1'
#7720000
0'
#7725000
b1111110100111010101011 6
b1111110100111010101011 L
b1111110100111010101011 j
b1111110100111010101011 n
b1111110100111010101011 /"
b11111111111101101001101111111000 7
b11111111111101101001101111111000 M
b11111111111101101001101111111000 b
b11111111111101101001101111111000 f
b11111111111101101001101111111000 0"
b110 1"
b1000011 ?
b1000011 y
b1000011 ~
b1000011 %"
b11 @
b11 z
b11 }
b11 $"
b110 5
b110 x
b110 ."
b110 ""
b11 9
b11 !"
1'
#7730000
0'
#7735000
b1111101100010100110000 6
b1111101100010100110000 L
b1111101100010100110000 j
b1111101100010100110000 n
b1111101100010100110000 /"
b11111111111100111000001110100100 7
b11111111111100111000001110100100 M
b11111111111100111000001110100100 b
b11111111111100111000001110100100 f
b11111111111100111000001110100100 0"
b1000 1"
b1000 5
b1000 x
b1000 ."
b1000 ""
b1000100 ?
b1000100 y
b1000100 ~
b1000100 %"
b100 @
b100 z
b100 }
b100 $"
b100 9
b100 !"
1'
#7740000
0'
#7745000
b1111100001010011111110 6
b1111100001010011111110 L
b1111100001010011111110 j
b1111100001010011111110 n
b1111100001010011111110 /"
b11111111111100000111001100000011 7
b11111111111100000111001100000011 M
b11111111111100000111001100000011 b
b11111111111100000111001100000011 f
b11111111111100000111001100000011 0"
b1010 1"
b1000101 ?
b1000101 y
b1000101 ~
b1000101 %"
b101 @
b101 z
b101 }
b101 $"
b1010 5
b1010 x
b1010 ."
b1010 ""
b101 9
b101 !"
1'
#7750000
0'
#7755000
b1111010011111010000011 6
b1111010011111010000011 L
b1111010011111010000011 j
b1111010011111010000011 n
b1111010011111010000011 /"
b11111111111011010110101111111010 7
b11111111111011010110101111111010 M
b11111111111011010110101111111010 b
b11111111111011010110101111111010 f
b11111111111011010110101111111010 0"
b1100 1"
b1100 5
b1100 x
b1100 ."
b1100 ""
b1000110 ?
b1000110 y
b1000110 ~
b1000110 %"
b110 @
b110 z
b110 }
b110 $"
b110 9
b110 !"
1'
#7760000
0'
#7765000
b1111000100001001000010 6
b1111000100001001000010 L
b1111000100001001000010 j
b1111000100001001000010 n
b1111000100001001000010 /"
b11111111111010100111000001100110 7
b11111111111010100111000001100110 M
b11111111111010100111000001100110 b
b11111111111010100111000001100110 f
b11111111111010100111000001100110 0"
b1110 1"
b1000111 ?
b1000111 y
b1000111 ~
b1000111 %"
b111 @
b111 z
b111 }
b111 $"
b1110 5
b1110 x
b1110 ."
b1110 ""
b111 9
b111 !"
1'
#7770000
0'
#7775000
b1110110010000011011000 6
b1110110010000011011000 L
b1110110010000011011000 j
b1110110010000011011000 n
b1110110010000011011000 /"
b11111111111001111000001000011101 7
b11111111111001111000001000011101 M
b11111111111001111000001000011101 b
b11111111111001111000001000011101 f
b11111111111001111000001000011101 0"
b110110101000001001111000101 J
b110110101000001001111000101 k
b110110101000001001111000101 u
b11111101001010111110110000110000 G
b11111101001010111110110000110000 ]
b11111101001010111110110000110000 c
b11111111111111111111111111111001 K
b11111111111111111111111111111001 W
b11111111111111111111111111111001 \
b11111111111111111111111111111001 o
b10110101000001001111001001 H
b10110101000001001111001001 ^
b10110101000001001111001001 g
b111111111111111111111111010 F
b111111111111111111111111010 Z
b111111111111111111111111010 s
b111111111111111111111111010 w
b11111110110101000001001111001011 I
b11111110110101000001001111001011 _
b11111110110101000001001111001011 v
b10000 1"
b1101101010000010011110001011100101010110100000000 l
b1111111111111111010010101111101100001100000111001100101101100000 d
b111011001000001101011100000 :
b111011001000001101011100000 N
b111011001000001101011100000 e
b111011001000001101011100000 m
b111011001000001101011100000 *"
b101101010000010011110010010101000110000000100000 h
b1111111111111111101101010000010011110010111110101110110010011100 `
b11000011111011110001001100 ;
b11000011111011110001001100 O
b11000011111011110001001100 a
b11000011111011110001001100 i
b11000011111011110001001100 +"
b11111111111111111111111111111001 A
b11111111111111111111111111111001 R
b11111111111111111111111111111001 r
b11111111111111111111111111111001 )"
b1111111111111111111111101101 C
b1111111111111111111111101101 T
b1111111111111111111111101101 Y
b1111111111111111111111101101 '"
b111111111111111111111110011 <
b111111111111111111111110011 P
b111111111111111111111110011 [
b111111111111111111111110011 t
b111111111111111111111110011 ,"
b110 B
b110 S
b110 p
b110 ("
b11111111111111111111111111111000 D
b11111111111111111111111111111000 U
b11111111111111111111111111111000 V
b11111111111111111111111111111000 &"
b11111111111111111111111111111111 =
b11111111111111111111111111111111 Q
b11111111111111111111111111111111 X
b11111111111111111111111111111111 q
b11111111111111111111111111111111 -"
b10000 5
b10000 x
b10000 ."
b10000 ""
b1001000 ?
b1001000 y
b1001000 ~
b1001000 %"
b1000 @
b1000 z
b1000 }
b1000 $"
b1000 9
b1000 !"
1'
#7780000
0'
#7785000
b1110011101101011110110 6
b1110011101101011110110 L
b1110011101101011110110 j
b1110011101101011110110 n
b1110011101101011110110 /"
b11111111111001001010001011110000 7
b11111111111001001010001011110000 M
b11111111111001001010001011110000 b
b11111111111001001010001011110000 f
b11111111111001001010001011110000 0"
b10010 1"
b0 J
b0 k
b0 u
b0 G
b0 ]
b0 c
b0 K
b0 W
b0 \
b0 o
b0 H
b0 ^
b0 g
b0 F
b0 Z
b0 s
b0 w
b0 I
b0 _
b0 v
b1001001 ?
b1001001 y
b1001001 ~
b1001001 %"
b1001 @
b1001 z
b1001 }
b1001 $"
b10010 5
b10010 x
b10010 ."
b10010 ""
b0 l
b0 d
b0 :
b0 N
b0 e
b0 m
b0 *"
b0 h
b0 `
b0 ;
b0 O
b0 a
b0 i
b0 +"
b0 A
b0 R
b0 r
b0 )"
b0 C
b0 T
b0 Y
b0 '"
b0 <
b0 P
b0 [
b0 t
b0 ,"
b0 B
b0 S
b0 p
b0 ("
b0 D
b0 U
b0 V
b0 &"
b0 =
b0 Q
b0 X
b0 q
b0 -"
b1001 9
b1001 !"
1'
#7790000
0'
#7795000
b1110000111000101100110 6
b1110000111000101100110 L
b1110000111000101100110 j
b1110000111000101100110 n
b1110000111000101100110 /"
b11111111111000011101010010100011 7
b11111111111000011101010010100011 M
b11111111111000011101010010100011 b
b11111111111000011101010010100011 f
b11111111111000011101010010100011 0"
b10100 1"
b10100 5
b10100 x
b10100 ."
b10100 ""
b1001010 ?
b1001010 y
b1001010 ~
b1001010 %"
b1010 @
b1010 z
b1010 }
b1010 $"
b1010 9
b1010 !"
1'
#7800000
0'
#7805000
b1101101110010100000111 6
b1101101110010100000111 L
b1101101110010100000111 j
b1101101110010100000111 n
b1101101110010100000111 /"
b11111111110111110001100011110001 7
b11111111110111110001100011110001 M
b11111111110111110001100011110001 b
b11111111110111110001100011110001 f
b11111111110111110001100011110001 0"
b10110 1"
b1001011 ?
b1001011 y
b1001011 ~
b1001011 %"
b1011 @
b1011 z
b1011 }
b1011 $"
b10110 5
b10110 x
b10110 ."
b10110 ""
b1011 9
b1011 !"
1'
#7810000
0'
#7815000
b1101010011011011001100 6
b1101010011011011001100 L
b1101010011011011001100 j
b1101010011011011001100 n
b1101010011011011001100 /"
b11111111110111000111000110001010 7
b11111111110111000111000110001010 M
b11111111110111000111000110001010 b
b11111111110111000111000110001010 f
b11111111110111000111000110001010 0"
b11000 1"
b11000 5
b11000 x
b11000 ."
b11000 ""
b1001100 ?
b1001100 y
b1001100 ~
b1001100 %"
b1100 @
b1100 z
b1100 }
b1100 $"
b1100 9
b1100 !"
1'
#7820000
0'
#7825000
b1100110110011111000001 6
b1100110110011111000001 L
b1100110110011111000001 j
b1100110110011111000001 n
b1100110110011111000001 /"
b11111111110110011110000000010000 7
b11111111110110011110000000010000 M
b11111111110110011110000000010000 b
b11111111110110011110000000010000 f
b11111111110110011110000000010000 0"
b11010 1"
b1001101 ?
b1001101 y
b1001101 ~
b1001101 %"
b1101 @
b1101 z
b1101 }
b1101 $"
b11010 5
b11010 x
b11010 ."
b11010 ""
b1101 9
b1101 !"
1'
#7830000
0'
#7835000
b1100010111100100000001 6
b1100010111100100000001 L
b1100010111100100000001 j
b1100010111100100000001 n
b1100010111100100000001 /"
b11111111110101110110011000011010 7
b11111111110101110110011000011010 M
b11111111110101110110011000011010 b
b11111111110101110110011000011010 f
b11111111110101110110011000011010 0"
b11100 1"
b11100 5
b11100 x
b11100 ."
b11100 ""
b1001110 ?
b1001110 y
b1001110 ~
b1001110 %"
b1110 @
b1110 z
b1110 }
b1110 $"
b1110 9
b1110 !"
1'
#7840000
0'
#7845000
b1011110110101110111110 6
b1011110110101110111110 L
b1011110110101110111110 j
b1011110110101110111110 n
b1011110110101110111110 /"
b11111111110101010000010100101110 7
b11111111110101010000010100101110 M
b11111111110101010000010100101110 b
b11111111110101010000010100101110 f
b11111111110101010000010100101110 0"
b11110 1"
b1001111 ?
b1001111 y
b1001111 ~
b1001111 %"
b1111 @
b1111 z
b1111 }
b1111 $"
b11110 5
b11110 x
b11110 ."
b11110 ""
b1111 9
b1111 !"
1'
#7850000
0'
#7855000
b1011010100000100111101 6
b1011010100000100111101 L
b1011010100000100111101 j
b1011010100000100111101 n
b1011010100000100111101 /"
b11111111110100101011111011000011 7
b11111111110100101011111011000011 M
b11111111110100101011111011000011 b
b11111111110100101011111011000011 f
b11111111110100101011111011000011 0"
b100000 1"
b100000 5
b100000 x
b100000 ."
b100000 ""
b1010000 ?
b1010000 y
b1010000 ~
b1010000 %"
b10000 @
b10000 z
b10000 }
b10000 $"
b10000 9
b10000 !"
1'
#7860000
0'
#7865000
b1010101111101011010010 6
b1010101111101011010010 L
b1010101111101011010010 j
b1010101111101011010010 n
b1010101111101011010010 /"
b11111111110100001001010001000010 7
b11111111110100001001010001000010 M
b11111111110100001001010001000010 b
b11111111110100001001010001000010 f
b11111111110100001001010001000010 0"
b100010 1"
b1010001 ?
b1010001 y
b1010001 ~
b1010001 %"
b10001 @
b10001 z
b10001 }
b10001 $"
b100010 5
b100010 x
b100010 ."
b100010 ""
b10001 9
b10001 !"
1'
#7870000
0'
#7875000
b1010001001100111100110 6
b1010001001100111100110 L
b1010001001100111100110 j
b1010001001100111100110 n
b1010001001100111100110 /"
b11111111110011101000011011111111 7
b11111111110011101000011011111111 M
b11111111110011101000011011111111 b
b11111111110011101000011011111111 f
b11111111110011101000011011111111 0"
b100100 1"
b100100 5
b100100 x
b100100 ."
b100100 ""
b1010010 ?
b1010010 y
b1010010 ~
b1010010 %"
b10010 @
b10010 z
b10010 }
b10010 $"
b10010 9
b10010 !"
1'
#7880000
0'
#7885000
b1001100001111111110000 6
b1001100001111111110000 L
b1001100001111111110000 j
b1001100001111111110000 n
b1001100001111111110000 /"
b11111111110011001001100000111111 7
b11111111110011001001100000111111 M
b11111111110011001001100000111111 b
b11111111110011001001100000111111 f
b11111111110011001001100000111111 0"
b100110 1"
b1010011 ?
b1010011 y
b1010011 ~
b1010011 %"
b10011 @
b10011 z
b10011 }
b10011 $"
b100110 5
b100110 x
b100110 ."
b100110 ""
b10011 9
b10011 !"
1'
#7890000
0'
#7895000
b1000111000111001110110 6
b1000111000111001110110 L
b1000111000111001110110 j
b1000111000111001110110 n
b1000111000111001110110 /"
b11111111110010101100100100110100 7
b11111111110010101100100100110100 M
b11111111110010101100100100110100 b
b11111111110010101100100100110100 f
b11111111110010101100100100110100 0"
b101000 1"
b101000 5
b101000 x
b101000 ."
b101000 ""
b1010100 ?
b1010100 y
b1010100 ~
b1010100 %"
b10100 @
b10100 z
b10100 }
b10100 $"
b10100 9
b10100 !"
1'
#7900000
0'
#7905000
b1000001110011100001111 6
b1000001110011100001111 L
b1000001110011100001111 j
b1000001110011100001111 n
b1000001110011100001111 /"
b11111111110010010001101011111001 7
b11111111110010010001101011111001 M
b11111111110010010001101011111001 b
b11111111110010010001101011111001 f
b11111111110010010001101011111001 0"
b101010 1"
b1010101 ?
b1010101 y
b1010101 ~
b1010101 %"
b10101 @
b10101 z
b10101 }
b10101 $"
b101010 5
b101010 x
b101010 ."
b101010 ""
b10101 9
b10101 !"
1'
#7910000
0'
#7915000
b111100010101101011101 6
b111100010101101011101 L
b111100010101101011101 j
b111100010101101011101 n
b111100010101101011101 /"
b11111111110001111000111010011010 7
b11111111110001111000111010011010 M
b11111111110001111000111010011010 b
b11111111110001111000111010011010 f
b11111111110001111000111010011010 0"
b101100 1"
b101100 5
b101100 x
b101100 ."
b101100 ""
b1010110 ?
b1010110 y
b1010110 ~
b1010110 %"
b10110 @
b10110 z
b10110 }
b10110 $"
b10110 9
b10110 !"
1'
#7920000
0'
#7925000
b110110101110100010000 6
b110110101110100010000 L
b110110101110100010000 j
b110110101110100010000 n
b110110101110100010000 /"
b11111111110001100010010100001010 7
b11111111110001100010010100001010 M
b11111111110001100010010100001010 b
b11111111110001100010010100001010 f
b11111111110001100010010100001010 0"
b101110 1"
b1010111 ?
b1010111 y
b1010111 ~
b1010111 %"
b10111 @
b10111 z
b10111 }
b10111 $"
b101110 5
b101110 x
b101110 ."
b101110 ""
b10111 9
b10111 !"
1'
#7930000
0'
#7935000
b110000111110111100011 6
b110000111110111100011 L
b110000111110111100011 j
b110000111110111100011 n
b110000111110111100011 /"
b11111111110001001101111100101000 7
b11111111110001001101111100101000 M
b11111111110001001101111100101000 b
b11111111110001001101111100101000 f
b11111111110001001101111100101000 0"
b100 K
b100 W
b100 \
b100 o
b100 H
b100 ^
b100 g
b1100 F
b1100 Z
b1100 s
b1100 w
b11111111111111111111111111110100 I
b11111111111111111111111111110100 _
b11111111111111111111111111110100 v
b110000 1"
b1001001011110011010100100 h
b1111111111111111111111111111111111111101001110100111010111100000 `
b1100 ;
b1100 O
b1100 a
b1100 i
b1100 +"
b1 A
b1 R
b1 r
b1 )"
b11001 C
b11001 T
b11001 Y
b11001 '"
b1101 <
b1101 P
b1101 [
b1101 t
b1101 ,"
b11111111111111111111111111111011 B
b11111111111111111111111111111011 S
b11111111111111111111111111111011 p
b11111111111111111111111111111011 ("
b11 D
b11 U
b11 V
b11 &"
b11111111111111111111111111111111 =
b11111111111111111111111111111111 Q
b11111111111111111111111111111111 X
b11111111111111111111111111111111 q
b11111111111111111111111111111111 -"
b110000 5
b110000 x
b110000 ."
b110000 ""
b1011000 ?
b1011000 y
b1011000 ~
b1011000 %"
b11000 @
b11000 z
b11000 }
b11000 $"
b11000 9
b11000 !"
1'
#7940000
0'
#7945000
b101011000111110011010 6
b101011000111110011010 L
b101011000111110011010 j
b101011000111110011010 n
b101011000111110011010 /"
b11111111110000111011110110111110 7
b11111111110000111011110110111110 M
b11111111110000111011110110111110 b
b11111111110000111011110110111110 f
b11111111110000111011110110111110 0"
b110010 1"
b0 G
b0 ]
b0 c
b0 K
b0 W
b0 \
b0 o
b0 H
b0 ^
b0 g
b0 F
b0 Z
b0 s
b0 w
b0 I
b0 _
b0 v
b1011001 ?
b1011001 y
b1011001 ~
b1011001 %"
b11001 @
b11001 z
b11001 }
b11001 $"
b110010 5
b110010 x
b110010 ."
b110010 ""
b0 l
b0 d
b0 :
b0 N
b0 e
b0 m
b0 *"
b0 h
b0 `
b0 ;
b0 O
b0 a
b0 i
b0 +"
b0 A
b0 R
b0 r
b0 )"
b0 C
b0 T
b0 Y
b0 '"
b0 <
b0 P
b0 [
b0 t
b0 ,"
b0 B
b0 S
b0 p
b0 ("
b0 D
b0 U
b0 V
b0 &"
b0 =
b0 Q
b0 X
b0 q
b0 -"
b11001 9
b11001 !"
1'
#7950000
0'
#7955000
b100101001010000000110 6
b100101001010000000110 L
b100101001010000000110 j
b100101001010000000110 n
b100101001010000000110 /"
b11111111110000101100000101111101 7
b11111111110000101100000101111101 M
b11111111110000101100000101111101 b
b11111111110000101100000101111101 f
b11111111110000101100000101111101 0"
b110100 1"
b110100 5
b110100 x
b110100 ."
b110100 ""
b1011010 ?
b1011010 y
b1011010 ~
b1011010 %"
b11010 @
b11010 z
b11010 }
b11010 $"
b11010 9
b11010 !"
1'
#7960000
0'
#7965000
b11111000110011111101 6
b11111000110011111101 L
b11111000110011111101 j
b11111000110011111101 n
b11111000110011111101 /"
b11111111110000011110101100000010 7
b11111111110000011110101100000010 M
b11111111110000011110101100000010 b
b11111111110000011110101100000010 f
b11111111110000011110101100000010 0"
b110110 1"
b1011011 ?
b1011011 y
b1011011 ~
b1011011 %"
b11011 @
b11011 z
b11011 }
b11011 $"
b110110 5
b110110 x
b110110 ."
b110110 ""
b11011 9
b11011 !"
1'
#7970000
0'
#7975000
b11000111110001011100 6
b11000111110001011100 L
b11000111110001011100 j
b11000111110001011100 n
b11000111110001011100 /"
b11111111110000010011101011010000 7
b11111111110000010011101011010000 M
b11111111110000010011101011010000 b
b11111111110000010011101011010000 f
b11111111110000010011101011010000 0"
b111000 1"
b111000 5
b111000 x
b111000 ."
b111000 ""
b1011100 ?
b1011100 y
b1011100 ~
b1011100 %"
b11100 @
b11100 z
b11100 }
b11100 $"
b11100 9
b11100 !"
1'
#7980000
0'
#7985000
b10010110010000001000 6
b10010110010000001000 L
b10010110010000001000 j
b10010110010000001000 n
b10010110010000001000 /"
b11111111110000001011000101010101 7
b11111111110000001011000101010101 M
b11111111110000001011000101010101 b
b11111111110000001011000101010101 f
b11111111110000001011000101010101 0"
b111010 1"
b1011101 ?
b1011101 y
b1011101 ~
b1011101 %"
b11101 @
b11101 z
b11101 }
b11101 $"
b111010 5
b111010 x
b111010 ."
b111010 ""
b11101 9
b11101 !"
1'
#7990000
0'
#7995000
b1100100010111101010 6
b1100100010111101010 L
b1100100010111101010 j
b1100100010111101010 n
b1100100010111101010 /"
b11111111110000000100111011100101 7
b11111111110000000100111011100101 M
b11111111110000000100111011100101 b
b11111111110000000100111011100101 f
b11111111110000000100111011100101 0"
b111100 1"
b111100 5
b111100 x
b111100 ."
b111100 ""
b1011110 ?
b1011110 y
b1011110 ~
b1011110 %"
b11110 @
b11110 z
b11110 }
b11110 $"
b11110 9
b11110 !"
1'
#8000000
0'
#8005000
b110010001111101101 6
b110010001111101101 L
b110010001111101101 j
b110010001111101101 n
b110010001111101101 /"
b11111111110000000001001110111100 7
b11111111110000000001001110111100 M
b11111111110000000001001110111100 b
b11111111110000000001001110111100 f
b11111111110000000001001110111100 0"
b111110 1"
b1011111 ?
b1011111 y
b1011111 ~
b1011111 %"
b11111 @
b11111 z
b11111 }
b11111 $"
b111110 5
b111110 x
b111110 ."
b111110 ""
b11111 9
b11111 !"
1'
#8010000
0'
#8015000
b0 6
b0 L
b0 j
b0 n
b0 /"
b11111111110000000000000000000000 7
b11111111110000000000000000000000 M
b11111111110000000000000000000000 b
b11111111110000000000000000000000 f
b11111111110000000000000000000000 0"
b1000000 1"
b1000000 5
b1000000 x
b1000000 ."
b1000000 ""
b1100000 ?
b1100000 y
b1100000 ~
b1100000 %"
b100000 @
b100000 z
b100000 }
b100000 $"
b100000 9
b100000 !"
1'
#8020000
0'
#8025000
b11111111111111001101110000010011 6
b11111111111111001101110000010011 L
b11111111111111001101110000010011 j
b11111111111111001101110000010011 n
b11111111111111001101110000010011 /"
b11111111110000000001001110111100 7
b11111111110000000001001110111100 M
b11111111110000000001001110111100 b
b11111111110000000001001110111100 f
b11111111110000000001001110111100 0"
b1000010 1"
b1100001 ?
b1100001 y
b1100001 ~
b1100001 %"
b100001 @
b100001 z
b100001 }
b100001 $"
b1000010 5
b1000010 x
b1000010 ."
b1000010 ""
b100001 9
b100001 !"
1'
#8030000
0'
#8035000
b11111111111110011011101000010110 6
b11111111111110011011101000010110 L
b11111111111110011011101000010110 j
b11111111111110011011101000010110 n
b11111111111110011011101000010110 /"
b11111111110000000100111011100101 7
b11111111110000000100111011100101 M
b11111111110000000100111011100101 b
b11111111110000000100111011100101 f
b11111111110000000100111011100101 0"
b1000100 1"
b1000100 5
b1000100 x
b1000100 ."
b1000100 ""
b1100010 ?
b1100010 y
b1100010 ~
b1100010 %"
b100010 @
b100010 z
b100010 }
b100010 $"
b100010 9
b100010 !"
1'
#8040000
0'
#8045000
b11111111111101101001101111111000 6
b11111111111101101001101111111000 L
b11111111111101101001101111111000 j
b11111111111101101001101111111000 n
b11111111111101101001101111111000 /"
b11111111110000001011000101010101 7
b11111111110000001011000101010101 M
b11111111110000001011000101010101 b
b11111111110000001011000101010101 f
b11111111110000001011000101010101 0"
b1000110 1"
b1100011 ?
b1100011 y
b1100011 ~
b1100011 %"
b100011 @
b100011 z
b100011 }
b100011 $"
b1000110 5
b1000110 x
b1000110 ."
b1000110 ""
b100011 9
b100011 !"
1'
#8050000
0'
#8055000
b11111111111100111000001110100100 6
b11111111111100111000001110100100 L
b11111111111100111000001110100100 j
b11111111111100111000001110100100 n
b11111111111100111000001110100100 /"
b11111111110000010011101011010000 7
b11111111110000010011101011010000 M
b11111111110000010011101011010000 b
b11111111110000010011101011010000 f
b11111111110000010011101011010000 0"
b1001000 1"
b1001000 5
b1001000 x
b1001000 ."
b1001000 ""
b1100100 ?
b1100100 y
b1100100 ~
b1100100 %"
b100100 @
b100100 z
b100100 }
b100100 $"
b100100 9
b100100 !"
1'
#8060000
0'
#8065000
b11111111111100000111001100000011 6
b11111111111100000111001100000011 L
b11111111111100000111001100000011 j
b11111111111100000111001100000011 n
b11111111111100000111001100000011 /"
b11111111110000011110101100000010 7
b11111111110000011110101100000010 M
b11111111110000011110101100000010 b
b11111111110000011110101100000010 f
b11111111110000011110101100000010 0"
b1001010 1"
b1100101 ?
b1100101 y
b1100101 ~
b1100101 %"
b100101 @
b100101 z
b100101 }
b100101 $"
b1001010 5
b1001010 x
b1001010 ."
b1001010 ""
b100101 9
b100101 !"
1'
#8070000
0'
#8075000
b11111111111011010110101111111010 6
b11111111111011010110101111111010 L
b11111111111011010110101111111010 j
b11111111111011010110101111111010 n
b11111111111011010110101111111010 /"
b11111111110000101100000101111101 7
b11111111110000101100000101111101 M
b11111111110000101100000101111101 b
b11111111110000101100000101111101 f
b11111111110000101100000101111101 0"
b1001100 1"
b1001100 5
b1001100 x
b1001100 ."
b1001100 ""
b1100110 ?
b1100110 y
b1100110 ~
b1100110 %"
b100110 @
b100110 z
b100110 }
b100110 $"
b100110 9
b100110 !"
1'
#8080000
0'
#8085000
b11111111111010100111000001100110 6
b11111111111010100111000001100110 L
b11111111111010100111000001100110 j
b11111111111010100111000001100110 n
b11111111111010100111000001100110 /"
b11111111110000111011110110111110 7
b11111111110000111011110110111110 M
b11111111110000111011110110111110 b
b11111111110000111011110110111110 f
b11111111110000111011110110111110 0"
b1001110 1"
b1100111 ?
b1100111 y
b1100111 ~
b1100111 %"
b100111 @
b100111 z
b100111 }
b100111 $"
b1001110 5
b1001110 x
b1001110 ."
b1001110 ""
b100111 9
b100111 !"
1'
#8090000
0'
#8095000
b11111111111001111000001000011101 6
b11111111111001111000001000011101 L
b11111111111001111000001000011101 j
b11111111111001111000001000011101 n
b11111111111001111000001000011101 /"
b11111111110001001101111100101000 7
b11111111110001001101111100101000 M
b11111111110001001101111100101000 b
b11111111110001001101111100101000 f
b11111111110001001101111100101000 0"
b100 K
b100 W
b100 \
b100 o
b100 H
b100 ^
b100 g
b11111111111111111111111111110101 F
b11111111111111111111111111110101 Z
b11111111111111111111111111110101 s
b11111111111111111111111111110101 w
b1011 I
b1011 _
b1011 v
b1010000 1"
b1001001011110011010100100 h
b10110001011000101000100000 `
b11111111111111111111111111110100 ;
b11111111111111111111111111110100 O
b11111111111111111111111111110100 a
b11111111111111111111111111110100 i
b11111111111111111111111111110100 +"
b11000 A
b11000 R
b11000 r
b11000 )"
b10 C
b10 T
b10 Y
b10 '"
b1101 <
b1101 P
b1101 [
b1101 t
b1101 ,"
b11111111111111111111111111111101 B
b11111111111111111111111111111101 S
b11111111111111111111111111111101 p
b11111111111111111111111111111101 ("
b101 D
b101 U
b101 V
b101 &"
b1 =
b1 Q
b1 X
b1 q
b1 -"
b1010000 5
b1010000 x
b1010000 ."
b1010000 ""
b1101000 ?
b1101000 y
b1101000 ~
b1101000 %"
b101000 @
b101000 z
b101000 }
b101000 $"
b101000 9
b101000 !"
1'
#8100000
0'
#8105000
b11111111111001001010001011110000 6
b11111111111001001010001011110000 L
b11111111111001001010001011110000 j
b11111111111001001010001011110000 n
b11111111111001001010001011110000 /"
b11111111110001100010010100001010 7
b11111111110001100010010100001010 M
b11111111110001100010010100001010 b
b11111111110001100010010100001010 f
b11111111110001100010010100001010 0"
b1010010 1"
b0 J
b0 k
b0 u
b0 G
b0 ]
b0 c
b0 K
b0 W
b0 \
b0 o
b0 H
b0 ^
b0 g
b0 F
b0 Z
b0 s
b0 w
b0 I
b0 _
b0 v
b1101001 ?
b1101001 y
b1101001 ~
b1101001 %"
b101001 @
b101001 z
b101001 }
b101001 $"
b1010010 5
b1010010 x
b1010010 ."
b1010010 ""
b0 l
b0 d
b0 :
b0 N
b0 e
b0 m
b0 *"
b0 h
b0 `
b0 ;
b0 O
b0 a
b0 i
b0 +"
b0 A
b0 R
b0 r
b0 )"
b0 C
b0 T
b0 Y
b0 '"
b0 <
b0 P
b0 [
b0 t
b0 ,"
b0 B
b0 S
b0 p
b0 ("
b0 D
b0 U
b0 V
b0 &"
b0 =
b0 Q
b0 X
b0 q
b0 -"
b101001 9
b101001 !"
1'
#8110000
0'
#8115000
b11111111111000011101010010100011 6
b11111111111000011101010010100011 L
b11111111111000011101010010100011 j
b11111111111000011101010010100011 n
b11111111111000011101010010100011 /"
b11111111110001111000111010011010 7
b11111111110001111000111010011010 M
b11111111110001111000111010011010 b
b11111111110001111000111010011010 f
b11111111110001111000111010011010 0"
b1010100 1"
b1010100 5
b1010100 x
b1010100 ."
b1010100 ""
b1101010 ?
b1101010 y
b1101010 ~
b1101010 %"
b101010 @
b101010 z
b101010 }
b101010 $"
b101010 9
b101010 !"
1'
#8120000
0'
#8125000
b11111111110111110001100011110001 6
b11111111110111110001100011110001 L
b11111111110111110001100011110001 j
b11111111110111110001100011110001 n
b11111111110111110001100011110001 /"
b11111111110010010001101011111001 7
b11111111110010010001101011111001 M
b11111111110010010001101011111001 b
b11111111110010010001101011111001 f
b11111111110010010001101011111001 0"
b1010110 1"
b1101011 ?
b1101011 y
b1101011 ~
b1101011 %"
b101011 @
b101011 z
b101011 }
b101011 $"
b1010110 5
b1010110 x
b1010110 ."
b1010110 ""
b101011 9
b101011 !"
1'
#8130000
0'
#8135000
b11111111110111000111000110001010 6
b11111111110111000111000110001010 L
b11111111110111000111000110001010 j
b11111111110111000111000110001010 n
b11111111110111000111000110001010 /"
b11111111110010101100100100110100 7
b11111111110010101100100100110100 M
b11111111110010101100100100110100 b
b11111111110010101100100100110100 f
b11111111110010101100100100110100 0"
b1011000 1"
b1011000 5
b1011000 x
b1011000 ."
b1011000 ""
b1101100 ?
b1101100 y
b1101100 ~
b1101100 %"
b101100 @
b101100 z
b101100 }
b101100 $"
b101100 9
b101100 !"
1'
#8140000
0'
#8145000
b11111111110110011110000000010000 6
b11111111110110011110000000010000 L
b11111111110110011110000000010000 j
b11111111110110011110000000010000 n
b11111111110110011110000000010000 /"
b11111111110011001001100000111111 7
b11111111110011001001100000111111 M
b11111111110011001001100000111111 b
b11111111110011001001100000111111 f
b11111111110011001001100000111111 0"
b1011010 1"
b1101101 ?
b1101101 y
b1101101 ~
b1101101 %"
b101101 @
b101101 z
b101101 }
b101101 $"
b1011010 5
b1011010 x
b1011010 ."
b1011010 ""
b101101 9
b101101 !"
1'
#8150000
0'
#8155000
b11111111110101110110011000011010 6
b11111111110101110110011000011010 L
b11111111110101110110011000011010 j
b11111111110101110110011000011010 n
b11111111110101110110011000011010 /"
b11111111110011101000011011111111 7
b11111111110011101000011011111111 M
b11111111110011101000011011111111 b
b11111111110011101000011011111111 f
b11111111110011101000011011111111 0"
b1011100 1"
b1011100 5
b1011100 x
b1011100 ."
b1011100 ""
b1101110 ?
b1101110 y
b1101110 ~
b1101110 %"
b101110 @
b101110 z
b101110 }
b101110 $"
b101110 9
b101110 !"
1'
#8160000
0'
#8165000
b11111111110101010000010100101110 6
b11111111110101010000010100101110 L
b11111111110101010000010100101110 j
b11111111110101010000010100101110 n
b11111111110101010000010100101110 /"
b11111111110100001001010001000010 7
b11111111110100001001010001000010 M
b11111111110100001001010001000010 b
b11111111110100001001010001000010 f
b11111111110100001001010001000010 0"
b1011110 1"
b1101111 ?
b1101111 y
b1101111 ~
b1101111 %"
b101111 @
b101111 z
b101111 }
b101111 $"
b1011110 5
b1011110 x
b1011110 ."
b1011110 ""
b101111 9
b101111 !"
1'
#8170000
0'
#8175000
b11111111110100101011111011000011 6
b11111111110100101011111011000011 L
b11111111110100101011111011000011 j
b11111111110100101011111011000011 n
b11111111110100101011111011000011 /"
b11111111110100101011111011000011 7
b11111111110100101011111011000011 M
b11111111110100101011111011000011 b
b11111111110100101011111011000011 f
b11111111110100101011111011000011 0"
b1100000 1"
b1100000 5
b1100000 x
b1100000 ."
b1100000 ""
b1110000 ?
b1110000 y
b1110000 ~
b1110000 %"
b110000 @
b110000 z
b110000 }
b110000 $"
b110000 9
b110000 !"
1'
#8180000
0'
#8185000
b11111111110100001001010001000010 6
b11111111110100001001010001000010 L
b11111111110100001001010001000010 j
b11111111110100001001010001000010 n
b11111111110100001001010001000010 /"
b11111111110101010000010100101110 7
b11111111110101010000010100101110 M
b11111111110101010000010100101110 b
b11111111110101010000010100101110 f
b11111111110101010000010100101110 0"
b1100010 1"
b1110001 ?
b1110001 y
b1110001 ~
b1110001 %"
b110001 @
b110001 z
b110001 }
b110001 $"
b1100010 5
b1100010 x
b1100010 ."
b1100010 ""
b110001 9
b110001 !"
1'
#8190000
0'
#8195000
b11111111110011101000011011111111 6
b11111111110011101000011011111111 L
b11111111110011101000011011111111 j
b11111111110011101000011011111111 n
b11111111110011101000011011111111 /"
b11111111110101110110011000011010 7
b11111111110101110110011000011010 M
b11111111110101110110011000011010 b
b11111111110101110110011000011010 f
b11111111110101110110011000011010 0"
b1100100 1"
b1100100 5
b1100100 x
b1100100 ."
b1100100 ""
b1110010 ?
b1110010 y
b1110010 ~
b1110010 %"
b110010 @
b110010 z
b110010 }
b110010 $"
b110010 9
b110010 !"
1'
#8200000
0'
#8205000
b11111111110011001001100000111111 6
b11111111110011001001100000111111 L
b11111111110011001001100000111111 j
b11111111110011001001100000111111 n
b11111111110011001001100000111111 /"
b11111111110110011110000000010000 7
b11111111110110011110000000010000 M
b11111111110110011110000000010000 b
b11111111110110011110000000010000 f
b11111111110110011110000000010000 0"
b1100110 1"
b1110011 ?
b1110011 y
b1110011 ~
b1110011 %"
b110011 @
b110011 z
b110011 }
b110011 $"
b1100110 5
b1100110 x
b1100110 ."
b1100110 ""
b110011 9
b110011 !"
1'
#8210000
0'
#8215000
b11111111110010101100100100110100 6
b11111111110010101100100100110100 L
b11111111110010101100100100110100 j
b11111111110010101100100100110100 n
b11111111110010101100100100110100 /"
b11111111110111000111000110001010 7
b11111111110111000111000110001010 M
b11111111110111000111000110001010 b
b11111111110111000111000110001010 f
b11111111110111000111000110001010 0"
b1101000 1"
b1101000 5
b1101000 x
b1101000 ."
b1101000 ""
b1110100 ?
b1110100 y
b1110100 ~
b1110100 %"
b110100 @
b110100 z
b110100 }
b110100 $"
b110100 9
b110100 !"
1'
#8220000
0'
#8225000
b11111111110010010001101011111001 6
b11111111110010010001101011111001 L
b11111111110010010001101011111001 j
b11111111110010010001101011111001 n
b11111111110010010001101011111001 /"
b11111111110111110001100011110001 7
b11111111110111110001100011110001 M
b11111111110111110001100011110001 b
b11111111110111110001100011110001 f
b11111111110111110001100011110001 0"
b1101010 1"
b1110101 ?
b1110101 y
b1110101 ~
b1110101 %"
b110101 @
b110101 z
b110101 }
b110101 $"
b1101010 5
b1101010 x
b1101010 ."
b1101010 ""
b110101 9
b110101 !"
1'
#8230000
0'
#8235000
b11111111110001111000111010011010 6
b11111111110001111000111010011010 L
b11111111110001111000111010011010 j
b11111111110001111000111010011010 n
b11111111110001111000111010011010 /"
b11111111111000011101010010100011 7
b11111111111000011101010010100011 M
b11111111111000011101010010100011 b
b11111111111000011101010010100011 f
b11111111111000011101010010100011 0"
b1101100 1"
b1101100 5
b1101100 x
b1101100 ."
b1101100 ""
b1110110 ?
b1110110 y
b1110110 ~
b1110110 %"
b110110 @
b110110 z
b110110 }
b110110 $"
b110110 9
b110110 !"
1'
#8240000
0'
#8245000
b11111111110001100010010100001010 6
b11111111110001100010010100001010 L
b11111111110001100010010100001010 j
b11111111110001100010010100001010 n
b11111111110001100010010100001010 /"
b11111111111001001010001011110000 7
b11111111111001001010001011110000 M
b11111111111001001010001011110000 b
b11111111111001001010001011110000 f
b11111111111001001010001011110000 0"
b1101110 1"
b1110111 ?
b1110111 y
b1110111 ~
b1110111 %"
b110111 @
b110111 z
b110111 }
b110111 $"
b1101110 5
b1101110 x
b1101110 ."
b1101110 ""
b110111 9
b110111 !"
1'
#8250000
0'
#8255000
b11111111110001001101111100101000 6
b11111111110001001101111100101000 L
b11111111110001001101111100101000 j
b11111111110001001101111100101000 n
b11111111110001001101111100101000 /"
b11111111111001111000001000011101 7
b11111111111001111000001000011101 M
b11111111111001111000001000011101 b
b11111111111001111000001000011101 f
b11111111111001111000001000011101 0"
b11111001001010111110110000111010 J
b11111001001010111110110000111010 k
b11111001001010111110110000111010 u
b11111101001010111110110000110000 G
b11111101001010111110110000110000 ]
b11111101001010111110110000110000 c
b11111111111111111111111111111001 K
b11111111111111111111111111111001 W
b11111111111111111111111111111001 \
b11111111111111111111111111111001 o
b10110101000001001111001001 H
b10110101000001001111001001 ^
b10110101000001001111001001 g
b11111000000000000000000000000110 F
b11111000000000000000000000000110 Z
b11111000000000000000000000000110 s
b11111000000000000000000000000110 w
b1001010111110110000110100 I
b1001010111110110000110100 _
b1001010111110110000110100 v
b1110000 1"
b1111111111111110010010101111101100001110100011010101001100000000 l
b1111111111111111010010101111101100001100000111001100101101100000 d
b111011001000001101011100000 :
b111011001000001101011100000 N
b111011001000001101011100000 e
b111011001000001101011100000 m
b111011001000001101011100000 *"
b101101010000010011110010010101000110000000100000 h
b10010101111101100001101000001010001001101100100 `
b11111100111100000100001110110100 ;
b11111100111100000100001110110100 O
b11111100111100000100001110110100 a
b11111100111100000100001110110100 i
b11111100111100000100001110110100 +"
b1111111111111111111111101101 A
b1111111111111111111111101101 R
b1111111111111111111111101101 r
b1111111111111111111111101101 )"
b11111111111111111111111111111001 C
b11111111111111111111111111111001 T
b11111111111111111111111111111001 Y
b11111111111111111111111111111001 '"
b111111111111111111111110011 <
b111111111111111111111110011 P
b111111111111111111111110011 [
b111111111111111111111110011 t
b111111111111111111111110011 ,"
b1000 B
b1000 S
b1000 p
b1000 ("
b11111111111111111111111111111010 D
b11111111111111111111111111111010 U
b11111111111111111111111111111010 V
b11111111111111111111111111111010 &"
b1 =
b1 Q
b1 X
b1 q
b1 -"
b1110000 5
b1110000 x
b1110000 ."
b1110000 ""
b1111000 ?
b1111000 y
b1111000 ~
b1111000 %"
b111000 @
b111000 z
b111000 }
b111000 $"
b111000 9
b111000 !"
1'
#8260000
0'
#8265000
b11111111110000111011110110111110 6
b11111111110000111011110110111110 L
b11111111110000111011110110111110 j
b11111111110000111011110110111110 n
b11111111110000111011110110111110 /"
b11111111111010100111000001100110 7
b11111111111010100111000001100110 M
b11111111111010100111000001100110 b
b11111111111010100111000001100110 f
b11111111111010100111000001100110 0"
b1110010 1"
b0 J
b0 k
b0 u
b0 G
b0 ]
b0 c
b0 K
b0 W
b0 \
b0 o
b0 H
b0 ^
b0 g
b0 F
b0 Z
b0 s
b0 w
b0 I
b0 _
b0 v
b1111001 ?
b1111001 y
b1111001 ~
b1111001 %"
b111001 @
b111001 z
b111001 }
b111001 $"
b1110010 5
b1110010 x
b1110010 ."
b1110010 ""
b0 l
b0 d
b0 :
b0 N
b0 e
b0 m
b0 *"
b0 h
b0 `
b0 ;
b0 O
b0 a
b0 i
b0 +"
b0 A
b0 R
b0 r
b0 )"
b0 C
b0 T
b0 Y
b0 '"
b0 <
b0 P
b0 [
b0 t
b0 ,"
b0 B
b0 S
b0 p
b0 ("
b0 D
b0 U
b0 V
b0 &"
b0 =
b0 Q
b0 X
b0 q
b0 -"
b111001 9
b111001 !"
1'
#8270000
0'
#8275000
b11111111110000101100000101111101 6
b11111111110000101100000101111101 L
b11111111110000101100000101111101 j
b11111111110000101100000101111101 n
b11111111110000101100000101111101 /"
b11111111111011010110101111111010 7
b11111111111011010110101111111010 M
b11111111111011010110101111111010 b
b11111111111011010110101111111010 f
b11111111111011010110101111111010 0"
b1110100 1"
b1110100 5
b1110100 x
b1110100 ."
b1110100 ""
b1111010 ?
b1111010 y
b1111010 ~
b1111010 %"
b111010 @
b111010 z
b111010 }
b111010 $"
b111010 9
b111010 !"
1'
#8280000
0'
#8285000
b11111111110000011110101100000010 6
b11111111110000011110101100000010 L
b11111111110000011110101100000010 j
b11111111110000011110101100000010 n
b11111111110000011110101100000010 /"
b11111111111100000111001100000011 7
b11111111111100000111001100000011 M
b11111111111100000111001100000011 b
b11111111111100000111001100000011 f
b11111111111100000111001100000011 0"
b1110110 1"
b1111011 ?
b1111011 y
b1111011 ~
b1111011 %"
b111011 @
b111011 z
b111011 }
b111011 $"
b1110110 5
b1110110 x
b1110110 ."
b1110110 ""
b111011 9
b111011 !"
1'
#8290000
0'
#8295000
b11111111110000010011101011010000 6
b11111111110000010011101011010000 L
b11111111110000010011101011010000 j
b11111111110000010011101011010000 n
b11111111110000010011101011010000 /"
b11111111111100111000001110100100 7
b11111111111100111000001110100100 M
b11111111111100111000001110100100 b
b11111111111100111000001110100100 f
b11111111111100111000001110100100 0"
b1111000 1"
b1111000 5
b1111000 x
b1111000 ."
b1111000 ""
b1111100 ?
b1111100 y
b1111100 ~
b1111100 %"
b111100 @
b111100 z
b111100 }
b111100 $"
b111100 9
b111100 !"
1'
#8300000
0'
#8305000
b11111111110000001011000101010101 6
b11111111110000001011000101010101 L
b11111111110000001011000101010101 j
b11111111110000001011000101010101 n
b11111111110000001011000101010101 /"
b11111111111101101001101111111000 7
b11111111111101101001101111111000 M
b11111111111101101001101111111000 b
b11111111111101101001101111111000 f
b11111111111101101001101111111000 0"
b1111010 1"
b1111101 ?
b1111101 y
b1111101 ~
b1111101 %"
b111101 @
b111101 z
b111101 }
b111101 $"
b1111010 5
b1111010 x
b1111010 ."
b1111010 ""
b111101 9
b111101 !"
1'
#8310000
0'
#8315000
b11111111110000000100111011100101 6
b11111111110000000100111011100101 L
b11111111110000000100111011100101 j
b11111111110000000100111011100101 n
b11111111110000000100111011100101 /"
b11111111111110011011101000010110 7
b11111111111110011011101000010110 M
b11111111111110011011101000010110 b
b11111111111110011011101000010110 f
b11111111111110011011101000010110 0"
b1111100 1"
b1111100 5
b1111100 x
b1111100 ."
b1111100 ""
b1111110 ?
b1111110 y
b1111110 ~
b1111110 %"
b111110 @
b111110 z
b111110 }
b111110 $"
b111110 9
b111110 !"
1'
#8320000
0'
#8325000
b11111111110000000001001110111100 6
b11111111110000000001001110111100 L
b11111111110000000001001110111100 j
b11111111110000000001001110111100 n
b11111111110000000001001110111100 /"
b11111111111111001101110000010011 7
b11111111111111001101110000010011 M
b11111111111111001101110000010011 b
b11111111111111001101110000010011 f
b11111111111111001101110000010011 0"
b1111110 1"
b1111111 ?
b1111111 y
b1111111 ~
b1111111 %"
b111111 @
b111111 z
b111111 }
b111111 $"
b1111110 5
b1111110 x
b1111110 ."
b1111110 ""
b111111 9
b111111 !"
1'
#8330000
0'
#8335000
b10000000000000000000000 6
b10000000000000000000000 L
b10000000000000000000000 j
b10000000000000000000000 n
b10000000000000000000000 /"
b0 7
b0 M
b0 b
b0 f
b0 0"
b0 1"
b0 5
b0 x
b0 ."
b0 ""
b11000000 ?
b11000000 y
b11000000 ~
b11000000 %"
b10000000 @
b10000000 z
b10000000 }
b10000000 $"
b1000000 9
b1000000 !"
1'
#8340000
0'
#8345000
b1111111110110001000100 6
b1111111110110001000100 L
b1111111110110001000100 j
b1111111110110001000100 n
b1111111110110001000100 /"
b11111111111111001101110000010011 7
b11111111111111001101110000010011 M
b11111111111111001101110000010011 b
b11111111111111001101110000010011 f
b11111111111111001101110000010011 0"
b10 1"
b11000001 ?
b11000001 y
b11000001 ~
b11000001 %"
b10000001 @
b10000001 z
b10000001 }
b10000001 $"
b10 5
b10 x
b10 ."
b10 ""
b1000001 9
b1000001 !"
1'
#8350000
0'
#8355000
b1111111011000100011011 6
b1111111011000100011011 L
b1111111011000100011011 j
b1111111011000100011011 n
b1111111011000100011011 /"
b11111111111110011011101000010110 7
b11111111111110011011101000010110 M
b11111111111110011011101000010110 b
b11111111111110011011101000010110 f
b11111111111110011011101000010110 0"
b100 1"
b100 5
b100 x
b100 ."
b100 ""
b11000010 ?
b11000010 y
b11000010 ~
b11000010 %"
b10000010 @
b10000010 z
b10000010 }
b10000010 $"
b1000010 9
b1000010 !"
1'
#8360000
0'
#8365000
b1111110100111010101011 6
b1111110100111010101011 L
b1111110100111010101011 j
b1111110100111010101011 n
b1111110100111010101011 /"
b11111111111101101001101111111000 7
b11111111111101101001101111111000 M
b11111111111101101001101111111000 b
b11111111111101101001101111111000 f
b11111111111101101001101111111000 0"
b110 1"
b11000011 ?
b11000011 y
b11000011 ~
b11000011 %"
b10000011 @
b10000011 z
b10000011 }
b10000011 $"
b110 5
b110 x
b110 ."
b110 ""
b1000011 9
b1000011 !"
1'
#8370000
0'
#8375000
b1111101100010100110000 6
b1111101100010100110000 L
b1111101100010100110000 j
b1111101100010100110000 n
b1111101100010100110000 /"
b11111111111100111000001110100100 7
b11111111111100111000001110100100 M
b11111111111100111000001110100100 b
b11111111111100111000001110100100 f
b11111111111100111000001110100100 0"
b1000 1"
b1000 5
b1000 x
b1000 ."
b1000 ""
b11000100 ?
b11000100 y
b11000100 ~
b11000100 %"
b10000100 @
b10000100 z
b10000100 }
b10000100 $"
b1000100 9
b1000100 !"
1'
#8380000
0'
#8385000
b1111100001010011111110 6
b1111100001010011111110 L
b1111100001010011111110 j
b1111100001010011111110 n
b1111100001010011111110 /"
b11111111111100000111001100000011 7
b11111111111100000111001100000011 M
b11111111111100000111001100000011 b
b11111111111100000111001100000011 f
b11111111111100000111001100000011 0"
b1010 1"
b11000101 ?
b11000101 y
b11000101 ~
b11000101 %"
b10000101 @
b10000101 z
b10000101 }
b10000101 $"
b1010 5
b1010 x
b1010 ."
b1010 ""
b1000101 9
b1000101 !"
1'
#8390000
0'
#8395000
b1111010011111010000011 6
b1111010011111010000011 L
b1111010011111010000011 j
b1111010011111010000011 n
b1111010011111010000011 /"
b11111111111011010110101111111010 7
b11111111111011010110101111111010 M
b11111111111011010110101111111010 b
b11111111111011010110101111111010 f
b11111111111011010110101111111010 0"
b1100 1"
b1100 5
b1100 x
b1100 ."
b1100 ""
b11000110 ?
b11000110 y
b11000110 ~
b11000110 %"
b10000110 @
b10000110 z
b10000110 }
b10000110 $"
b1000110 9
b1000110 !"
1'
#8400000
0'
#8405000
b1111000100001001000010 6
b1111000100001001000010 L
b1111000100001001000010 j
b1111000100001001000010 n
b1111000100001001000010 /"
b11111111111010100111000001100110 7
b11111111111010100111000001100110 M
b11111111111010100111000001100110 b
b11111111111010100111000001100110 f
b11111111111010100111000001100110 0"
b1110 1"
b11000111 ?
b11000111 y
b11000111 ~
b11000111 %"
b10000111 @
b10000111 z
b10000111 }
b10000111 $"
b1110 5
b1110 x
b1110 ."
b1110 ""
b1000111 9
b1000111 !"
1'
#8410000
0'
#8415000
b1110110010000011011000 6
b1110110010000011011000 L
b1110110010000011011000 j
b1110110010000011011000 n
b1110110010000011011000 /"
b11111111111001111000001000011101 7
b11111111111001111000001000011101 M
b11111111111001111000001000011101 b
b11111111111001111000001000011101 f
b11111111111001111000001000011101 0"
b110001001010011101001100010 J
b110001001010011101001100010 k
b110001001010011101001100010 u
b11111101011101000101100011110111 G
b11111101011101000101100011110111 ]
b11111101011101000101100011110111 c
b1100011111000101101111010 K
b1100011111000101101111010 W
b1100011111000101101111010 \
b1100011111000101101111010 o
b100000110110011001010000011 H
b100000110110011001010000011 ^
b100000110110011001010000011 g
b111110110001010010111110111 F
b111110110001010010111110111 Z
b111110110001010010111110111 s
b111110110001010010111110111 w
b11111110010011001001010001101011 I
b11111110010011001001010001101011 _
b11111110010011001001010001101011 v
b10000 1"
b1100010010100111010011000101100101010010011011000 l
b1111111111111111010111010001011000111101110000010010010110011101 d
b110101001101101100110000001 :
b110101001101101100110000001 N
b110101001101101100110000001 e
b110101001101101100110000001 m
b110101001101101100110000001 *"
b1000001101100110010100000110011111101010010001000 h
b1111111111111111100100110010010100011010110110000111001000010111 `
b100011100011100111011000011 ;
b100011100011100111011000011 O
b100011100011100111011000011 a
b100011100011100111011000011 i
b100011100011100111011000011 +"
b11111111111111111111111111101110 A
b11111111111111111111111111101110 R
b11111111111111111111111111101110 r
b11111111111111111111111111101110 )"
b1111101100010100101111011100 C
b1111101100010100101111011100 T
b1111101100010100101111011100 Y
b1111101100010100101111011100 '"
b111110110001010010111100101 <
b111110110001010010111100101 P
b111110110001010010111100101 [
b111110110001010010111100101 t
b111110110001010010111100101 ,"
b1001 B
b1001 S
b1001 p
b1001 ("
b11000111110001011011111101 D
b11000111110001011011111101 U
b11000111110001011011111101 V
b11000111110001011011111101 &"
b1100011111000101110000011 =
b1100011111000101110000011 Q
b1100011111000101110000011 X
b1100011111000101110000011 q
b1100011111000101110000011 -"
b10000 5
b10000 x
b10000 ."
b10000 ""
b11001000 ?
b11001000 y
b11001000 ~
b11001000 %"
b10001000 @
b10001000 z
b10001000 }
b10001000 $"
b1001000 9
b1001000 !"
1'
#8420000
0'
#8425000
b1110011101101011110110 6
b1110011101101011110110 L
b1110011101101011110110 j
b1110011101101011110110 n
b1110011101101011110110 /"
b11111111111001001010001011110000 7
b11111111111001001010001011110000 M
b11111111111001001010001011110000 b
b11111111111001001010001011110000 f
b11111111111001001010001011110000 0"
b10010 1"
b0 J
b0 k
b0 u
b0 G
b0 ]
b0 c
b0 K
b0 W
b0 \
b0 o
b0 H
b0 ^
b0 g
b0 F
b0 Z
b0 s
b0 w
b0 I
b0 _
b0 v
b11001001 ?
b11001001 y
b11001001 ~
b11001001 %"
b10001001 @
b10001001 z
b10001001 }
b10001001 $"
b10010 5
b10010 x
b10010 ."
b10010 ""
b0 l
b0 d
b0 :
b0 N
b0 e
b0 m
b0 *"
b0 h
b0 `
b0 ;
b0 O
b0 a
b0 i
b0 +"
b0 A
b0 R
b0 r
b0 )"
b0 C
b0 T
b0 Y
b0 '"
b0 <
b0 P
b0 [
b0 t
b0 ,"
b0 B
b0 S
b0 p
b0 ("
b0 D
b0 U
b0 V
b0 &"
b0 =
b0 Q
b0 X
b0 q
b0 -"
b1001001 9
b1001001 !"
1'
#8430000
0'
#8435000
b1110000111000101100110 6
b1110000111000101100110 L
b1110000111000101100110 j
b1110000111000101100110 n
b1110000111000101100110 /"
b11111111111000011101010010100011 7
b11111111111000011101010010100011 M
b11111111111000011101010010100011 b
b11111111111000011101010010100011 f
b11111111111000011101010010100011 0"
b10100 1"
b10100 5
b10100 x
b10100 ."
b10100 ""
b11001010 ?
b11001010 y
b11001010 ~
b11001010 %"
b10001010 @
b10001010 z
b10001010 }
b10001010 $"
b1001010 9
b1001010 !"
1'
#8440000
0'
#8445000
b1101101110010100000111 6
b1101101110010100000111 L
b1101101110010100000111 j
b1101101110010100000111 n
b1101101110010100000111 /"
b11111111110111110001100011110001 7
b11111111110111110001100011110001 M
b11111111110111110001100011110001 b
b11111111110111110001100011110001 f
b11111111110111110001100011110001 0"
b10110 1"
b11001011 ?
b11001011 y
b11001011 ~
b11001011 %"
b10001011 @
b10001011 z
b10001011 }
b10001011 $"
b10110 5
b10110 x
b10110 ."
b10110 ""
b1001011 9
b1001011 !"
1'
#8450000
0'
#8455000
b1101010011011011001100 6
b1101010011011011001100 L
b1101010011011011001100 j
b1101010011011011001100 n
b1101010011011011001100 /"
b11111111110111000111000110001010 7
b11111111110111000111000110001010 M
b11111111110111000111000110001010 b
b11111111110111000111000110001010 f
b11111111110111000111000110001010 0"
b11000 1"
b11000 5
b11000 x
b11000 ."
b11000 ""
b11001100 ?
b11001100 y
b11001100 ~
b11001100 %"
b10001100 @
b10001100 z
b10001100 }
b10001100 $"
b1001100 9
b1001100 !"
1'
#8460000
0'
#8465000
b1100110110011111000001 6
b1100110110011111000001 L
b1100110110011111000001 j
b1100110110011111000001 n
b1100110110011111000001 /"
b11111111110110011110000000010000 7
b11111111110110011110000000010000 M
b11111111110110011110000000010000 b
b11111111110110011110000000010000 f
b11111111110110011110000000010000 0"
b11010 1"
b11001101 ?
b11001101 y
b11001101 ~
b11001101 %"
b10001101 @
b10001101 z
b10001101 }
b10001101 $"
b11010 5
b11010 x
b11010 ."
b11010 ""
b1001101 9
b1001101 !"
1'
#8470000
0'
#8475000
b1100010111100100000001 6
b1100010111100100000001 L
b1100010111100100000001 j
b1100010111100100000001 n
b1100010111100100000001 /"
b11111111110101110110011000011010 7
b11111111110101110110011000011010 M
b11111111110101110110011000011010 b
b11111111110101110110011000011010 f
b11111111110101110110011000011010 0"
b11100 1"
b11100 5
b11100 x
b11100 ."
b11100 ""
b11001110 ?
b11001110 y
b11001110 ~
b11001110 %"
b10001110 @
b10001110 z
b10001110 }
b10001110 $"
b1001110 9
b1001110 !"
1'
#8480000
0'
#8485000
b1011110110101110111110 6
b1011110110101110111110 L
b1011110110101110111110 j
b1011110110101110111110 n
b1011110110101110111110 /"
b11111111110101010000010100101110 7
b11111111110101010000010100101110 M
b11111111110101010000010100101110 b
b11111111110101010000010100101110 f
b11111111110101010000010100101110 0"
b11110 1"
b11001111 ?
b11001111 y
b11001111 ~
b11001111 %"
b10001111 @
b10001111 z
b10001111 }
b10001111 $"
b11110 5
b11110 x
b11110 ."
b11110 ""
b1001111 9
b1001111 !"
1'
#8490000
0'
#8495000
b1011010100000100111101 6
b1011010100000100111101 L
b1011010100000100111101 j
b1011010100000100111101 n
b1011010100000100111101 /"
b11111111110100101011111011000011 7
b11111111110100101011111011000011 M
b11111111110100101011111011000011 b
b11111111110100101011111011000011 f
b11111111110100101011111011000011 0"
b100000 1"
b100000 5
b100000 x
b100000 ."
b100000 ""
b11010000 ?
b11010000 y
b11010000 ~
b11010000 %"
b10010000 @
b10010000 z
b10010000 }
b10010000 $"
b1010000 9
b1010000 !"
1'
#8500000
0'
#8505000
b1010101111101011010010 6
b1010101111101011010010 L
b1010101111101011010010 j
b1010101111101011010010 n
b1010101111101011010010 /"
b11111111110100001001010001000010 7
b11111111110100001001010001000010 M
b11111111110100001001010001000010 b
b11111111110100001001010001000010 f
b11111111110100001001010001000010 0"
b100010 1"
b11010001 ?
b11010001 y
b11010001 ~
b11010001 %"
b10010001 @
b10010001 z
b10010001 }
b10010001 $"
b100010 5
b100010 x
b100010 ."
b100010 ""
b1010001 9
b1010001 !"
1'
#8510000
0'
#8515000
b1010001001100111100110 6
b1010001001100111100110 L
b1010001001100111100110 j
b1010001001100111100110 n
b1010001001100111100110 /"
b11111111110011101000011011111111 7
b11111111110011101000011011111111 M
b11111111110011101000011011111111 b
b11111111110011101000011011111111 f
b11111111110011101000011011111111 0"
b100100 1"
b100100 5
b100100 x
b100100 ."
b100100 ""
b11010010 ?
b11010010 y
b11010010 ~
b11010010 %"
b10010010 @
b10010010 z
b10010010 }
b10010010 $"
b1010010 9
b1010010 !"
1'
#8520000
0'
#8525000
b1001100001111111110000 6
b1001100001111111110000 L
b1001100001111111110000 j
b1001100001111111110000 n
b1001100001111111110000 /"
b11111111110011001001100000111111 7
b11111111110011001001100000111111 M
b11111111110011001001100000111111 b
b11111111110011001001100000111111 f
b11111111110011001001100000111111 0"
b100110 1"
b11010011 ?
b11010011 y
b11010011 ~
b11010011 %"
b10010011 @
b10010011 z
b10010011 }
b10010011 $"
b100110 5
b100110 x
b100110 ."
b100110 ""
b1010011 9
b1010011 !"
1'
#8530000
0'
#8535000
b1000111000111001110110 6
b1000111000111001110110 L
b1000111000111001110110 j
b1000111000111001110110 n
b1000111000111001110110 /"
b11111111110010101100100100110100 7
b11111111110010101100100100110100 M
b11111111110010101100100100110100 b
b11111111110010101100100100110100 f
b11111111110010101100100100110100 0"
b101000 1"
b101000 5
b101000 x
b101000 ."
b101000 ""
b11010100 ?
b11010100 y
b11010100 ~
b11010100 %"
b10010100 @
b10010100 z
b10010100 }
b10010100 $"
b1010100 9
b1010100 !"
1'
#8540000
0'
#8545000
b1000001110011100001111 6
b1000001110011100001111 L
b1000001110011100001111 j
b1000001110011100001111 n
b1000001110011100001111 /"
b11111111110010010001101011111001 7
b11111111110010010001101011111001 M
b11111111110010010001101011111001 b
b11111111110010010001101011111001 f
b11111111110010010001101011111001 0"
b101010 1"
b11010101 ?
b11010101 y
b11010101 ~
b11010101 %"
b10010101 @
b10010101 z
b10010101 }
b10010101 $"
b101010 5
b101010 x
b101010 ."
b101010 ""
b1010101 9
b1010101 !"
1'
#8550000
0'
#8555000
b111100010101101011101 6
b111100010101101011101 L
b111100010101101011101 j
b111100010101101011101 n
b111100010101101011101 /"
b11111111110001111000111010011010 7
b11111111110001111000111010011010 M
b11111111110001111000111010011010 b
b11111111110001111000111010011010 f
b11111111110001111000111010011010 0"
b101100 1"
b101100 5
b101100 x
b101100 ."
b101100 ""
b11010110 ?
b11010110 y
b11010110 ~
b11010110 %"
b10010110 @
b10010110 z
b10010110 }
b10010110 $"
b1010110 9
b1010110 !"
1'
#8560000
0'
#8565000
b110110101110100010000 6
b110110101110100010000 L
b110110101110100010000 j
b110110101110100010000 n
b110110101110100010000 /"
b11111111110001100010010100001010 7
b11111111110001100010010100001010 M
b11111111110001100010010100001010 b
b11111111110001100010010100001010 f
b11111111110001100010010100001010 0"
b101110 1"
b11010111 ?
b11010111 y
b11010111 ~
b11010111 %"
b10010111 @
b10010111 z
b10010111 }
b10010111 $"
b101110 5
b101110 x
b101110 ."
b101110 ""
b1010111 9
b1010111 !"
1'
#8570000
0'
#8575000
b110000111110111100011 6
b110000111110111100011 L
b110000111110111100011 j
b110000111110111100011 n
b110000111110111100011 /"
b11111111110001001101111100101000 7
b11111111110001001101111100101000 M
b11111111110001001101111100101000 b
b11111111110001001101111100101000 f
b11111111110001001101111100101000 0"
b11111111111111111111111111111111 J
b11111111111111111111111111111111 k
b11111111111111111111111111111111 u
b1 K
b1 W
b1 \
b1 o
b1 H
b1 ^
b1 g
b10 F
b10 Z
b10 s
b10 w
b11111111111111111111111111111101 I
b11111111111111111111111111111101 _
b11111111111111111111111111111101 v
b110000 1"
b1111111111111111111111111111111111111111111001111000001000011101 l
b1110110010000011011000 d
b11111111111111111111111111111111 :
b11111111111111111111111111111111 N
b11111111111111111111111111111111 e
b11111111111111111111111111111111 m
b11111111111111111111111111111111 *"
b10010010111100110101001 h
b1111111111111111111111111111111111111111010011101001110101111000 `
b11 ;
b11 O
b11 a
b11 i
b11 +"
b11111111111111111111111111111001 A
b11111111111111111111111111111001 R
b11111111111111111111111111111001 r
b11111111111111111111111111111001 )"
b11111111111111111111111111111101 C
b11111111111111111111111111111101 T
b11111111111111111111111111111101 Y
b11111111111111111111111111111101 '"
b11111111111111111111111111111011 <
b11111111111111111111111111111011 P
b11111111111111111111111111111011 [
b11111111111111111111111111111011 t
b11111111111111111111111111111011 ,"
b10 B
b10 S
b10 p
b10 ("
b100 D
b100 U
b100 V
b100 &"
b11 =
b11 Q
b11 X
b11 q
b11 -"
b110000 5
b110000 x
b110000 ."
b110000 ""
b11011000 ?
b11011000 y
b11011000 ~
b11011000 %"
b10011000 @
b10011000 z
b10011000 }
b10011000 $"
b1011000 9
b1011000 !"
1'
#8580000
0'
#8585000
b101011000111110011010 6
b101011000111110011010 L
b101011000111110011010 j
b101011000111110011010 n
b101011000111110011010 /"
b11111111110000111011110110111110 7
b11111111110000111011110110111110 M
b11111111110000111011110110111110 b
b11111111110000111011110110111110 f
b11111111110000111011110110111110 0"
b110010 1"
b0 J
b0 k
b0 u
b0 G
b0 ]
b0 c
b0 K
b0 W
b0 \
b0 o
b0 H
b0 ^
b0 g
b0 F
b0 Z
b0 s
b0 w
b0 I
b0 _
b0 v
b11011001 ?
b11011001 y
b11011001 ~
b11011001 %"
b10011001 @
b10011001 z
b10011001 }
b10011001 $"
b110010 5
b110010 x
b110010 ."
b110010 ""
b0 l
b0 d
b0 :
b0 N
b0 e
b0 m
b0 *"
b0 h
b0 `
b0 ;
b0 O
b0 a
b0 i
b0 +"
b0 A
b0 R
b0 r
b0 )"
b0 C
b0 T
b0 Y
b0 '"
b0 <
b0 P
b0 [
b0 t
b0 ,"
b0 B
b0 S
b0 p
b0 ("
b0 D
b0 U
b0 V
b0 &"
b0 =
b0 Q
b0 X
b0 q
b0 -"
b1011001 9
b1011001 !"
1'
#8590000
0'
#8595000
b100101001010000000110 6
b100101001010000000110 L
b100101001010000000110 j
b100101001010000000110 n
b100101001010000000110 /"
b11111111110000101100000101111101 7
b11111111110000101100000101111101 M
b11111111110000101100000101111101 b
b11111111110000101100000101111101 f
b11111111110000101100000101111101 0"
b110100 1"
b110100 5
b110100 x
b110100 ."
b110100 ""
b11011010 ?
b11011010 y
b11011010 ~
b11011010 %"
b10011010 @
b10011010 z
b10011010 }
b10011010 $"
b1011010 9
b1011010 !"
1'
#8600000
0'
#8605000
b11111000110011111101 6
b11111000110011111101 L
b11111000110011111101 j
b11111000110011111101 n
b11111000110011111101 /"
b11111111110000011110101100000010 7
b11111111110000011110101100000010 M
b11111111110000011110101100000010 b
b11111111110000011110101100000010 f
b11111111110000011110101100000010 0"
b110110 1"
b11011011 ?
b11011011 y
b11011011 ~
b11011011 %"
b10011011 @
b10011011 z
b10011011 }
b10011011 $"
b110110 5
b110110 x
b110110 ."
b110110 ""
b1011011 9
b1011011 !"
1'
#8610000
0'
#8615000
b11000111110001011100 6
b11000111110001011100 L
b11000111110001011100 j
b11000111110001011100 n
b11000111110001011100 /"
b11111111110000010011101011010000 7
b11111111110000010011101011010000 M
b11111111110000010011101011010000 b
b11111111110000010011101011010000 f
b11111111110000010011101011010000 0"
b111000 1"
b111000 5
b111000 x
b111000 ."
b111000 ""
b11011100 ?
b11011100 y
b11011100 ~
b11011100 %"
b10011100 @
b10011100 z
b10011100 }
b10011100 $"
b1011100 9
b1011100 !"
1'
#8620000
0'
#8625000
b10010110010000001000 6
b10010110010000001000 L
b10010110010000001000 j
b10010110010000001000 n
b10010110010000001000 /"
b11111111110000001011000101010101 7
b11111111110000001011000101010101 M
b11111111110000001011000101010101 b
b11111111110000001011000101010101 f
b11111111110000001011000101010101 0"
b111010 1"
b11011101 ?
b11011101 y
b11011101 ~
b11011101 %"
b10011101 @
b10011101 z
b10011101 }
b10011101 $"
b111010 5
b111010 x
b111010 ."
b111010 ""
b1011101 9
b1011101 !"
1'
#8630000
0'
#8635000
b1100100010111101010 6
b1100100010111101010 L
b1100100010111101010 j
b1100100010111101010 n
b1100100010111101010 /"
b11111111110000000100111011100101 7
b11111111110000000100111011100101 M
b11111111110000000100111011100101 b
b11111111110000000100111011100101 f
b11111111110000000100111011100101 0"
b111100 1"
b111100 5
b111100 x
b111100 ."
b111100 ""
b11011110 ?
b11011110 y
b11011110 ~
b11011110 %"
b10011110 @
b10011110 z
b10011110 }
b10011110 $"
b1011110 9
b1011110 !"
1'
#8640000
0'
#8645000
b110010001111101101 6
b110010001111101101 L
b110010001111101101 j
b110010001111101101 n
b110010001111101101 /"
b11111111110000000001001110111100 7
b11111111110000000001001110111100 M
b11111111110000000001001110111100 b
b11111111110000000001001110111100 f
b11111111110000000001001110111100 0"
b111110 1"
b11011111 ?
b11011111 y
b11011111 ~
b11011111 %"
b10011111 @
b10011111 z
b10011111 }
b10011111 $"
b111110 5
b111110 x
b111110 ."
b111110 ""
b1011111 9
b1011111 !"
1'
#8650000
0'
#8655000
b0 6
b0 L
b0 j
b0 n
b0 /"
b11111111110000000000000000000000 7
b11111111110000000000000000000000 M
b11111111110000000000000000000000 b
b11111111110000000000000000000000 f
b11111111110000000000000000000000 0"
b1000000 1"
b1000000 5
b1000000 x
b1000000 ."
b1000000 ""
b11100000 ?
b11100000 y
b11100000 ~
b11100000 %"
b10100000 @
b10100000 z
b10100000 }
b10100000 $"
b1100000 9
b1100000 !"
1'
#8660000
0'
#8665000
b11111111111111001101110000010011 6
b11111111111111001101110000010011 L
b11111111111111001101110000010011 j
b11111111111111001101110000010011 n
b11111111111111001101110000010011 /"
b11111111110000000001001110111100 7
b11111111110000000001001110111100 M
b11111111110000000001001110111100 b
b11111111110000000001001110111100 f
b11111111110000000001001110111100 0"
b1000010 1"
b11100001 ?
b11100001 y
b11100001 ~
b11100001 %"
b10100001 @
b10100001 z
b10100001 }
b10100001 $"
b1000010 5
b1000010 x
b1000010 ."
b1000010 ""
b1100001 9
b1100001 !"
1'
#8670000
0'
#8675000
b11111111111110011011101000010110 6
b11111111111110011011101000010110 L
b11111111111110011011101000010110 j
b11111111111110011011101000010110 n
b11111111111110011011101000010110 /"
b11111111110000000100111011100101 7
b11111111110000000100111011100101 M
b11111111110000000100111011100101 b
b11111111110000000100111011100101 f
b11111111110000000100111011100101 0"
b1000100 1"
b1000100 5
b1000100 x
b1000100 ."
b1000100 ""
b11100010 ?
b11100010 y
b11100010 ~
b11100010 %"
b10100010 @
b10100010 z
b10100010 }
b10100010 $"
b1100010 9
b1100010 !"
1'
#8680000
0'
#8685000
b11111111111101101001101111111000 6
b11111111111101101001101111111000 L
b11111111111101101001101111111000 j
b11111111111101101001101111111000 n
b11111111111101101001101111111000 /"
b11111111110000001011000101010101 7
b11111111110000001011000101010101 M
b11111111110000001011000101010101 b
b11111111110000001011000101010101 f
b11111111110000001011000101010101 0"
b1000110 1"
b11100011 ?
b11100011 y
b11100011 ~
b11100011 %"
b10100011 @
b10100011 z
b10100011 }
b10100011 $"
b1000110 5
b1000110 x
b1000110 ."
b1000110 ""
b1100011 9
b1100011 !"
1'
#8690000
0'
#8695000
b11111111111100111000001110100100 6
b11111111111100111000001110100100 L
b11111111111100111000001110100100 j
b11111111111100111000001110100100 n
b11111111111100111000001110100100 /"
b11111111110000010011101011010000 7
b11111111110000010011101011010000 M
b11111111110000010011101011010000 b
b11111111110000010011101011010000 f
b11111111110000010011101011010000 0"
b1001000 1"
b1001000 5
b1001000 x
b1001000 ."
b1001000 ""
b11100100 ?
b11100100 y
b11100100 ~
b11100100 %"
b10100100 @
b10100100 z
b10100100 }
b10100100 $"
b1100100 9
b1100100 !"
1'
#8700000
0'
#8705000
b11111111111100000111001100000011 6
b11111111111100000111001100000011 L
b11111111111100000111001100000011 j
b11111111111100000111001100000011 n
b11111111111100000111001100000011 /"
b11111111110000011110101100000010 7
b11111111110000011110101100000010 M
b11111111110000011110101100000010 b
b11111111110000011110101100000010 f
b11111111110000011110101100000010 0"
b1001010 1"
b11100101 ?
b11100101 y
b11100101 ~
b11100101 %"
b10100101 @
b10100101 z
b10100101 }
b10100101 $"
b1001010 5
b1001010 x
b1001010 ."
b1001010 ""
b1100101 9
b1100101 !"
1'
#8710000
0'
#8715000
b11111111111011010110101111111010 6
b11111111111011010110101111111010 L
b11111111111011010110101111111010 j
b11111111111011010110101111111010 n
b11111111111011010110101111111010 /"
b11111111110000101100000101111101 7
b11111111110000101100000101111101 M
b11111111110000101100000101111101 b
b11111111110000101100000101111101 f
b11111111110000101100000101111101 0"
b1001100 1"
b1001100 5
b1001100 x
b1001100 ."
b1001100 ""
b11100110 ?
b11100110 y
b11100110 ~
b11100110 %"
b10100110 @
b10100110 z
b10100110 }
b10100110 $"
b1100110 9
b1100110 !"
1'
#8720000
0'
#8725000
b11111111111010100111000001100110 6
b11111111111010100111000001100110 L
b11111111111010100111000001100110 j
b11111111111010100111000001100110 n
b11111111111010100111000001100110 /"
b11111111110000111011110110111110 7
b11111111110000111011110110111110 M
b11111111110000111011110110111110 b
b11111111110000111011110110111110 f
b11111111110000111011110110111110 0"
b1001110 1"
b11100111 ?
b11100111 y
b11100111 ~
b11100111 %"
b10100111 @
b10100111 z
b10100111 }
b10100111 $"
b1001110 5
b1001110 x
b1001110 ."
b1001110 ""
b1100111 9
b1100111 !"
1'
#8730000
0'
#8735000
b11111111111001111000001000011101 6
b11111111111001111000001000011101 L
b11111111111001111000001000011101 j
b11111111111001111000001000011101 n
b11111111111001111000001000011101 /"
b11111111110001001101111100101000 7
b11111111110001001101111100101000 M
b11111111110001001101111100101000 b
b11111111110001001101111100101000 f
b11111111110001001101111100101000 0"
b1 K
b1 W
b1 \
b1 o
b1 H
b1 ^
b1 g
b11111111111111111111111111111110 F
b11111111111111111111111111111110 Z
b11111111111111111111111111111110 s
b11111111111111111111111111111110 w
b10 I
b10 _
b10 v
b1010000 1"
b110000111110111100011 l
b1110110010000011011000 d
b11111111111111111111111111111111 :
b11111111111111111111111111111111 N
b11111111111111111111111111111111 e
b11111111111111111111111111111111 m
b11111111111111111111111111111111 *"
b10010010111100110101001 h
b101100010110001010001000 `
b11111111111111111111111111111101 ;
b11111111111111111111111111111101 O
b11111111111111111111111111111101 a
b11111111111111111111111111111101 i
b11111111111111111111111111111101 +"
b11111111111111111111111111111101 A
b11111111111111111111111111111101 R
b11111111111111111111111111111101 r
b11111111111111111111111111111101 )"
b11111111111111111111111111111001 C
b11111111111111111111111111111001 T
b11111111111111111111111111111001 Y
b11111111111111111111111111111001 '"
b11111111111111111111111111111011 <
b11111111111111111111111111111011 P
b11111111111111111111111111111011 [
b11111111111111111111111111111011 t
b11111111111111111111111111111011 ,"
b11111111111111111111111111111100 B
b11111111111111111111111111111100 S
b11111111111111111111111111111100 p
b11111111111111111111111111111100 ("
b11111111111111111111111111111110 D
b11111111111111111111111111111110 U
b11111111111111111111111111111110 V
b11111111111111111111111111111110 &"
b11111111111111111111111111111101 =
b11111111111111111111111111111101 Q
b11111111111111111111111111111101 X
b11111111111111111111111111111101 q
b11111111111111111111111111111101 -"
b1010000 5
b1010000 x
b1010000 ."
b1010000 ""
b11101000 ?
b11101000 y
b11101000 ~
b11101000 %"
b10101000 @
b10101000 z
b10101000 }
b10101000 $"
b1101000 9
b1101000 !"
1'
#8740000
0'
#8745000
b0 H
b0 ^
b0 g
b11111111111001001010001011110000 6
b11111111111001001010001011110000 L
b11111111111001001010001011110000 j
b11111111111001001010001011110000 n
b11111111111001001010001011110000 /"
b11111111110001100010010100001010 7
b11111111110001100010010100001010 M
b11111111110001100010010100001010 b
b11111111110001100010010100001010 f
b11111111110001100010010100001010 0"
b1010010 1"
b0 J
b0 k
b0 u
b0 K
b0 W
b0 \
b0 o
b0 G
b0 ]
b0 c
b0 F
b0 Z
b0 s
b0 w
b0 I
b0 _
b0 v
b11101001 ?
b11101001 y
b11101001 ~
b11101001 %"
b10101001 @
b10101001 z
b10101001 }
b10101001 $"
b1010010 5
b1010010 x
b1010010 ."
b1010010 ""
b0 l
b0 d
b0 :
b0 N
b0 e
b0 m
b0 *"
b0 h
b0 `
b0 ;
b0 O
b0 a
b0 i
b0 +"
b0 A
b0 R
b0 r
b0 )"
b0 C
b0 T
b0 Y
b0 '"
b0 <
b0 P
b0 [
b0 t
b0 ,"
b0 B
b0 S
b0 p
b0 ("
b0 D
b0 U
b0 V
b0 &"
b0 =
b0 Q
b0 X
b0 q
b0 -"
b1101001 9
b1101001 !"
1'
#8750000
0'
#8755000
b11111111111000011101010010100011 6
b11111111111000011101010010100011 L
b11111111111000011101010010100011 j
b11111111111000011101010010100011 n
b11111111111000011101010010100011 /"
b11111111110001111000111010011010 7
b11111111110001111000111010011010 M
b11111111110001111000111010011010 b
b11111111110001111000111010011010 f
b11111111110001111000111010011010 0"
b1010100 1"
b1010100 5
b1010100 x
b1010100 ."
b1010100 ""
b11101010 ?
b11101010 y
b11101010 ~
b11101010 %"
b10101010 @
b10101010 z
b10101010 }
b10101010 $"
b1101010 9
b1101010 !"
1'
#8760000
0'
#8765000
b11111111110111110001100011110001 6
b11111111110111110001100011110001 L
b11111111110111110001100011110001 j
b11111111110111110001100011110001 n
b11111111110111110001100011110001 /"
b11111111110010010001101011111001 7
b11111111110010010001101011111001 M
b11111111110010010001101011111001 b
b11111111110010010001101011111001 f
b11111111110010010001101011111001 0"
b1010110 1"
b11101011 ?
b11101011 y
b11101011 ~
b11101011 %"
b10101011 @
b10101011 z
b10101011 }
b10101011 $"
b1010110 5
b1010110 x
b1010110 ."
b1010110 ""
b1101011 9
b1101011 !"
1'
#8770000
0'
#8775000
b11111111110111000111000110001010 6
b11111111110111000111000110001010 L
b11111111110111000111000110001010 j
b11111111110111000111000110001010 n
b11111111110111000111000110001010 /"
b11111111110010101100100100110100 7
b11111111110010101100100100110100 M
b11111111110010101100100100110100 b
b11111111110010101100100100110100 f
b11111111110010101100100100110100 0"
b1011000 1"
b1011000 5
b1011000 x
b1011000 ."
b1011000 ""
b11101100 ?
b11101100 y
b11101100 ~
b11101100 %"
b10101100 @
b10101100 z
b10101100 }
b10101100 $"
b1101100 9
b1101100 !"
1'
#8780000
0'
#8785000
b11111111110110011110000000010000 6
b11111111110110011110000000010000 L
b11111111110110011110000000010000 j
b11111111110110011110000000010000 n
b11111111110110011110000000010000 /"
b11111111110011001001100000111111 7
b11111111110011001001100000111111 M
b11111111110011001001100000111111 b
b11111111110011001001100000111111 f
b11111111110011001001100000111111 0"
b1011010 1"
b11101101 ?
b11101101 y
b11101101 ~
b11101101 %"
b10101101 @
b10101101 z
b10101101 }
b10101101 $"
b1011010 5
b1011010 x
b1011010 ."
b1011010 ""
b1101101 9
b1101101 !"
1'
#8790000
0'
#8795000
b11111111110101110110011000011010 6
b11111111110101110110011000011010 L
b11111111110101110110011000011010 j
b11111111110101110110011000011010 n
b11111111110101110110011000011010 /"
b11111111110011101000011011111111 7
b11111111110011101000011011111111 M
b11111111110011101000011011111111 b
b11111111110011101000011011111111 f
b11111111110011101000011011111111 0"
b1011100 1"
b1011100 5
b1011100 x
b1011100 ."
b1011100 ""
b11101110 ?
b11101110 y
b11101110 ~
b11101110 %"
b10101110 @
b10101110 z
b10101110 }
b10101110 $"
b1101110 9
b1101110 !"
1'
#8800000
0'
#8805000
b11111111110101010000010100101110 6
b11111111110101010000010100101110 L
b11111111110101010000010100101110 j
b11111111110101010000010100101110 n
b11111111110101010000010100101110 /"
b11111111110100001001010001000010 7
b11111111110100001001010001000010 M
b11111111110100001001010001000010 b
b11111111110100001001010001000010 f
b11111111110100001001010001000010 0"
b1011110 1"
b11101111 ?
b11101111 y
b11101111 ~
b11101111 %"
b10101111 @
b10101111 z
b10101111 }
b10101111 $"
b1011110 5
b1011110 x
b1011110 ."
b1011110 ""
b1101111 9
b1101111 !"
1'
#8810000
0'
#8815000
b11111111110100101011111011000011 6
b11111111110100101011111011000011 L
b11111111110100101011111011000011 j
b11111111110100101011111011000011 n
b11111111110100101011111011000011 /"
b11111111110100101011111011000011 7
b11111111110100101011111011000011 M
b11111111110100101011111011000011 b
b11111111110100101011111011000011 f
b11111111110100101011111011000011 0"
b1100000 1"
b1100000 5
b1100000 x
b1100000 ."
b1100000 ""
b11110000 ?
b11110000 y
b11110000 ~
b11110000 %"
b10110000 @
b10110000 z
b10110000 }
b10110000 $"
b1110000 9
b1110000 !"
1'
#8820000
0'
#8825000
b11111111110100001001010001000010 6
b11111111110100001001010001000010 L
b11111111110100001001010001000010 j
b11111111110100001001010001000010 n
b11111111110100001001010001000010 /"
b11111111110101010000010100101110 7
b11111111110101010000010100101110 M
b11111111110101010000010100101110 b
b11111111110101010000010100101110 f
b11111111110101010000010100101110 0"
b1100010 1"
b11110001 ?
b11110001 y
b11110001 ~
b11110001 %"
b10110001 @
b10110001 z
b10110001 }
b10110001 $"
b1100010 5
b1100010 x
b1100010 ."
b1100010 ""
b1110001 9
b1110001 !"
1'
#8830000
0'
#8835000
b11111111110011101000011011111111 6
b11111111110011101000011011111111 L
b11111111110011101000011011111111 j
b11111111110011101000011011111111 n
b11111111110011101000011011111111 /"
b11111111110101110110011000011010 7
b11111111110101110110011000011010 M
b11111111110101110110011000011010 b
b11111111110101110110011000011010 f
b11111111110101110110011000011010 0"
b1100100 1"
b1100100 5
b1100100 x
b1100100 ."
b1100100 ""
b11110010 ?
b11110010 y
b11110010 ~
b11110010 %"
b10110010 @
b10110010 z
b10110010 }
b10110010 $"
b1110010 9
b1110010 !"
1'
#8840000
0'
#8845000
b11111111110011001001100000111111 6
b11111111110011001001100000111111 L
b11111111110011001001100000111111 j
b11111111110011001001100000111111 n
b11111111110011001001100000111111 /"
b11111111110110011110000000010000 7
b11111111110110011110000000010000 M
b11111111110110011110000000010000 b
b11111111110110011110000000010000 f
b11111111110110011110000000010000 0"
b1100110 1"
b11110011 ?
b11110011 y
b11110011 ~
b11110011 %"
b10110011 @
b10110011 z
b10110011 }
b10110011 $"
b1100110 5
b1100110 x
b1100110 ."
b1100110 ""
b1110011 9
b1110011 !"
1'
#8850000
0'
#8855000
b11111111110010101100100100110100 6
b11111111110010101100100100110100 L
b11111111110010101100100100110100 j
b11111111110010101100100100110100 n
b11111111110010101100100100110100 /"
b11111111110111000111000110001010 7
b11111111110111000111000110001010 M
b11111111110111000111000110001010 b
b11111111110111000111000110001010 f
b11111111110111000111000110001010 0"
b1101000 1"
b1101000 5
b1101000 x
b1101000 ."
b1101000 ""
b11110100 ?
b11110100 y
b11110100 ~
b11110100 %"
b10110100 @
b10110100 z
b10110100 }
b10110100 $"
b1110100 9
b1110100 !"
1'
#8860000
0'
#8865000
b11111111110010010001101011111001 6
b11111111110010010001101011111001 L
b11111111110010010001101011111001 j
b11111111110010010001101011111001 n
b11111111110010010001101011111001 /"
b11111111110111110001100011110001 7
b11111111110111110001100011110001 M
b11111111110111110001100011110001 b
b11111111110111110001100011110001 f
b11111111110111110001100011110001 0"
b1101010 1"
b11110101 ?
b11110101 y
b11110101 ~
b11110101 %"
b10110101 @
b10110101 z
b10110101 }
b10110101 $"
b1101010 5
b1101010 x
b1101010 ."
b1101010 ""
b1110101 9
b1110101 !"
1'
#8870000
0'
#8875000
b11111111110001111000111010011010 6
b11111111110001111000111010011010 L
b11111111110001111000111010011010 j
b11111111110001111000111010011010 n
b11111111110001111000111010011010 /"
b11111111111000011101010010100011 7
b11111111111000011101010010100011 M
b11111111111000011101010010100011 b
b11111111111000011101010010100011 f
b11111111111000011101010010100011 0"
b1101100 1"
b1101100 5
b1101100 x
b1101100 ."
b1101100 ""
b11110110 ?
b11110110 y
b11110110 ~
b11110110 %"
b10110110 @
b10110110 z
b10110110 }
b10110110 $"
b1110110 9
b1110110 !"
1'
#8880000
0'
#8885000
b11111111110001100010010100001010 6
b11111111110001100010010100001010 L
b11111111110001100010010100001010 j
b11111111110001100010010100001010 n
b11111111110001100010010100001010 /"
b11111111111001001010001011110000 7
b11111111111001001010001011110000 M
b11111111111001001010001011110000 b
b11111111111001001010001011110000 f
b11111111111001001010001011110000 0"
b1101110 1"
b11110111 ?
b11110111 y
b11110111 ~
b11110111 %"
b10110111 @
b10110111 z
b10110111 }
b10110111 $"
b1101110 5
b1101110 x
b1101110 ."
b1101110 ""
b1110111 9
b1110111 !"
1'
#8890000
0'
#8895000
b11111111110001001101111100101000 6
b11111111110001001101111100101000 L
b11111111110001001101111100101000 j
b11111111110001001101111100101000 n
b11111111110001001101111100101000 /"
b11111111111001111000001000011101 7
b11111111111001111000001000011101 M
b11111111111001111000001000011101 b
b11111111111001111000001000011101 f
b11111111111001111000001000011101 0"
b11111001110110101100010110011101 J
b11111001110110101100010110011101 k
b11111001110110101100010110011101 u
b11111101011101000101100011110111 G
b11111101011101000101100011110111 ]
b11111101011101000101100011110111 c
b1100011111000101101111010 K
b1100011111000101101111010 W
b1100011111000101101111010 \
b1100011111000101101111010 o
b100000110110011001010000011 H
b100000110110011001010000011 ^
b100000110110011001010000011 g
b11111000001001110101101000001001 F
b11111000001001110101101000001001 Z
b11111000001001110101101000001001 s
b11111000001001110101101000001001 w
b1101100110110101110010100 I
b1101100110110101110010100 _
b1101100110110101110010100 v
b1110000 1"
b1111111111111110011101101011000101100111010011010101101100101000 l
b1111111111111111010111010001011000111101110000010010010110011101 d
b110101001101101100110000001 :
b110101001101101100110000001 N
b110101001101101100110000001 e
b110101001101101100110000001 m
b110101001101101100110000001 *"
b1000001101100110010100000110011111101010010001000 h
b11011001101101011100101001001111000110111101001 `
b11111011100011100011000100111101 ;
b11111011100011100011000100111101 O
b11111011100011100011000100111101 a
b11111011100011100011000100111101 i
b11111011100011100011000100111101 +"
b1111101100010100101111011100 A
b1111101100010100101111011100 R
b1111101100010100101111011100 r
b1111101100010100101111011100 )"
b11111111111111111111111111101110 C
b11111111111111111111111111101110 T
b11111111111111111111111111101110 Y
b11111111111111111111111111101110 '"
b111110110001010010111100101 <
b111110110001010010111100101 P
b111110110001010010111100101 [
b111110110001010010111100101 t
b111110110001010010111100101 ,"
b11111100111000001110100100000011 B
b11111100111000001110100100000011 S
b11111100111000001110100100000011 p
b11111100111000001110100100000011 ("
b11111111111111111111111111110111 D
b11111111111111111111111111110111 U
b11111111111111111111111111110111 V
b11111111111111111111111111110111 &"
b11111110011100000111010001111101 =
b11111110011100000111010001111101 Q
b11111110011100000111010001111101 X
b11111110011100000111010001111101 q
b11111110011100000111010001111101 -"
b1110000 5
b1110000 x
b1110000 ."
b1110000 ""
b11111000 ?
b11111000 y
b11111000 ~
b11111000 %"
b10111000 @
b10111000 z
b10111000 }
b10111000 $"
b1111000 9
b1111000 !"
1'
#8900000
0'
#8905000
b11111111110000111011110110111110 6
b11111111110000111011110110111110 L
b11111111110000111011110110111110 j
b11111111110000111011110110111110 n
b11111111110000111011110110111110 /"
b11111111111010100111000001100110 7
b11111111111010100111000001100110 M
b11111111111010100111000001100110 b
b11111111111010100111000001100110 f
b11111111111010100111000001100110 0"
b1110010 1"
b0 J
b0 k
b0 u
b0 G
b0 ]
b0 c
b0 K
b0 W
b0 \
b0 o
b0 H
b0 ^
b0 g
b0 F
b0 Z
b0 s
b0 w
b0 I
b0 _
b0 v
b11111001 ?
b11111001 y
b11111001 ~
b11111001 %"
b10111001 @
b10111001 z
b10111001 }
b10111001 $"
b1110010 5
b1110010 x
b1110010 ."
b1110010 ""
b0 l
b0 d
b0 :
b0 N
b0 e
b0 m
b0 *"
b0 h
b0 `
b0 ;
b0 O
b0 a
b0 i
b0 +"
b0 A
b0 R
b0 r
b0 )"
b0 C
b0 T
b0 Y
b0 '"
b0 <
b0 P
b0 [
b0 t
b0 ,"
b0 B
b0 S
b0 p
b0 ("
b0 D
b0 U
b0 V
b0 &"
b0 =
b0 Q
b0 X
b0 q
b0 -"
b1111001 9
b1111001 !"
1'
#8910000
0'
#8915000
b11111111110000101100000101111101 6
b11111111110000101100000101111101 L
b11111111110000101100000101111101 j
b11111111110000101100000101111101 n
b11111111110000101100000101111101 /"
b11111111111011010110101111111010 7
b11111111111011010110101111111010 M
b11111111111011010110101111111010 b
b11111111111011010110101111111010 f
b11111111111011010110101111111010 0"
b1110100 1"
b1110100 5
b1110100 x
b1110100 ."
b1110100 ""
b11111010 ?
b11111010 y
b11111010 ~
b11111010 %"
b10111010 @
b10111010 z
b10111010 }
b10111010 $"
b1111010 9
b1111010 !"
1'
#8920000
0'
#8925000
b11111111110000011110101100000010 6
b11111111110000011110101100000010 L
b11111111110000011110101100000010 j
b11111111110000011110101100000010 n
b11111111110000011110101100000010 /"
b11111111111100000111001100000011 7
b11111111111100000111001100000011 M
b11111111111100000111001100000011 b
b11111111111100000111001100000011 f
b11111111111100000111001100000011 0"
b1110110 1"
b11111011 ?
b11111011 y
b11111011 ~
b11111011 %"
b10111011 @
b10111011 z
b10111011 }
b10111011 $"
b1110110 5
b1110110 x
b1110110 ."
b1110110 ""
b1111011 9
b1111011 !"
1'
#8930000
0'
#8935000
b11111111110000010011101011010000 6
b11111111110000010011101011010000 L
b11111111110000010011101011010000 j
b11111111110000010011101011010000 n
b11111111110000010011101011010000 /"
b11111111111100111000001110100100 7
b11111111111100111000001110100100 M
b11111111111100111000001110100100 b
b11111111111100111000001110100100 f
b11111111111100111000001110100100 0"
b1111000 1"
b1111000 5
b1111000 x
b1111000 ."
b1111000 ""
b11111100 ?
b11111100 y
b11111100 ~
b11111100 %"
b10111100 @
b10111100 z
b10111100 }
b10111100 $"
b1111100 9
b1111100 !"
1'
#8940000
0'
#8945000
b11111111110000001011000101010101 6
b11111111110000001011000101010101 L
b11111111110000001011000101010101 j
b11111111110000001011000101010101 n
b11111111110000001011000101010101 /"
b11111111111101101001101111111000 7
b11111111111101101001101111111000 M
b11111111111101101001101111111000 b
b11111111111101101001101111111000 f
b11111111111101101001101111111000 0"
b1111010 1"
b11111101 ?
b11111101 y
b11111101 ~
b11111101 %"
b10111101 @
b10111101 z
b10111101 }
b10111101 $"
b1111010 5
b1111010 x
b1111010 ."
b1111010 ""
b1111101 9
b1111101 !"
1'
#8950000
0'
#8955000
b11111111110000000100111011100101 6
b11111111110000000100111011100101 L
b11111111110000000100111011100101 j
b11111111110000000100111011100101 n
b11111111110000000100111011100101 /"
b11111111111110011011101000010110 7
b11111111111110011011101000010110 M
b11111111111110011011101000010110 b
b11111111111110011011101000010110 f
b11111111111110011011101000010110 0"
b1111100 1"
b1111100 5
b1111100 x
b1111100 ."
b1111100 ""
b11111110 ?
b11111110 y
b11111110 ~
b11111110 %"
b10111110 @
b10111110 z
b10111110 }
b10111110 $"
b1111110 9
b1111110 !"
1'
#8960000
0'
#8965000
b11111111110000000001001110111100 6
b11111111110000000001001110111100 L
b11111111110000000001001110111100 j
b11111111110000000001001110111100 n
b11111111110000000001001110111100 /"
b11111111111111001101110000010011 7
b11111111111111001101110000010011 M
b11111111111111001101110000010011 b
b11111111111111001101110000010011 f
b11111111111111001101110000010011 0"
b1111110 1"
b11111111 ?
b11111111 y
b11111111 ~
b11111111 %"
b10111111 @
b10111111 z
b10111111 }
b10111111 $"
b1111110 5
b1111110 x
b1111110 ."
b1111110 ""
b1111111 9
b1111111 !"
1'
#8970000
0'
#8975000
b10000000000000000000000 6
b10000000000000000000000 L
b10000000000000000000000 j
b10000000000000000000000 n
b10000000000000000000000 /"
b0 7
b0 M
b0 b
b0 f
b0 0"
b0 1"
b0 5
b0 x
b0 ."
b0 ""
b10000000 ?
b10000000 y
b10000000 ~
b10000000 %"
b0 @
b0 z
b0 }
b0 $"
b111 8
b111 #"
b0 9
b0 !"
1'
#8980000
0'
#8985000
b1111111111101100010001 6
b1111111111101100010001 L
b1111111111101100010001 j
b1111111111101100010001 n
b1111111111101100010001 /"
b11111111111111100110110111101011 7
b11111111111111100110110111101011 M
b11111111111111100110110111101011 b
b11111111111111100110110111101011 f
b11111111111111100110110111101011 0"
b1 1"
b10000001 ?
b10000001 y
b10000001 ~
b10000001 %"
b1 @
b1 z
b1 }
b1 $"
b1 5
b1 x
b1 ."
b1 ""
b1 9
b1 !"
1'
#8990000
0'
#8995000
b1111111110110001000100 6
b1111111110110001000100 L
b1111111110110001000100 j
b1111111110110001000100 n
b1111111110110001000100 /"
b11111111111111001101110000010011 7
b11111111111111001101110000010011 M
b11111111111111001101110000010011 b
b11111111111111001101110000010011 f
b11111111111111001101110000010011 0"
b10 1"
b10 5
b10 x
b10 ."
b10 ""
b10000010 ?
b10000010 y
b10000010 ~
b10000010 %"
b10 @
b10 z
b10 }
b10 $"
b10 9
b10 !"
1'
#9000000
0'
#9005000
b1111111101001110011011 6
b1111111101001110011011 L
b1111111101001110011011 j
b1111111101001110011011 n
b1111111101001110011011 /"
b11111111111110110100101010111000 7
b11111111111110110100101010111000 M
b11111111111110110100101010111000 b
b11111111111110110100101010111000 f
b11111111111110110100101010111000 0"
b11 1"
b10000011 ?
b10000011 y
b10000011 ~
b10000011 %"
b11 @
b11 z
b11 }
b11 $"
b11 5
b11 x
b11 ."
b11 ""
b11 9
b11 !"
1'
#9010000
0'
#9015000
b1111111011000100011011 6
b1111111011000100011011 L
b1111111011000100011011 j
b1111111011000100011011 n
b1111111011000100011011 /"
b11111111111110011011101000010110 7
b11111111111110011011101000010110 M
b11111111111110011011101000010110 b
b11111111111110011011101000010110 f
b11111111111110011011101000010110 0"
b100 1"
b100 5
b100 x
b100 ."
b100 ""
b10000100 ?
b10000100 y
b10000100 ~
b10000100 %"
b100 @
b100 z
b100 }
b100 $"
b100 9
b100 !"
1'
#9020000
0'
#9025000
b1111111000010011001001 6
b1111111000010011001001 L
b1111111000010011001001 j
b1111111000010011001001 n
b1111111000010011001001 /"
b11111111111110000010101001101100 7
b11111111111110000010101001101100 M
b11111111111110000010101001101100 b
b11111111111110000010101001101100 f
b11111111111110000010101001101100 0"
b101 1"
b10000101 ?
b10000101 y
b10000101 ~
b10000101 %"
b101 @
b101 z
b101 }
b101 $"
b101 5
b101 x
b101 ."
b101 ""
b101 9
b101 !"
1'
#9030000
0'
#9035000
b1111110100111010101011 6
b1111110100111010101011 L
b1111110100111010101011 j
b1111110100111010101011 n
b1111110100111010101011 /"
b11111111111101101001101111111000 7
b11111111111101101001101111111000 M
b11111111111101101001101111111000 b
b11111111111101101001101111111000 f
b11111111111101101001101111111000 0"
b110 1"
b110 5
b110 x
b110 ."
b110 ""
b10000110 ?
b10000110 y
b10000110 ~
b10000110 %"
b110 @
b110 z
b110 }
b110 $"
b110 9
b110 !"
1'
#9040000
0'
#9045000
b1111110000111011001010 6
b1111110000111011001010 L
b1111110000111011001010 j
b1111110000111011001010 n
b1111110000111011001010 /"
b11111111111101010000111011110110 7
b11111111111101010000111011110110 M
b11111111111101010000111011110110 b
b11111111111101010000111011110110 f
b11111111111101010000111011110110 0"
b111 1"
b10000111 ?
b10000111 y
b10000111 ~
b10000111 %"
b111 @
b111 z
b111 }
b111 $"
b111 5
b111 x
b111 ."
b111 ""
b111 9
b111 !"
1'
#9050000
0'
#9055000
b1111101100010100110000 6
b1111101100010100110000 L
b1111101100010100110000 j
b1111101100010100110000 n
b1111101100010100110000 /"
b11111111111100111000001110100100 7
b11111111111100111000001110100100 M
b11111111111100111000001110100100 b
b11111111111100111000001110100100 f
b11111111111100111000001110100100 0"
b1111011001000001101011111111 J
b1111011001000001101011111111 k
b1111011001000001101011111111 u
b11111100111100000100001110110100 G
b11111100111100000100001110110100 ]
b11111100111100000100001110110100 c
b11 K
b11 W
b11 \
b11 o
b11000011111011110001001111 H
b11000011111011110001001111 ^
b11000011111011110001001111 g
b10000000000000000000000001000 F
b10000000000000000000000001000 Z
b10000000000000000000000001000 s
b10000000000000000000000001000 w
b11111111011001000001101011110111 I
b11111111011001000001101011110111 _
b11111111011001000001101011110111 v
b1000 1"
b11110110010000011010111111111001101000010101000000 l
b1111111111111111001111000001000011101101001110100010110011110000 d
b1111101100010100101111011100 :
b1111101100010100101111011100 N
b1111101100010100101111011100 e
b1111101100010100101111011100 m
b1111101100010100101111011100 *"
b110000111110111100010011110010110000000001110000 h
b1111111111111111110110010000011010111101110101010011000100010100 `
b11000111110001011011111101 ;
b11000111110001011011111101 O
b11000111110001011011111101 a
b11000111110001011011111101 i
b11000111110001011011111101 +"
b11111111111111111111111111100101 A
b11111111111111111111111111100101 R
b11111111111111111111111111100101 r
b11111111111111111111111111100101 )"
b11111111111111111111111110101 C
b11111111111111111111111110101 T
b11111111111111111111111110101 Y
b11111111111111111111111110101 '"
b1111111111111111111111101101 <
b1111111111111111111111101101 P
b1111111111111111111111101101 [
b1111111111111111111111101101 t
b1111111111111111111111101101 ,"
b11111111111111111111111111110101 B
b11111111111111111111111111110101 S
b11111111111111111111111111110101 p
b11111111111111111111111111110101 ("
b11111111111111111111111111111011 D
b11111111111111111111111111111011 U
b11111111111111111111111111111011 V
b11111111111111111111111111111011 &"
b11111111111111111111111111111000 =
b11111111111111111111111111111000 Q
b11111111111111111111111111111000 X
b11111111111111111111111111111000 q
b11111111111111111111111111111000 -"
b1000 5
b1000 x
b1000 ."
b1000 ""
b10001000 ?
b10001000 y
b10001000 ~
b10001000 %"
b1000 @
b1000 z
b1000 }
b1000 $"
b1000 9
b1000 !"
1'
#9060000
0'
#9065000
b1111100111000111100111 6
b1111100111000111100111 L
b1111100111000111100111 j
b1111100111000111100111 n
b1111100111000111100111 /"
b11111111111100011111101000111111 7
b11111111111100011111101000111111 M
b11111111111100011111101000111111 b
b11111111111100011111101000111111 f
b11111111111100011111101000111111 0"
b1001 1"
b0 J
b0 k
b0 u
b0 G
b0 ]
b0 c
b0 K
b0 W
b0 \
b0 o
b0 H
b0 ^
b0 g
b0 F
b0 Z
b0 s
b0 w
b0 I
b0 _
b0 v
b10001001 ?
b10001001 y
b10001001 ~
b10001001 %"
b1001 @
b1001 z
b1001 }
b1001 $"
b1001 5
b1001 x
b1001 ."
b1001 ""
b0 l
b0 d
b0 :
b0 N
b0 e
b0 m
b0 *"
b0 h
b0 `
b0 ;
b0 O
b0 a
b0 i
b0 +"
b0 A
b0 R
b0 r
b0 )"
b0 C
b0 T
b0 Y
b0 '"
b0 <
b0 P
b0 [
b0 t
b0 ,"
b0 B
b0 S
b0 p
b0 ("
b0 D
b0 U
b0 V
b0 &"
b0 =
b0 Q
b0 X
b0 q
b0 -"
b1001 9
b1001 !"
1'
#9070000
0'
#9075000
b1111100001010011111110 6
b1111100001010011111110 L
b1111100001010011111110 j
b1111100001010011111110 n
b1111100001010011111110 /"
b11111111111100000111001100000011 7
b11111111111100000111001100000011 M
b11111111111100000111001100000011 b
b11111111111100000111001100000011 f
b11111111111100000111001100000011 0"
b1010 1"
b1010 5
b1010 x
b1010 ."
b1010 ""
b10001010 ?
b10001010 y
b10001010 ~
b10001010 %"
b1010 @
b1010 z
b1010 }
b1010 $"
b1010 9
b1010 !"
1'
#9080000
0'
#9085000
b1111011010111010000010 6
b1111011010111010000010 L
b1111011010111010000010 j
b1111011010111010000010 n
b1111011010111010000010 /"
b11111111111011101110111000101110 7
b11111111111011101110111000101110 M
b11111111111011101110111000101110 b
b11111111111011101110111000101110 f
b11111111111011101110111000101110 0"
b1011 1"
b10001011 ?
b10001011 y
b10001011 ~
b10001011 %"
b1011 @
b1011 z
b1011 }
b1011 $"
b1011 5
b1011 x
b1011 ."
b1011 ""
b1011 9
b1011 !"
1'
#9090000
0'
#9095000
b1111010011111010000011 6
b1111010011111010000011 L
b1111010011111010000011 j
b1111010011111010000011 n
b1111010011111010000011 /"
b11111111111011010110101111111010 7
b11111111111011010110101111111010 M
b11111111111011010110101111111010 b
b11111111111011010110101111111010 f
b11111111111011010110101111111010 0"
b1100 1"
b1100 5
b1100 x
b1100 ."
b1100 ""
b10001100 ?
b10001100 y
b10001100 ~
b10001100 %"
b1100 @
b1100 z
b1100 }
b1100 $"
b1100 9
b1100 !"
1'
#9100000
0'
#9105000
b1111001100010100010010 6
b1111001100010100010010 L
b1111001100010100010010 j
b1111001100010100010010 n
b1111001100010100010010 /"
b11111111111010111110110010100011 7
b11111111111010111110110010100011 M
b11111111111010111110110010100011 b
b11111111111010111110110010100011 f
b11111111111010111110110010100011 0"
b1101 1"
b10001101 ?
b10001101 y
b10001101 ~
b10001101 %"
b1101 @
b1101 z
b1101 }
b1101 $"
b1101 5
b1101 x
b1101 ."
b1101 ""
b1101 9
b1101 !"
1'
#9110000
0'
#9115000
b1111000100001001000010 6
b1111000100001001000010 L
b1111000100001001000010 j
b1111000100001001000010 n
b1111000100001001000010 /"
b11111111111010100111000001100110 7
b11111111111010100111000001100110 M
b11111111111010100111000001100110 b
b11111111111010100111000001100110 f
b11111111111010100111000001100110 0"
b1110 1"
b1110 5
b1110 x
b1110 ."
b1110 ""
b10001110 ?
b10001110 y
b10001110 ~
b10001110 %"
b1110 @
b1110 z
b1110 }
b1110 $"
b1110 9
b1110 !"
1'
#9120000
0'
#9125000
b1110111011011000100111 6
b1110111011011000100111 L
b1110111011011000100111 j
b1110111011011000100111 n
b1110111011011000100111 /"
b11111111111010001111011101111011 7
b11111111111010001111011101111011 M
b11111111111010001111011101111011 b
b11111111111010001111011101111011 f
b11111111111010001111011101111011 0"
b1111 1"
b10001111 ?
b10001111 y
b10001111 ~
b10001111 %"
b1111 @
b1111 z
b1111 }
b1111 $"
b1111 5
b1111 x
b1111 ."
b1111 ""
b1111 9
b1111 !"
1'
#9130000
0'
#9135000
b1110110010000011011000 6
b1110110010000011011000 L
b1110110010000011011000 j
b1110110010000011011000 n
b1110110010000011011000 /"
b11111111111001111000001000011101 7
b11111111111001111000001000011101 M
b11111111111001111000001000011101 b
b11111111111001111000001000011101 f
b11111111111001111000001000011101 0"
b10000 1"
b10000 5
b10000 x
b10000 ."
b10000 ""
b10010000 ?
b10010000 y
b10010000 ~
b10010000 %"
b10000 @
b10000 z
b10000 }
b10000 $"
b10000 9
b10000 !"
1'
#9140000
0'
#9145000
b1110101000001001101010 6
b1110101000001001101010 L
b1110101000001001101010 j
b1110101000001001101010 n
b1110101000001001101010 /"
b11111111111001100001000010000111 7
b11111111111001100001000010000111 M
b11111111111001100001000010000111 b
b11111111111001100001000010000111 f
b11111111111001100001000010000111 0"
b10001 1"
b10010001 ?
b10010001 y
b10010001 ~
b10010001 %"
b10001 @
b10001 z
b10001 }
b10001 $"
b10001 5
b10001 x
b10001 ."
b10001 ""
b10001 9
b10001 !"
1'
#9150000
0'
#9155000
b1110011101101011110110 6
b1110011101101011110110 L
b1110011101101011110110 j
b1110011101101011110110 n
b1110011101101011110110 /"
b11111111111001001010001011110000 7
b11111111111001001010001011110000 M
b11111111111001001010001011110000 b
b11111111111001001010001011110000 f
b11111111111001001010001011110000 0"
b10010 1"
b10010 5
b10010 x
b10010 ."
b10010 ""
b10010010 ?
b10010010 y
b10010010 ~
b10010010 %"
b10010 @
b10010 z
b10010 }
b10010 $"
b10010 9
b10010 !"
1'
#9160000
0'
#9165000
b1110010010101010010110 6
b1110010010101010010110 L
b1110010010101010010110 j
b1110010010101010010110 n
b1110010010101010010110 /"
b11111111111000110011100110010001 7
b11111111111000110011100110010001 M
b11111111111000110011100110010001 b
b11111111111000110011100110010001 f
b11111111111000110011100110010001 0"
b10011 1"
b10010011 ?
b10010011 y
b10010011 ~
b10010011 %"
b10011 @
b10011 z
b10011 }
b10011 $"
b10011 5
b10011 x
b10011 ."
b10011 ""
b10011 9
b10011 !"
1'
#9170000
0'
#9175000
b1110000111000101100110 6
b1110000111000101100110 L
b1110000111000101100110 j
b1110000111000101100110 n
b1110000111000101100110 /"
b11111111111000011101010010100011 7
b11111111111000011101010010100011 M
b11111111111000011101010010100011 b
b11111111111000011101010010100011 f
b11111111111000011101010010100011 0"
b10100 1"
b10100 5
b10100 x
b10100 ."
b10100 ""
b10010100 ?
b10010100 y
b10010100 ~
b10010100 %"
b10100 @
b10100 z
b10100 }
b10100 $"
b10100 9
b10100 !"
1'
#9180000
0'
#9185000
b1101111010111110000001 6
b1101111010111110000001 L
b1101111010111110000001 j
b1101111010111110000001 n
b1101111010111110000001 /"
b11111111111000000111010001011011 7
b11111111111000000111010001011011 M
b11111111111000000111010001011011 b
b11111111111000000111010001011011 f
b11111111111000000111010001011011 0"
b10101 1"
b10010101 ?
b10010101 y
b10010101 ~
b10010101 %"
b10101 @
b10101 z
b10101 }
b10101 $"
b10101 5
b10101 x
b10101 ."
b10101 ""
b10101 9
b10101 !"
1'
#9190000
0'
#9195000
b1101101110010100000111 6
b1101101110010100000111 L
b1101101110010100000111 j
b1101101110010100000111 n
b1101101110010100000111 /"
b11111111110111110001100011110001 7
b11111111110111110001100011110001 M
b11111111110111110001100011110001 b
b11111111110111110001100011110001 f
b11111111110111110001100011110001 0"
b10110 1"
b10110 5
b10110 x
b10110 ."
b10110 ""
b10010110 ?
b10010110 y
b10010110 ~
b10010110 %"
b10110 @
b10110 z
b10110 }
b10110 $"
b10110 9
b10110 !"
1'
#9200000
0'
#9205000
b1101100001001000010101 6
b1101100001001000010101 L
b1101100001001000010101 j
b1101100001001000010101 n
b1101100001001000010101 /"
b11111111110111011100001010011001 7
b11111111110111011100001010011001 M
b11111111110111011100001010011001 b
b11111111110111011100001010011001 f
b11111111110111011100001010011001 0"
b10111 1"
b10010111 ?
b10010111 y
b10010111 ~
b10010111 %"
b10111 @
b10111 z
b10111 }
b10111 $"
b10111 5
b10111 x
b10111 ."
b10111 ""
b10111 9
b10111 !"
1'
#9210000
0'
#9215000
b1101010011011011001100 6
b1101010011011011001100 L
b1101010011011011001100 j
b1101010011011011001100 n
b1101010011011011001100 /"
b11111111110111000111000110001010 7
b11111111110111000111000110001010 M
b11111111110111000111000110001010 b
b11111111110111000111000110001010 f
b11111111110111000111000110001010 0"
b11111111111111111111111111111101 J
b11111111111111111111111111111101 k
b11111111111111111111111111111101 u
b1 G
b1 ]
b1 c
b100 K
b100 W
b100 \
b100 o
b11 H
b11 ^
b11 g
b0 F
b0 Z
b0 s
b0 w
b11111111111111111111111111111101 I
b11111111111111111111111111111101 _
b11111111111111111111111111111101 v
b11000 1"
b1111111111111111111111111111111111111111011000000101101110011100 l
b11010101010101101100010 d
b11111111111111111111111111111101 :
b11111111111111111111111111111101 N
b11111111111111111111111111111101 e
b11111111111111111111111111111101 m
b11111111111111111111111111111101 *"
b110101001101101100110000 h
b1111111111111111111111111111111111111111011100011100011000101000 `
b100 ;
b100 O
b100 a
b100 i
b100 +"
b11001 A
b11001 R
b11001 r
b11001 )"
b11001 C
b11001 T
b11001 Y
b11001 '"
b11001 <
b11001 P
b11001 [
b11001 t
b11001 ,"
b11111111111111111111111111111111 B
b11111111111111111111111111111111 S
b11111111111111111111111111111111 p
b11111111111111111111111111111111 ("
b111 D
b111 U
b111 V
b111 &"
b11 =
b11 Q
b11 X
b11 q
b11 -"
b11000 5
b11000 x
b11000 ."
b11000 ""
b10011000 ?
b10011000 y
b10011000 ~
b10011000 %"
b11000 @
b11000 z
b11000 }
b11000 $"
b11000 9
b11000 !"
1'
#9220000
0'
#9225000
b1101000101001101001111 6
b1101000101001101001111 L
b1101000101001101001111 j
b1101000101001101001111 n
b1101000101001101001111 /"
b11111111110110110010010111110101 7
b11111111110110110010010111110101 M
b11111111110110110010010111110101 b
b11111111110110110010010111110101 f
b11111111110110110010010111110101 0"
b0 <
b0 P
b0 [
b0 t
b0 ,"
b11001 1"
b0 J
b0 k
b0 u
b0 G
b0 ]
b0 c
b0 K
b0 W
b0 \
b0 o
b0 H
b0 ^
b0 g
b0 A
b0 R
b0 r
b0 )"
b0 C
b0 T
b0 Y
b0 '"
b0 F
b0 Z
b0 s
b0 w
b0 I
b0 _
b0 v
b10011001 ?
b10011001 y
b10011001 ~
b10011001 %"
b11001 @
b11001 z
b11001 }
b11001 $"
b11001 5
b11001 x
b11001 ."
b11001 ""
b0 l
b0 d
b0 :
b0 N
b0 e
b0 m
b0 *"
b0 h
b0 `
b0 ;
b0 O
b0 a
b0 i
b0 +"
b0 B
b0 S
b0 p
b0 ("
b0 D
b0 U
b0 V
b0 &"
b0 =
b0 Q
b0 X
b0 q
b0 -"
b11001 9
b11001 !"
1'
#9230000
0'
#9235000
b1100110110011111000001 6
b1100110110011111000001 L
b1100110110011111000001 j
b1100110110011111000001 n
b1100110110011111000001 /"
b11111111110110011110000000010000 7
b11111111110110011110000000010000 M
b11111111110110011110000000010000 b
b11111111110110011110000000010000 f
b11111111110110011110000000010000 0"
b11010 1"
b11010 5
b11010 x
b11010 ."
b11010 ""
b10011010 ?
b10011010 y
b10011010 ~
b10011010 %"
b11010 @
b11010 z
b11010 }
b11010 $"
b11010 9
b11010 !"
1'
#9240000
0'
#9245000
b1100100111010001000101 6
b1100100111010001000101 L
b1100100111010001000101 j
b1100100111010001000101 n
b1100100111010001000101 /"
b11111111110110001010000000001100 7
b11111111110110001010000000001100 M
b11111111110110001010000000001100 b
b11111111110110001010000000001100 f
b11111111110110001010000000001100 0"
b11011 1"
b10011011 ?
b10011011 y
b10011011 ~
b10011011 %"
b11011 @
b11011 z
b11011 }
b11011 $"
b11011 5
b11011 x
b11011 ."
b11011 ""
b11011 9
b11011 !"
1'
#9250000
0'
#9255000
b1100010111100100000001 6
b1100010111100100000001 L
b1100010111100100000001 j
b1100010111100100000001 n
b1100010111100100000001 /"
b11111111110101110110011000011010 7
b11111111110101110110011000011010 M
b11111111110101110110011000011010 b
b11111111110101110110011000011010 f
b11111111110101110110011000011010 0"
b11100 1"
b11100 5
b11100 x
b11100 ."
b11100 ""
b10011100 ?
b10011100 y
b10011100 ~
b10011100 %"
b11100 @
b11100 z
b11100 }
b11100 $"
b11100 9
b11100 !"
1'
#9260000
0'
#9265000
b1100000111011000011100 6
b1100000111011000011100 L
b1100000111011000011100 j
b1100000111011000011100 n
b1100000111011000011100 /"
b11111111110101100011001001101011 7
b11111111110101100011001001101011 M
b11111111110101100011001001101011 b
b11111111110101100011001001101011 f
b11111111110101100011001001101011 0"
b11101 1"
b10011101 ?
b10011101 y
b10011101 ~
b10011101 %"
b11101 @
b11101 z
b11101 }
b11101 $"
b11101 5
b11101 x
b11101 ."
b11101 ""
b11101 9
b11101 !"
1'
#9270000
0'
#9275000
b1011110110101110111110 6
b1011110110101110111110 L
b1011110110101110111110 j
b1011110110101110111110 n
b1011110110101110111110 /"
b11111111110101010000010100101110 7
b11111111110101010000010100101110 M
b11111111110101010000010100101110 b
b11111111110101010000010100101110 f
b11111111110101010000010100101110 0"
b11110 1"
b11110 5
b11110 x
b11110 ."
b11110 ""
b10011110 ?
b10011110 y
b10011110 ~
b10011110 %"
b11110 @
b11110 z
b11110 }
b11110 $"
b11110 9
b11110 !"
1'
#9280000
0'
#9285000
b1011100101101000010000 6
b1011100101101000010000 L
b1011100101101000010000 j
b1011100101101000010000 n
b1011100101101000010000 /"
b11111111110100111101111010010001 7
b11111111110100111101111010010001 M
b11111111110100111101111010010001 b
b11111111110100111101111010010001 f
b11111111110100111101111010010001 0"
b11111 1"
b10011111 ?
b10011111 y
b10011111 ~
b10011111 %"
b11111 @
b11111 z
b11111 }
b11111 $"
b11111 5
b11111 x
b11111 ."
b11111 ""
b11111 9
b11111 !"
1'
#9290000
0'
#9295000
b1011010100000100111101 6
b1011010100000100111101 L
b1011010100000100111101 j
b1011010100000100111101 n
b1011010100000100111101 /"
b11111111110100101011111011000011 7
b11111111110100101011111011000011 M
b11111111110100101011111011000011 b
b11111111110100101011111011000011 f
b11111111110100101011111011000011 0"
b100000 1"
b100000 5
b100000 x
b100000 ."
b100000 ""
b10100000 ?
b10100000 y
b10100000 ~
b10100000 %"
b100000 @
b100000 z
b100000 }
b100000 $"
b100000 9
b100000 !"
1'
#9300000
0'
#9305000
b1011000010000101101111 6
b1011000010000101101111 L
b1011000010000101101111 j
b1011000010000101101111 n
b1011000010000101101111 /"
b11111111110100011010010111110000 7
b11111111110100011010010111110000 M
b11111111110100011010010111110000 b
b11111111110100011010010111110000 f
b11111111110100011010010111110000 0"
b100001 1"
b10100001 ?
b10100001 y
b10100001 ~
b10100001 %"
b100001 @
b100001 z
b100001 }
b100001 $"
b100001 5
b100001 x
b100001 ."
b100001 ""
b100001 9
b100001 !"
1'
#9310000
0'
#9315000
b1010101111101011010010 6
b1010101111101011010010 L
b1010101111101011010010 j
b1010101111101011010010 n
b1010101111101011010010 /"
b11111111110100001001010001000010 7
b11111111110100001001010001000010 M
b11111111110100001001010001000010 b
b11111111110100001001010001000010 f
b11111111110100001001010001000010 0"
b100010 1"
b100010 5
b100010 x
b100010 ."
b100010 ""
b10100010 ?
b10100010 y
b10100010 ~
b10100010 %"
b100010 @
b100010 z
b100010 }
b100010 $"
b100010 9
b100010 !"
1'
#9320000
0'
#9325000
b1010011100110110010101 6
b1010011100110110010101 L
b1010011100110110010101 j
b1010011100110110010101 n
b1010011100110110010101 /"
b11111111110011111000100111100100 7
b11111111110011111000100111100100 M
b11111111110011111000100111100100 b
b11111111110011111000100111100100 f
b11111111110011111000100111100100 0"
b100011 1"
b10100011 ?
b10100011 y
b10100011 ~
b10100011 %"
b100011 @
b100011 z
b100011 }
b100011 $"
b100011 5
b100011 x
b100011 ."
b100011 ""
b100011 9
b100011 !"
1'
#9330000
0'
#9335000
b1010001001100111100110 6
b1010001001100111100110 L
b1010001001100111100110 j
b1010001001100111100110 n
b1010001001100111100110 /"
b11111111110011101000011011111111 7
b11111111110011101000011011111111 M
b11111111110011101000011011111111 b
b11111111110011101000011011111111 f
b11111111110011101000011011111111 0"
b100100 1"
b100100 5
b100100 x
b100100 ."
b100100 ""
b10100100 ?
b10100100 y
b10100100 ~
b10100100 %"
b100100 @
b100100 z
b100100 }
b100100 $"
b100100 9
b100100 !"
1'
#9340000
0'
#9345000
b1001110101111111110100 6
b1001110101111111110100 L
b1001110101111111110100 j
b1001110101111111110100 n
b1001110101111111110100 /"
b11111111110011011000101110111011 7
b11111111110011011000101110111011 M
b11111111110011011000101110111011 b
b11111111110011011000101110111011 f
b11111111110011011000101110111011 0"
b100101 1"
b10100101 ?
b10100101 y
b10100101 ~
b10100101 %"
b100101 @
b100101 z
b100101 }
b100101 $"
b100101 5
b100101 x
b100101 ."
b100101 ""
b100101 9
b100101 !"
1'
#9350000
0'
#9355000
b1001100001111111110000 6
b1001100001111111110000 L
b1001100001111111110000 j
b1001100001111111110000 n
b1001100001111111110000 /"
b11111111110011001001100000111111 7
b11111111110011001001100000111111 M
b11111111110011001001100000111111 b
b11111111110011001001100000111111 f
b11111111110011001001100000111111 0"
b100110 1"
b100110 5
b100110 x
b100110 ."
b100110 ""
b10100110 ?
b10100110 y
b10100110 ~
b10100110 %"
b100110 @
b100110 z
b100110 }
b100110 $"
b100110 9
b100110 !"
1'
#9360000
0'
#9365000
b1001001101101000001011 6
b1001001101101000001011 L
b1001001101101000001011 j
b1001001101101000001011 n
b1001001101101000001011 /"
b11111111110010111010110010110001 7
b11111111110010111010110010110001 M
b11111111110010111010110010110001 b
b11111111110010111010110010110001 f
b11111111110010111010110010110001 0"
b100111 1"
b10100111 ?
b10100111 y
b10100111 ~
b10100111 %"
b100111 @
b100111 z
b100111 }
b100111 $"
b100111 5
b100111 x
b100111 ."
b100111 ""
b100111 9
b100111 !"
1'
#9370000
0'
#9375000
b1000111000111001110110 6
b1000111000111001110110 L
b1000111000111001110110 j
b1000111000111001110110 n
b1000111000111001110110 /"
b11111111110010101100100100110100 7
b11111111110010101100100100110100 M
b11111111110010101100100100110100 b
b11111111110010101100100100110100 f
b11111111110010101100100100110100 0"
b11111111111111111111111111111100 J
b11111111111111111111111111111100 k
b11111111111111111111111111111100 u
b101 G
b101 ]
b101 c
b11 K
b11 W
b11 \
b11 o
b11111111111111111111111111111110 H
b11111111111111111111111111111110 ^
b11111111111111111111111111111110 g
b11111111111111111111111111111011 F
b11111111111111111111111111111011 Z
b11111111111111111111111111111011 s
b11111111111111111111111111111011 w
b1 I
b1 _
b1 v
b101000 1"
b1111111111111111111111111111111111111111000001110001101011000110 l
b1011101000111111110010100 d
b11111111111111111111111111111001 :
b11111111111111111111111111111001 N
b11111111111111111111111111111001 e
b11111111111111111111111111111001 m
b11111111111111111111111111111001 *"
b1111111111111111111111111111111111111111101110001110001100010100 h
b11010100110110110011000 `
b11111111111111111111111111111110 ;
b11111111111111111111111111111110 O
b11111111111111111111111111111110 a
b11111111111111111111111111111110 i
b11111111111111111111111111111110 +"
b111 A
b111 R
b111 r
b111 )"
b11111111111111111111111111111101 C
b11111111111111111111111111111101 T
b11111111111111111111111111111101 Y
b11111111111111111111111111111101 '"
b10 <
b10 P
b10 [
b10 t
b10 ,"
b10 B
b10 S
b10 p
b10 ("
b1000 D
b1000 U
b1000 V
b1000 &"
b101 =
b101 Q
b101 X
b101 q
b101 -"
b101000 5
b101000 x
b101000 ."
b101000 ""
b10101000 ?
b10101000 y
b10101000 ~
b10101000 %"
b101000 @
b101000 z
b101000 }
b101000 $"
b101000 9
b101000 !"
1'
#9380000
0'
#9385000
b1000100011110101100111 6
b1000100011110101100111 L
b1000100011110101100111 j
b1000100011110101100111 n
b1000100011110101100111 /"
b11111111110010011110110111101011 7
b11111111110010011110110111101011 M
b11111111110010011110110111101011 b
b11111111110010011110110111101011 f
b11111111110010011110110111101011 0"
b101001 1"
b0 J
b0 k
b0 u
b0 G
b0 ]
b0 c
b0 K
b0 W
b0 \
b0 o
b0 H
b0 ^
b0 g
b0 F
b0 Z
b0 s
b0 w
b0 I
b0 _
b0 v
b10101001 ?
b10101001 y
b10101001 ~
b10101001 %"
b101001 @
b101001 z
b101001 }
b101001 $"
b101001 5
b101001 x
b101001 ."
b101001 ""
b0 l
b0 d
b0 :
b0 N
b0 e
b0 m
b0 *"
b0 h
b0 `
b0 ;
b0 O
b0 a
b0 i
b0 +"
b0 A
b0 R
b0 r
b0 )"
b0 C
b0 T
b0 Y
b0 '"
b0 <
b0 P
b0 [
b0 t
b0 ,"
b0 B
b0 S
b0 p
b0 ("
b0 D
b0 U
b0 V
b0 &"
b0 =
b0 Q
b0 X
b0 q
b0 -"
b101001 9
b101001 !"
1'
#9390000
0'
#9395000
b1000001110011100001111 6
b1000001110011100001111 L
b1000001110011100001111 j
b1000001110011100001111 n
b1000001110011100001111 /"
b11111111110010010001101011111001 7
b11111111110010010001101011111001 M
b11111111110010010001101011111001 b
b11111111110010010001101011111001 f
b11111111110010010001101011111001 0"
b101010 1"
b101010 5
b101010 x
b101010 ."
b101010 ""
b10101010 ?
b10101010 y
b10101010 ~
b10101010 %"
b101010 @
b101010 z
b101010 }
b101010 $"
b101010 9
b101010 !"
1'
#9400000
0'
#9405000
b111111000101110100101 6
b111111000101110100101 L
b111111000101110100101 j
b111111000101110100101 n
b111111000101110100101 /"
b11111111110010000101000001111111 7
b11111111110010000101000001111111 M
b11111111110010000101000001111111 b
b11111111110010000101000001111111 f
b11111111110010000101000001111111 0"
b101011 1"
b10101011 ?
b10101011 y
b10101011 ~
b10101011 %"
b101011 @
b101011 z
b101011 }
b101011 $"
b101011 5
b101011 x
b101011 ."
b101011 ""
b101011 9
b101011 !"
1'
#9410000
0'
#9415000
b111100010101101011101 6
b111100010101101011101 L
b111100010101101011101 j
b111100010101101011101 n
b111100010101101011101 /"
b11111111110001111000111010011010 7
b11111111110001111000111010011010 M
b11111111110001111000111010011010 b
b11111111110001111000111010011010 f
b11111111110001111000111010011010 0"
b101100 1"
b101100 5
b101100 x
b101100 ."
b101100 ""
b10101100 ?
b10101100 y
b10101100 ~
b10101100 %"
b101100 @
b101100 z
b101100 }
b101100 $"
b101100 9
b101100 !"
1'
#9420000
0'
#9425000
b111001100011001101111 6
b111001100011001101111 L
b111001100011001101111 j
b111001100011001101111 n
b111001100011001101111 /"
b11111111110001101101010101101010 7
b11111111110001101101010101101010 M
b11111111110001101101010101101010 b
b11111111110001101101010101101010 f
b11111111110001101101010101101010 0"
b101101 1"
b10101101 ?
b10101101 y
b10101101 ~
b10101101 %"
b101101 @
b101101 z
b101101 }
b101101 $"
b101101 5
b101101 x
b101101 ."
b101101 ""
b101101 9
b101101 !"
1'
#9430000
0'
#9435000
b110110101110100010000 6
b110110101110100010000 L
b110110101110100010000 j
b110110101110100010000 n
b110110101110100010000 /"
b11111111110001100010010100001010 7
b11111111110001100010010100001010 M
b11111111110001100010010100001010 b
b11111111110001100010010100001010 f
b11111111110001100010010100001010 0"
b101110 1"
b101110 5
b101110 x
b101110 ."
b101110 ""
b10101110 ?
b10101110 y
b10101110 ~
b10101110 %"
b101110 @
b101110 z
b101110 }
b101110 $"
b101110 9
b101110 !"
1'
#9440000
0'
#9445000
b110011110111101111001 6
b110011110111101111001 L
b110011110111101111001 j
b110011110111101111001 n
b110011110111101111001 /"
b11111111110001010111110110010110 7
b11111111110001010111110110010110 M
b11111111110001010111110110010110 b
b11111111110001010111110110010110 f
b11111111110001010111110110010110 0"
b101111 1"
b10101111 ?
b10101111 y
b10101111 ~
b10101111 %"
b101111 @
b101111 z
b101111 }
b101111 $"
b101111 5
b101111 x
b101111 ."
b101111 ""
b101111 9
b101111 !"
1'
#9450000
0'
#9455000
b110000111110111100011 6
b110000111110111100011 L
b110000111110111100011 j
b110000111110111100011 n
b110000111110111100011 /"
b11111111110001001101111100101000 7
b11111111110001001101111100101000 M
b11111111110001001101111100101000 b
b11111111110001001101111100101000 f
b11111111110001001101111100101000 0"
b110000 1"
b110000 5
b110000 x
b110000 ."
b110000 ""
b10110000 ?
b10110000 y
b10110000 ~
b10110000 %"
b110000 @
b110000 z
b110000 }
b110000 $"
b110000 9
b110000 !"
1'
#9460000
0'
#9465000
b101110000100010000101 6
b101110000100010000101 L
b101110000100010000101 j
b101110000100010000101 n
b101110000100010000101 /"
b11111111110001000100100111011001 7
b11111111110001000100100111011001 M
b11111111110001000100100111011001 b
b11111111110001000100100111011001 f
b11111111110001000100100111011001 0"
b110001 1"
b10110001 ?
b10110001 y
b10110001 ~
b10110001 %"
b110001 @
b110001 z
b110001 }
b110001 $"
b110001 5
b110001 x
b110001 ."
b110001 ""
b110001 9
b110001 !"
1'
#9470000
0'
#9475000
b101011000111110011010 6
b101011000111110011010 L
b101011000111110011010 j
b101011000111110011010 n
b101011000111110011010 /"
b11111111110000111011110110111110 7
b11111111110000111011110110111110 M
b11111111110000111011110110111110 b
b11111111110000111011110110111110 f
b11111111110000111011110110111110 0"
b110010 1"
b110010 5
b110010 x
b110010 ."
b110010 ""
b10110010 ?
b10110010 y
b10110010 ~
b10110010 %"
b110010 @
b110010 z
b110010 }
b110010 $"
b110010 9
b110010 !"
1'
#9480000
0'
#9485000
b101000001001101011101 6
b101000001001101011101 L
b101000001001101011101 j
b101000001001101011101 n
b101000001001101011101 /"
b11111111110000110011101011101110 7
b11111111110000110011101011101110 M
b11111111110000110011101011101110 b
b11111111110000110011101011101110 f
b11111111110000110011101011101110 0"
b110011 1"
b10110011 ?
b10110011 y
b10110011 ~
b10110011 %"
b110011 @
b110011 z
b110011 }
b110011 $"
b110011 5
b110011 x
b110011 ."
b110011 ""
b110011 9
b110011 !"
1'
#9490000
0'
#9495000
b100101001010000000110 6
b100101001010000000110 L
b100101001010000000110 j
b100101001010000000110 n
b100101001010000000110 /"
b11111111110000101100000101111101 7
b11111111110000101100000101111101 M
b11111111110000101100000101111101 b
b11111111110000101100000101111101 f
b11111111110000101100000101111101 0"
b110100 1"
b110100 5
b110100 x
b110100 ."
b110100 ""
b10110100 ?
b10110100 y
b10110100 ~
b10110100 %"
b110100 @
b110100 z
b110100 }
b110100 $"
b110100 9
b110100 !"
1'
#9500000
0'
#9505000
b100010001000111010010 6
b100010001000111010010 L
b100010001000111010010 j
b100010001000111010010 n
b100010001000111010010 /"
b11111111110000100101000101111110 7
b11111111110000100101000101111110 M
b11111111110000100101000101111110 b
b11111111110000100101000101111110 f
b11111111110000100101000101111110 0"
b110101 1"
b10110101 ?
b10110101 y
b10110101 ~
b10110101 %"
b110101 @
b110101 z
b110101 }
b110101 $"
b110101 5
b110101 x
b110101 ."
b110101 ""
b110101 9
b110101 !"
1'
#9510000
0'
#9515000
b11111000110011111101 6
b11111000110011111101 L
b11111000110011111101 j
b11111000110011111101 n
b11111000110011111101 /"
b11111111110000011110101100000010 7
b11111111110000011110101100000010 M
b11111111110000011110101100000010 b
b11111111110000011110101100000010 f
b11111111110000011110101100000010 0"
b110110 1"
b110110 5
b110110 x
b110110 ."
b110110 ""
b10110110 ?
b10110110 y
b10110110 ~
b10110110 %"
b110110 @
b110110 z
b110110 }
b110110 $"
b110110 9
b110110 !"
1'
#9520000
0'
#9525000
b11100000010111000001 6
b11100000010111000001 L
b11100000010111000001 j
b11100000010111000001 n
b11100000010111000001 /"
b11111111110000011000111000011001 7
b11111111110000011000111000011001 M
b11111111110000011000111000011001 b
b11111111110000011000111000011001 f
b11111111110000011000111000011001 0"
b110111 1"
b10110111 ?
b10110111 y
b10110111 ~
b10110111 %"
b110111 @
b110111 z
b110111 }
b110111 $"
b110111 5
b110111 x
b110111 ."
b110111 ""
b110111 9
b110111 !"
1'
#9530000
0'
#9535000
b11000111110001011100 6
b11000111110001011100 L
b11000111110001011100 j
b11000111110001011100 n
b11000111110001011100 /"
b11111111110000010011101011010000 7
b11111111110000010011101011010000 M
b11111111110000010011101011010000 b
b11111111110000010011101011010000 f
b11111111110000010011101011010000 0"
b11111111111111111111111111111100 J
b11111111111111111111111111111100 k
b11111111111111111111111111111100 u
b10001 G
b10001 ]
b10001 c
b1111 K
b1111 W
b1111 \
b1111 o
b11111111111111111111111111111110 H
b11111111111111111111111111111110 ^
b11111111111111111111111111111110 g
b11111111111111111111111111110100 F
b11111111111111111111111111110100 Z
b11111111111111111111111111110100 s
b11111111111111111111111111110100 w
b1000 I
b1000 _
b1000 v
b111000 1"
b1111111111111111111111111111111111111111000111110100000110001000 l
b100011010011101110101100000 d
b11111111111111111111111111101110 :
b11111111111111111111111111101110 N
b11111111111111111111111111101110 e
b11111111111111111111111111101110 m
b11111111111111111111111111101110 *"
b1111111111111111111111111111111111111111100011111010000011000100 h
b10001101001110111010110000 `
b11111111111111111111111111110111 ;
b11111111111111111111111111110111 O
b11111111111111111111111111110111 a
b11111111111111111111111111110111 i
b11111111111111111111111111110111 +"
b101 A
b101 R
b101 r
b101 )"
b11111111111111111111111111101101 C
b11111111111111111111111111101101 T
b11111111111111111111111111101101 Y
b11111111111111111111111111101101 '"
b11111111111111111111111111111001 <
b11111111111111111111111111111001 P
b11111111111111111111111111111001 [
b11111111111111111111111111111001 t
b11111111111111111111111111111001 ,"
b11111111111111111111111111101011 B
b11111111111111111111111111101011 S
b11111111111111111111111111101011 p
b11111111111111111111111111101011 ("
b1001 D
b1001 U
b1001 V
b1001 &"
b11111111111111111111111111111010 =
b11111111111111111111111111111010 Q
b11111111111111111111111111111010 X
b11111111111111111111111111111010 q
b11111111111111111111111111111010 -"
b111000 5
b111000 x
b111000 ."
b111000 ""
b10111000 ?
b10111000 y
b10111000 ~
b10111000 %"
b111000 @
b111000 z
b111000 }
b111000 $"
b111000 9
b111000 !"
1'
#9540000
0'
#9545000
b10101111000100001010 6
b10101111000100001010 L
b10101111000100001010 j
b10101111000100001010 n
b10101111000100001010 /"
b11111111110000001111000100110110 7
b11111111110000001111000100110110 M
b11111111110000001111000100110110 b
b11111111110000001111000100110110 f
b11111111110000001111000100110110 0"
b111001 1"
b0 J
b0 k
b0 u
b0 G
b0 ]
b0 c
b0 K
b0 W
b0 \
b0 o
b0 H
b0 ^
b0 g
b0 F
b0 Z
b0 s
b0 w
b0 I
b0 _
b0 v
b10111001 ?
b10111001 y
b10111001 ~
b10111001 %"
b111001 @
b111001 z
b111001 }
b111001 $"
b111001 5
b111001 x
b111001 ."
b111001 ""
b0 l
b0 d
b0 :
b0 N
b0 e
b0 m
b0 *"
b0 h
b0 `
b0 ;
b0 O
b0 a
b0 i
b0 +"
b0 A
b0 R
b0 r
b0 )"
b0 C
b0 T
b0 Y
b0 '"
b0 <
b0 P
b0 [
b0 t
b0 ,"
b0 B
b0 S
b0 p
b0 ("
b0 D
b0 U
b0 V
b0 &"
b0 =
b0 Q
b0 X
b0 q
b0 -"
b111001 9
b111001 !"
1'
#9550000
0'
#9555000
b10010110010000001000 6
b10010110010000001000 L
b10010110010000001000 j
b10010110010000001000 n
b10010110010000001000 /"
b11111111110000001011000101010101 7
b11111111110000001011000101010101 M
b11111111110000001011000101010101 b
b11111111110000001011000101010101 f
b11111111110000001011000101010101 0"
b111010 1"
b111010 5
b111010 x
b111010 ."
b111010 ""
b10111010 ?
b10111010 y
b10111010 ~
b10111010 %"
b111010 @
b111010 z
b111010 }
b111010 $"
b111010 9
b111010 !"
1'
#9560000
0'
#9565000
b1111101010110010100 6
b1111101010110010100 L
b1111101010110010100 j
b1111101010110010100 n
b1111101010110010100 /"
b11111111110000000111101100110111 7
b11111111110000000111101100110111 M
b11111111110000000111101100110111 b
b11111111110000000111101100110111 f
b11111111110000000111101100110111 0"
b111011 1"
b10111011 ?
b10111011 y
b10111011 ~
b10111011 %"
b111011 @
b111011 z
b111011 }
b111011 $"
b111011 5
b111011 x
b111011 ."
b111011 ""
b111011 9
b111011 !"
1'
#9570000
0'
#9575000
b1100100010111101010 6
b1100100010111101010 L
b1100100010111101010 j
b1100100010111101010 n
b1100100010111101010 /"
b11111111110000000100111011100101 7
b11111111110000000100111011100101 M
b11111111110000000100111011100101 b
b11111111110000000100111011100101 f
b11111111110000000100111011100101 0"
b111100 1"
b111100 5
b111100 x
b111100 ."
b111100 ""
b10111100 ?
b10111100 y
b10111100 ~
b10111100 %"
b111100 @
b111100 z
b111100 }
b111100 $"
b111100 9
b111100 !"
1'
#9580000
0'
#9585000
b1001011010101001000 6
b1001011010101001000 L
b1001011010101001000 j
b1001011010101001000 n
b1001011010101001000 /"
b11111111110000000010110001100101 7
b11111111110000000010110001100101 M
b11111111110000000010110001100101 b
b11111111110000000010110001100101 f
b11111111110000000010110001100101 0"
b111101 1"
b10111101 ?
b10111101 y
b10111101 ~
b10111101 %"
b111101 @
b111101 z
b111101 }
b111101 $"
b111101 5
b111101 x
b111101 ."
b111101 ""
b111101 9
b111101 !"
1'
#9590000
0'
#9595000
b110010001111101101 6
b110010001111101101 L
b110010001111101101 j
b110010001111101101 n
b110010001111101101 /"
b11111111110000000001001110111100 7
b11111111110000000001001110111100 M
b11111111110000000001001110111100 b
b11111111110000000001001110111100 f
b11111111110000000001001110111100 0"
b111110 1"
b111110 5
b111110 x
b111110 ."
b111110 ""
b10111110 ?
b10111110 y
b10111110 ~
b10111110 %"
b111110 @
b111110 z
b111110 }
b111110 $"
b111110 9
b111110 !"
1'
#9600000
0'
#9605000
b11001001000010101 6
b11001001000010101 L
b11001001000010101 j
b11001001000010101 n
b11001001000010101 /"
b11111111110000000000010011101111 7
b11111111110000000000010011101111 M
b11111111110000000000010011101111 b
b11111111110000000000010011101111 f
b11111111110000000000010011101111 0"
b111111 1"
b10111111 ?
b10111111 y
b10111111 ~
b10111111 %"
b111111 @
b111111 z
b111111 }
b111111 $"
b111111 5
b111111 x
b111111 ."
b111111 ""
b111111 9
b111111 !"
1'
#9610000
0'
#9615000
b0 6
b0 L
b0 j
b0 n
b0 /"
b11111111110000000000000000000000 7
b11111111110000000000000000000000 M
b11111111110000000000000000000000 b
b11111111110000000000000000000000 f
b11111111110000000000000000000000 0"
b1000000 1"
b1000000 5
b1000000 x
b1000000 ."
b1000000 ""
b11000000 ?
b11000000 y
b11000000 ~
b11000000 %"
b1000000 @
b1000000 z
b1000000 }
b1000000 $"
b1000000 9
b1000000 !"
1'
#9620000
0'
#9625000
b11111111111111100110110111101011 6
b11111111111111100110110111101011 L
b11111111111111100110110111101011 j
b11111111111111100110110111101011 n
b11111111111111100110110111101011 /"
b11111111110000000000010011101111 7
b11111111110000000000010011101111 M
b11111111110000000000010011101111 b
b11111111110000000000010011101111 f
b11111111110000000000010011101111 0"
b1000001 1"
b11000001 ?
b11000001 y
b11000001 ~
b11000001 %"
b1000001 @
b1000001 z
b1000001 }
b1000001 $"
b1000001 5
b1000001 x
b1000001 ."
b1000001 ""
b1000001 9
b1000001 !"
1'
#9630000
0'
#9635000
b11111111111111001101110000010011 6
b11111111111111001101110000010011 L
b11111111111111001101110000010011 j
b11111111111111001101110000010011 n
b11111111111111001101110000010011 /"
b11111111110000000001001110111100 7
b11111111110000000001001110111100 M
b11111111110000000001001110111100 b
b11111111110000000001001110111100 f
b11111111110000000001001110111100 0"
b1000010 1"
b1000010 5
b1000010 x
b1000010 ."
b1000010 ""
b11000010 ?
b11000010 y
b11000010 ~
b11000010 %"
b1000010 @
b1000010 z
b1000010 }
b1000010 $"
b1000010 9
b1000010 !"
1'
#9640000
0'
#9645000
b11111111111110110100101010111000 6
b11111111111110110100101010111000 L
b11111111111110110100101010111000 j
b11111111111110110100101010111000 n
b11111111111110110100101010111000 /"
b11111111110000000010110001100101 7
b11111111110000000010110001100101 M
b11111111110000000010110001100101 b
b11111111110000000010110001100101 f
b11111111110000000010110001100101 0"
b1000011 1"
b11000011 ?
b11000011 y
b11000011 ~
b11000011 %"
b1000011 @
b1000011 z
b1000011 }
b1000011 $"
b1000011 5
b1000011 x
b1000011 ."
b1000011 ""
b1000011 9
b1000011 !"
1'
#9650000
0'
#9655000
b11111111111110011011101000010110 6
b11111111111110011011101000010110 L
b11111111111110011011101000010110 j
b11111111111110011011101000010110 n
b11111111111110011011101000010110 /"
b11111111110000000100111011100101 7
b11111111110000000100111011100101 M
b11111111110000000100111011100101 b
b11111111110000000100111011100101 f
b11111111110000000100111011100101 0"
b1000100 1"
b1000100 5
b1000100 x
b1000100 ."
b1000100 ""
b11000100 ?
b11000100 y
b11000100 ~
b11000100 %"
b1000100 @
b1000100 z
b1000100 }
b1000100 $"
b1000100 9
b1000100 !"
1'
#9660000
0'
#9665000
b11111111111110000010101001101100 6
b11111111111110000010101001101100 L
b11111111111110000010101001101100 j
b11111111111110000010101001101100 n
b11111111111110000010101001101100 /"
b11111111110000000111101100110111 7
b11111111110000000111101100110111 M
b11111111110000000111101100110111 b
b11111111110000000111101100110111 f
b11111111110000000111101100110111 0"
b1000101 1"
b11000101 ?
b11000101 y
b11000101 ~
b11000101 %"
b1000101 @
b1000101 z
b1000101 }
b1000101 $"
b1000101 5
b1000101 x
b1000101 ."
b1000101 ""
b1000101 9
b1000101 !"
1'
#9670000
0'
#9675000
b11111111111101101001101111111000 6
b11111111111101101001101111111000 L
b11111111111101101001101111111000 j
b11111111111101101001101111111000 n
b11111111111101101001101111111000 /"
b11111111110000001011000101010101 7
b11111111110000001011000101010101 M
b11111111110000001011000101010101 b
b11111111110000001011000101010101 f
b11111111110000001011000101010101 0"
b1000110 1"
b1000110 5
b1000110 x
b1000110 ."
b1000110 ""
b11000110 ?
b11000110 y
b11000110 ~
b11000110 %"
b1000110 @
b1000110 z
b1000110 }
b1000110 $"
b1000110 9
b1000110 !"
1'
#9680000
0'
#9685000
b11111111111101010000111011110110 6
b11111111111101010000111011110110 L
b11111111111101010000111011110110 j
b11111111111101010000111011110110 n
b11111111111101010000111011110110 /"
b11111111110000001111000100110110 7
b11111111110000001111000100110110 M
b11111111110000001111000100110110 b
b11111111110000001111000100110110 f
b11111111110000001111000100110110 0"
b1000111 1"
b11000111 ?
b11000111 y
b11000111 ~
b11000111 %"
b1000111 @
b1000111 z
b1000111 }
b1000111 $"
b1000111 5
b1000111 x
b1000111 ."
b1000111 ""
b1000111 9
b1000111 !"
1'
#9690000
0'
#9695000
b11111111111100111000001110100100 6
b11111111111100111000001110100100 L
b11111111111100111000001110100100 j
b11111111111100111000001110100100 n
b11111111111100111000001110100100 /"
b11111111110000010011101011010000 7
b11111111110000010011101011010000 M
b11111111110000010011101011010000 b
b11111111110000010011101011010000 f
b11111111110000010011101011010000 0"
b11 J
b11 k
b11 u
b10001 G
b10001 ]
b10001 c
b1111 K
b1111 W
b1111 \
b1111 o
b11111111111111111111111111111110 H
b11111111111111111111111111111110 ^
b11111111111111111111111111111110 g
b1100 F
b1100 Z
b1100 s
b1100 w
b11111111111111111111111111110111 I
b11111111111111111111111111110111 _
b11111111111111111111111111110111 v
b1001000 1"
b111000001011111001111000 l
b100011010011101110101100000 d
b11111111111111111111111111101110 :
b11111111111111111111111111101110 N
b11111111111111111111111111101110 e
b11111111111111111111111111101110 m
b11111111111111111111111111101110 *"
b1111111111111111111111111111111111111111100011111010000011000100 h
b1111111111111111111111111111111111111101110010110001000101010000 `
b1001 ;
b1001 O
b1001 a
b1001 i
b1001 +"
b11111111111111111111111111101101 A
b11111111111111111111111111101101 R
b11111111111111111111111111101101 r
b11111111111111111111111111101101 )"
b101 C
b101 T
b101 Y
b101 '"
b11111111111111111111111111111001 <
b11111111111111111111111111111001 P
b11111111111111111111111111111001 [
b11111111111111111111111111111001 t
b11111111111111111111111111111001 ,"
b11111111111111111111111111110111 B
b11111111111111111111111111110111 S
b11111111111111111111111111110111 p
b11111111111111111111111111110111 ("
b10101 D
b10101 U
b10101 V
b10101 &"
b110 =
b110 Q
b110 X
b110 q
b110 -"
b1001000 5
b1001000 x
b1001000 ."
b1001000 ""
b11001000 ?
b11001000 y
b11001000 ~
b11001000 %"
b1001000 @
b1001000 z
b1001000 }
b1001000 $"
b1001000 9
b1001000 !"
1'
#9700000
0'
#9705000
b0 J
b0 k
b0 u
b11111111111100011111101000111111 6
b11111111111100011111101000111111 L
b11111111111100011111101000111111 j
b11111111111100011111101000111111 n
b11111111111100011111101000111111 /"
b11111111110000011000111000011001 7
b11111111110000011000111000011001 M
b11111111110000011000111000011001 b
b11111111110000011000111000011001 f
b11111111110000011000111000011001 0"
b1001001 1"
b0 G
b0 ]
b0 c
b0 K
b0 W
b0 \
b0 o
b0 H
b0 ^
b0 g
b0 F
b0 Z
b0 s
b0 w
b0 I
b0 _
b0 v
b11001001 ?
b11001001 y
b11001001 ~
b11001001 %"
b1001001 @
b1001001 z
b1001001 }
b1001001 $"
b1001001 5
b1001001 x
b1001001 ."
b1001001 ""
b0 l
b0 d
b0 :
b0 N
b0 e
b0 m
b0 *"
b0 h
b0 `
b0 ;
b0 O
b0 a
b0 i
b0 +"
b0 A
b0 R
b0 r
b0 )"
b0 C
b0 T
b0 Y
b0 '"
b0 <
b0 P
b0 [
b0 t
b0 ,"
b0 B
b0 S
b0 p
b0 ("
b0 D
b0 U
b0 V
b0 &"
b0 =
b0 Q
b0 X
b0 q
b0 -"
b1001001 9
b1001001 !"
1'
#9710000
0'
#9715000
b11111111111100000111001100000011 6
b11111111111100000111001100000011 L
b11111111111100000111001100000011 j
b11111111111100000111001100000011 n
b11111111111100000111001100000011 /"
b11111111110000011110101100000010 7
b11111111110000011110101100000010 M
b11111111110000011110101100000010 b
b11111111110000011110101100000010 f
b11111111110000011110101100000010 0"
b1001010 1"
b1001010 5
b1001010 x
b1001010 ."
b1001010 ""
b11001010 ?
b11001010 y
b11001010 ~
b11001010 %"
b1001010 @
b1001010 z
b1001010 }
b1001010 $"
b1001010 9
b1001010 !"
1'
#9720000
0'
#9725000
b11111111111011101110111000101110 6
b11111111111011101110111000101110 L
b11111111111011101110111000101110 j
b11111111111011101110111000101110 n
b11111111111011101110111000101110 /"
b11111111110000100101000101111110 7
b11111111110000100101000101111110 M
b11111111110000100101000101111110 b
b11111111110000100101000101111110 f
b11111111110000100101000101111110 0"
b1001011 1"
b11001011 ?
b11001011 y
b11001011 ~
b11001011 %"
b1001011 @
b1001011 z
b1001011 }
b1001011 $"
b1001011 5
b1001011 x
b1001011 ."
b1001011 ""
b1001011 9
b1001011 !"
1'
#9730000
0'
#9735000
b11111111111011010110101111111010 6
b11111111111011010110101111111010 L
b11111111111011010110101111111010 j
b11111111111011010110101111111010 n
b11111111111011010110101111111010 /"
b11111111110000101100000101111101 7
b11111111110000101100000101111101 M
b11111111110000101100000101111101 b
b11111111110000101100000101111101 f
b11111111110000101100000101111101 0"
b1001100 1"
b1001100 5
b1001100 x
b1001100 ."
b1001100 ""
b11001100 ?
b11001100 y
b11001100 ~
b11001100 %"
b1001100 @
b1001100 z
b1001100 }
b1001100 $"
b1001100 9
b1001100 !"
1'
#9740000
0'
#9745000
b11111111111010111110110010100011 6
b11111111111010111110110010100011 L
b11111111111010111110110010100011 j
b11111111111010111110110010100011 n
b11111111111010111110110010100011 /"
b11111111110000110011101011101110 7
b11111111110000110011101011101110 M
b11111111110000110011101011101110 b
b11111111110000110011101011101110 f
b11111111110000110011101011101110 0"
b1001101 1"
b11001101 ?
b11001101 y
b11001101 ~
b11001101 %"
b1001101 @
b1001101 z
b1001101 }
b1001101 $"
b1001101 5
b1001101 x
b1001101 ."
b1001101 ""
b1001101 9
b1001101 !"
1'
#9750000
0'
#9755000
b11111111111010100111000001100110 6
b11111111111010100111000001100110 L
b11111111111010100111000001100110 j
b11111111111010100111000001100110 n
b11111111111010100111000001100110 /"
b11111111110000111011110110111110 7
b11111111110000111011110110111110 M
b11111111110000111011110110111110 b
b11111111110000111011110110111110 f
b11111111110000111011110110111110 0"
b1001110 1"
b1001110 5
b1001110 x
b1001110 ."
b1001110 ""
b11001110 ?
b11001110 y
b11001110 ~
b11001110 %"
b1001110 @
b1001110 z
b1001110 }
b1001110 $"
b1001110 9
b1001110 !"
1'
#9760000
0'
#9765000
b11111111111010001111011101111011 6
b11111111111010001111011101111011 L
b11111111111010001111011101111011 j
b11111111111010001111011101111011 n
b11111111111010001111011101111011 /"
b11111111110001000100100111011001 7
b11111111110001000100100111011001 M
b11111111110001000100100111011001 b
b11111111110001000100100111011001 f
b11111111110001000100100111011001 0"
b1001111 1"
b11001111 ?
b11001111 y
b11001111 ~
b11001111 %"
b1001111 @
b1001111 z
b1001111 }
b1001111 $"
b1001111 5
b1001111 x
b1001111 ."
b1001111 ""
b1001111 9
b1001111 !"
1'
#9770000
0'
#9775000
b11111111111001111000001000011101 6
b11111111111001111000001000011101 L
b11111111111001111000001000011101 j
b11111111111001111000001000011101 n
b11111111111001111000001000011101 /"
b11111111110001001101111100101000 7
b11111111110001001101111100101000 M
b11111111110001001101111100101000 b
b11111111110001001101111100101000 f
b11111111110001001101111100101000 0"
b1010000 1"
b1010000 5
b1010000 x
b1010000 ."
b1010000 ""
b11010000 ?
b11010000 y
b11010000 ~
b11010000 %"
b1010000 @
b1010000 z
b1010000 }
b1010000 $"
b1010000 9
b1010000 !"
1'
#9780000
0'
#9785000
b11111111111001100001000010000111 6
b11111111111001100001000010000111 L
b11111111111001100001000010000111 j
b11111111111001100001000010000111 n
b11111111111001100001000010000111 /"
b11111111110001010111110110010110 7
b11111111110001010111110110010110 M
b11111111110001010111110110010110 b
b11111111110001010111110110010110 f
b11111111110001010111110110010110 0"
b1010001 1"
b11010001 ?
b11010001 y
b11010001 ~
b11010001 %"
b1010001 @
b1010001 z
b1010001 }
b1010001 $"
b1010001 5
b1010001 x
b1010001 ."
b1010001 ""
b1010001 9
b1010001 !"
1'
#9790000
0'
#9795000
b11111111111001001010001011110000 6
b11111111111001001010001011110000 L
b11111111111001001010001011110000 j
b11111111111001001010001011110000 n
b11111111111001001010001011110000 /"
b11111111110001100010010100001010 7
b11111111110001100010010100001010 M
b11111111110001100010010100001010 b
b11111111110001100010010100001010 f
b11111111110001100010010100001010 0"
b1010010 1"
b1010010 5
b1010010 x
b1010010 ."
b1010010 ""
b11010010 ?
b11010010 y
b11010010 ~
b11010010 %"
b1010010 @
b1010010 z
b1010010 }
b1010010 $"
b1010010 9
b1010010 !"
1'
#9800000
0'
#9805000
b11111111111000110011100110010001 6
b11111111111000110011100110010001 L
b11111111111000110011100110010001 j
b11111111111000110011100110010001 n
b11111111111000110011100110010001 /"
b11111111110001101101010101101010 7
b11111111110001101101010101101010 M
b11111111110001101101010101101010 b
b11111111110001101101010101101010 f
b11111111110001101101010101101010 0"
b1010011 1"
b11010011 ?
b11010011 y
b11010011 ~
b11010011 %"
b1010011 @
b1010011 z
b1010011 }
b1010011 $"
b1010011 5
b1010011 x
b1010011 ."
b1010011 ""
b1010011 9
b1010011 !"
1'
#9810000
0'
#9815000
b11111111111000011101010010100011 6
b11111111111000011101010010100011 L
b11111111111000011101010010100011 j
b11111111111000011101010010100011 n
b11111111111000011101010010100011 /"
b11111111110001111000111010011010 7
b11111111110001111000111010011010 M
b11111111110001111000111010011010 b
b11111111110001111000111010011010 f
b11111111110001111000111010011010 0"
b1010100 1"
b1010100 5
b1010100 x
b1010100 ."
b1010100 ""
b11010100 ?
b11010100 y
b11010100 ~
b11010100 %"
b1010100 @
b1010100 z
b1010100 }
b1010100 $"
b1010100 9
b1010100 !"
1'
#9820000
0'
#9825000
b11111111111000000111010001011011 6
b11111111111000000111010001011011 L
b11111111111000000111010001011011 j
b11111111111000000111010001011011 n
b11111111111000000111010001011011 /"
b11111111110010000101000001111111 7
b11111111110010000101000001111111 M
b11111111110010000101000001111111 b
b11111111110010000101000001111111 f
b11111111110010000101000001111111 0"
b1010101 1"
b11010101 ?
b11010101 y
b11010101 ~
b11010101 %"
b1010101 @
b1010101 z
b1010101 }
b1010101 $"
b1010101 5
b1010101 x
b1010101 ."
b1010101 ""
b1010101 9
b1010101 !"
1'
#9830000
0'
#9835000
b11111111110111110001100011110001 6
b11111111110111110001100011110001 L
b11111111110111110001100011110001 j
b11111111110111110001100011110001 n
b11111111110111110001100011110001 /"
b11111111110010010001101011111001 7
b11111111110010010001101011111001 M
b11111111110010010001101011111001 b
b11111111110010010001101011111001 f
b11111111110010010001101011111001 0"
b1010110 1"
b1010110 5
b1010110 x
b1010110 ."
b1010110 ""
b11010110 ?
b11010110 y
b11010110 ~
b11010110 %"
b1010110 @
b1010110 z
b1010110 }
b1010110 $"
b1010110 9
b1010110 !"
1'
#9840000
0'
#9845000
b11111111110111011100001010011001 6
b11111111110111011100001010011001 L
b11111111110111011100001010011001 j
b11111111110111011100001010011001 n
b11111111110111011100001010011001 /"
b11111111110010011110110111101011 7
b11111111110010011110110111101011 M
b11111111110010011110110111101011 b
b11111111110010011110110111101011 f
b11111111110010011110110111101011 0"
b1010111 1"
b11010111 ?
b11010111 y
b11010111 ~
b11010111 %"
b1010111 @
b1010111 z
b1010111 }
b1010111 $"
b1010111 5
b1010111 x
b1010111 ."
b1010111 ""
b1010111 9
b1010111 !"
1'
#9850000
0'
#9855000
b11111111110111000111000110001010 6
b11111111110111000111000110001010 L
b11111111110111000111000110001010 j
b11111111110111000111000110001010 n
b11111111110111000111000110001010 /"
b11111111110010101100100100110100 7
b11111111110010101100100100110100 M
b11111111110010101100100100110100 b
b11111111110010101100100100110100 f
b11111111110010101100100100110100 0"
b11 J
b11 k
b11 u
b101 G
b101 ]
b101 c
b11 K
b11 W
b11 \
b11 o
b11111111111111111111111111111110 H
b11111111111111111111111111111110 ^
b11111111111111111111111111111110 g
b101 F
b101 Z
b101 s
b101 w
b11111111111111111111111111111110 I
b11111111111111111111111111111110 _
b11111111111111111111111111111110 v
b1011000 1"
b111110001110010100111010 l
b1011101000111111110010100 d
b11111111111111111111111111111001 :
b11111111111111111111111111111001 N
b11111111111111111111111111111001 e
b11111111111111111111111111111001 m
b11111111111111111111111111111001 *"
b1111111111111111111111111111111111111111101110001110001100010100 h
b1111111111111111111111111111111111111111100101011001001001101000 `
b10 ;
b10 O
b10 a
b10 i
b10 +"
b11111111111111111111111111111100 A
b11111111111111111111111111111100 R
b11111111111111111111111111111100 r
b11111111111111111111111111111100 )"
b110 C
b110 T
b110 Y
b110 '"
b1 <
b1 P
b1 [
b1 t
b1 ,"
b11111111111111111111111111111000 B
b11111111111111111111111111111000 S
b11111111111111111111111111111000 p
b11111111111111111111111111111000 ("
b11111111111111111111111111111110 D
b11111111111111111111111111111110 U
b11111111111111111111111111111110 V
b11111111111111111111111111111110 &"
b11111111111111111111111111111011 =
b11111111111111111111111111111011 Q
b11111111111111111111111111111011 X
b11111111111111111111111111111011 q
b11111111111111111111111111111011 -"
b1011000 5
b1011000 x
b1011000 ."
b1011000 ""
b11011000 ?
b11011000 y
b11011000 ~
b11011000 %"
b1011000 @
b1011000 z
b1011000 }
b1011000 $"
b1011000 9
b1011000 !"
1'
#9860000
0'
#9865000
b11111111110110110010010111110101 6
b11111111110110110010010111110101 L
b11111111110110110010010111110101 j
b11111111110110110010010111110101 n
b11111111110110110010010111110101 /"
b11111111110010111010110010110001 7
b11111111110010111010110010110001 M
b11111111110010111010110010110001 b
b11111111110010111010110010110001 f
b11111111110010111010110010110001 0"
b1011001 1"
b0 J
b0 k
b0 u
b0 G
b0 ]
b0 c
b0 K
b0 W
b0 \
b0 o
b0 H
b0 ^
b0 g
b0 F
b0 Z
b0 s
b0 w
b0 I
b0 _
b0 v
b11011001 ?
b11011001 y
b11011001 ~
b11011001 %"
b1011001 @
b1011001 z
b1011001 }
b1011001 $"
b1011001 5
b1011001 x
b1011001 ."
b1011001 ""
b0 l
b0 d
b0 :
b0 N
b0 e
b0 m
b0 *"
b0 h
b0 `
b0 ;
b0 O
b0 a
b0 i
b0 +"
b0 A
b0 R
b0 r
b0 )"
b0 C
b0 T
b0 Y
b0 '"
b0 <
b0 P
b0 [
b0 t
b0 ,"
b0 B
b0 S
b0 p
b0 ("
b0 D
b0 U
b0 V
b0 &"
b0 =
b0 Q
b0 X
b0 q
b0 -"
b1011001 9
b1011001 !"
1'
#9870000
0'
#9875000
b11111111110110011110000000010000 6
b11111111110110011110000000010000 L
b11111111110110011110000000010000 j
b11111111110110011110000000010000 n
b11111111110110011110000000010000 /"
b11111111110011001001100000111111 7
b11111111110011001001100000111111 M
b11111111110011001001100000111111 b
b11111111110011001001100000111111 f
b11111111110011001001100000111111 0"
b1011010 1"
b1011010 5
b1011010 x
b1011010 ."
b1011010 ""
b11011010 ?
b11011010 y
b11011010 ~
b11011010 %"
b1011010 @
b1011010 z
b1011010 }
b1011010 $"
b1011010 9
b1011010 !"
1'
#9880000
0'
#9885000
b11111111110110001010000000001100 6
b11111111110110001010000000001100 L
b11111111110110001010000000001100 j
b11111111110110001010000000001100 n
b11111111110110001010000000001100 /"
b11111111110011011000101110111011 7
b11111111110011011000101110111011 M
b11111111110011011000101110111011 b
b11111111110011011000101110111011 f
b11111111110011011000101110111011 0"
b1011011 1"
b11011011 ?
b11011011 y
b11011011 ~
b11011011 %"
b1011011 @
b1011011 z
b1011011 }
b1011011 $"
b1011011 5
b1011011 x
b1011011 ."
b1011011 ""
b1011011 9
b1011011 !"
1'
#9890000
0'
#9895000
b11111111110101110110011000011010 6
b11111111110101110110011000011010 L
b11111111110101110110011000011010 j
b11111111110101110110011000011010 n
b11111111110101110110011000011010 /"
b11111111110011101000011011111111 7
b11111111110011101000011011111111 M
b11111111110011101000011011111111 b
b11111111110011101000011011111111 f
b11111111110011101000011011111111 0"
b1011100 1"
b1011100 5
b1011100 x
b1011100 ."
b1011100 ""
b11011100 ?
b11011100 y
b11011100 ~
b11011100 %"
b1011100 @
b1011100 z
b1011100 }
b1011100 $"
b1011100 9
b1011100 !"
1'
#9900000
0'
#9905000
b11111111110101100011001001101011 6
b11111111110101100011001001101011 L
b11111111110101100011001001101011 j
b11111111110101100011001001101011 n
b11111111110101100011001001101011 /"
b11111111110011111000100111100100 7
b11111111110011111000100111100100 M
b11111111110011111000100111100100 b
b11111111110011111000100111100100 f
b11111111110011111000100111100100 0"
b1011101 1"
b11011101 ?
b11011101 y
b11011101 ~
b11011101 %"
b1011101 @
b1011101 z
b1011101 }
b1011101 $"
b1011101 5
b1011101 x
b1011101 ."
b1011101 ""
b1011101 9
b1011101 !"
1'
#9910000
0'
#9915000
b11111111110101010000010100101110 6
b11111111110101010000010100101110 L
b11111111110101010000010100101110 j
b11111111110101010000010100101110 n
b11111111110101010000010100101110 /"
b11111111110100001001010001000010 7
b11111111110100001001010001000010 M
b11111111110100001001010001000010 b
b11111111110100001001010001000010 f
b11111111110100001001010001000010 0"
b1011110 1"
b1011110 5
b1011110 x
b1011110 ."
b1011110 ""
b11011110 ?
b11011110 y
b11011110 ~
b11011110 %"
b1011110 @
b1011110 z
b1011110 }
b1011110 $"
b1011110 9
b1011110 !"
1'
#9920000
0'
#9925000
b11111111110100111101111010010001 6
b11111111110100111101111010010001 L
b11111111110100111101111010010001 j
b11111111110100111101111010010001 n
b11111111110100111101111010010001 /"
b11111111110100011010010111110000 7
b11111111110100011010010111110000 M
b11111111110100011010010111110000 b
b11111111110100011010010111110000 f
b11111111110100011010010111110000 0"
b1011111 1"
b11011111 ?
b11011111 y
b11011111 ~
b11011111 %"
b1011111 @
b1011111 z
b1011111 }
b1011111 $"
b1011111 5
b1011111 x
b1011111 ."
b1011111 ""
b1011111 9
b1011111 !"
1'
#9930000
0'
#9935000
b11111111110100101011111011000011 6
b11111111110100101011111011000011 L
b11111111110100101011111011000011 j
b11111111110100101011111011000011 n
b11111111110100101011111011000011 /"
b11111111110100101011111011000011 7
b11111111110100101011111011000011 M
b11111111110100101011111011000011 b
b11111111110100101011111011000011 f
b11111111110100101011111011000011 0"
b1100000 1"
b1100000 5
b1100000 x
b1100000 ."
b1100000 ""
b11100000 ?
b11100000 y
b11100000 ~
b11100000 %"
b1100000 @
b1100000 z
b1100000 }
b1100000 $"
b1100000 9
b1100000 !"
1'
#9940000
0'
#9945000
b11111111110100011010010111110000 6
b11111111110100011010010111110000 L
b11111111110100011010010111110000 j
b11111111110100011010010111110000 n
b11111111110100011010010111110000 /"
b11111111110100111101111010010001 7
b11111111110100111101111010010001 M
b11111111110100111101111010010001 b
b11111111110100111101111010010001 f
b11111111110100111101111010010001 0"
b1100001 1"
b11100001 ?
b11100001 y
b11100001 ~
b11100001 %"
b1100001 @
b1100001 z
b1100001 }
b1100001 $"
b1100001 5
b1100001 x
b1100001 ."
b1100001 ""
b1100001 9
b1100001 !"
1'
#9950000
0'
#9955000
b11111111110100001001010001000010 6
b11111111110100001001010001000010 L
b11111111110100001001010001000010 j
b11111111110100001001010001000010 n
b11111111110100001001010001000010 /"
b11111111110101010000010100101110 7
b11111111110101010000010100101110 M
b11111111110101010000010100101110 b
b11111111110101010000010100101110 f
b11111111110101010000010100101110 0"
b1100010 1"
b1100010 5
b1100010 x
b1100010 ."
b1100010 ""
b11100010 ?
b11100010 y
b11100010 ~
b11100010 %"
b1100010 @
b1100010 z
b1100010 }
b1100010 $"
b1100010 9
b1100010 !"
1'
#9960000
0'
#9965000
b11111111110011111000100111100100 6
b11111111110011111000100111100100 L
b11111111110011111000100111100100 j
b11111111110011111000100111100100 n
b11111111110011111000100111100100 /"
b11111111110101100011001001101011 7
b11111111110101100011001001101011 M
b11111111110101100011001001101011 b
b11111111110101100011001001101011 f
b11111111110101100011001001101011 0"
b1100011 1"
b11100011 ?
b11100011 y
b11100011 ~
b11100011 %"
b1100011 @
b1100011 z
b1100011 }
b1100011 $"
b1100011 5
b1100011 x
b1100011 ."
b1100011 ""
b1100011 9
b1100011 !"
1'
#9970000
0'
#9975000
b11111111110011101000011011111111 6
b11111111110011101000011011111111 L
b11111111110011101000011011111111 j
b11111111110011101000011011111111 n
b11111111110011101000011011111111 /"
b11111111110101110110011000011010 7
b11111111110101110110011000011010 M
b11111111110101110110011000011010 b
b11111111110101110110011000011010 f
b11111111110101110110011000011010 0"
b1100100 1"
b1100100 5
b1100100 x
b1100100 ."
b1100100 ""
b11100100 ?
b11100100 y
b11100100 ~
b11100100 %"
b1100100 @
b1100100 z
b1100100 }
b1100100 $"
b1100100 9
b1100100 !"
1'
#9980000
0'
#9985000
b11111111110011011000101110111011 6
b11111111110011011000101110111011 L
b11111111110011011000101110111011 j
b11111111110011011000101110111011 n
b11111111110011011000101110111011 /"
b11111111110110001010000000001100 7
b11111111110110001010000000001100 M
b11111111110110001010000000001100 b
b11111111110110001010000000001100 f
b11111111110110001010000000001100 0"
b1100101 1"
b11100101 ?
b11100101 y
b11100101 ~
b11100101 %"
b1100101 @
b1100101 z
b1100101 }
b1100101 $"
b1100101 5
b1100101 x
b1100101 ."
b1100101 ""
b1100101 9
b1100101 !"
1'
#9990000
0'
#9995000
b11111111110011001001100000111111 6
b11111111110011001001100000111111 L
b11111111110011001001100000111111 j
b11111111110011001001100000111111 n
b11111111110011001001100000111111 /"
b11111111110110011110000000010000 7
b11111111110110011110000000010000 M
b11111111110110011110000000010000 b
b11111111110110011110000000010000 f
b11111111110110011110000000010000 0"
b1100110 1"
b1100110 5
b1100110 x
b1100110 ."
b1100110 ""
b11100110 ?
b11100110 y
b11100110 ~
b11100110 %"
b1100110 @
b1100110 z
b1100110 }
b1100110 $"
b1100110 9
b1100110 !"
1'
#10000000
0'
#10005000
b11111111110010111010110010110001 6
b11111111110010111010110010110001 L
b11111111110010111010110010110001 j
b11111111110010111010110010110001 n
b11111111110010111010110010110001 /"
b11111111110110110010010111110101 7
b11111111110110110010010111110101 M
b11111111110110110010010111110101 b
b11111111110110110010010111110101 f
b11111111110110110010010111110101 0"
b1100111 1"
b11100111 ?
b11100111 y
b11100111 ~
b11100111 %"
b1100111 @
b1100111 z
b1100111 }
b1100111 $"
b1100111 5
b1100111 x
b1100111 ."
b1100111 ""
b1100111 9
b1100111 !"
1'
#10010000
0'
#10015000
b11111111110010101100100100110100 6
b11111111110010101100100100110100 L
b11111111110010101100100100110100 j
b11111111110010101100100100110100 n
b11111111110010101100100100110100 /"
b11111111110111000111000110001010 7
b11111111110111000111000110001010 M
b11111111110111000111000110001010 b
b11111111110111000111000110001010 f
b11111111110111000111000110001010 0"
b10 J
b10 k
b10 u
b1 G
b1 ]
b1 c
b100 K
b100 W
b100 \
b100 o
b11 H
b11 ^
b11 g
b0 F
b0 Z
b0 s
b0 w
b10 I
b10 _
b10 v
b1101000 1"
b100111111010010001100100 l
b11010101010101101100010 d
b11111111111111111111111111111101 :
b11111111111111111111111111111101 N
b11111111111111111111111111111101 e
b11111111111111111111111111111101 m
b11111111111111111111111111111101 *"
b110101001101101100110000 h
b100011100011100111011000 `
b11111111111111111111111111111100 ;
b11111111111111111111111111111100 O
b11111111111111111111111111111100 a
b11111111111111111111111111111100 i
b11111111111111111111111111111100 +"
b11000 A
b11000 R
b11000 r
b11000 )"
b11000 C
b11000 T
b11000 Y
b11000 '"
b11000 <
b11000 P
b11000 [
b11000 t
b11000 ,"
b11111111111111111111111111111001 B
b11111111111111111111111111111001 S
b11111111111111111111111111111001 p
b11111111111111111111111111111001 ("
b1 D
b1 U
b1 V
b1 &"
b11111111111111111111111111111101 =
b11111111111111111111111111111101 Q
b11111111111111111111111111111101 X
b11111111111111111111111111111101 q
b11111111111111111111111111111101 -"
b1101000 5
b1101000 x
b1101000 ."
b1101000 ""
b11101000 ?
b11101000 y
b11101000 ~
b11101000 %"
b1101000 @
b1101000 z
b1101000 }
b1101000 $"
b1101000 9
b1101000 !"
1'
#10020000
0'
#10025000
b11111111110010011110110111101011 6
b11111111110010011110110111101011 L
b11111111110010011110110111101011 j
b11111111110010011110110111101011 n
b11111111110010011110110111101011 /"
b11111111110111011100001010011001 7
b11111111110111011100001010011001 M
b11111111110111011100001010011001 b
b11111111110111011100001010011001 f
b11111111110111011100001010011001 0"
b0 <
b0 P
b0 [
b0 t
b0 ,"
b1101001 1"
b0 J
b0 k
b0 u
b0 G
b0 ]
b0 c
b0 K
b0 W
b0 \
b0 o
b0 H
b0 ^
b0 g
b0 A
b0 R
b0 r
b0 )"
b0 C
b0 T
b0 Y
b0 '"
b0 F
b0 Z
b0 s
b0 w
b0 I
b0 _
b0 v
b11101001 ?
b11101001 y
b11101001 ~
b11101001 %"
b1101001 @
b1101001 z
b1101001 }
b1101001 $"
b1101001 5
b1101001 x
b1101001 ."
b1101001 ""
b0 l
b0 d
b0 :
b0 N
b0 e
b0 m
b0 *"
b0 h
b0 `
b0 ;
b0 O
b0 a
b0 i
b0 +"
b0 B
b0 S
b0 p
b0 ("
b0 D
b0 U
b0 V
b0 &"
b0 =
b0 Q
b0 X
b0 q
b0 -"
b1101001 9
b1101001 !"
1'
#10030000
0'
#10035000
b11111111110010010001101011111001 6
b11111111110010010001101011111001 L
b11111111110010010001101011111001 j
b11111111110010010001101011111001 n
b11111111110010010001101011111001 /"
b11111111110111110001100011110001 7
b11111111110111110001100011110001 M
b11111111110111110001100011110001 b
b11111111110111110001100011110001 f
b11111111110111110001100011110001 0"
b1101010 1"
b1101010 5
b1101010 x
b1101010 ."
b1101010 ""
b11101010 ?
b11101010 y
b11101010 ~
b11101010 %"
b1101010 @
b1101010 z
b1101010 }
b1101010 $"
b1101010 9
b1101010 !"
1'
#10040000
0'
#10045000
b11111111110010000101000001111111 6
b11111111110010000101000001111111 L
b11111111110010000101000001111111 j
b11111111110010000101000001111111 n
b11111111110010000101000001111111 /"
b11111111111000000111010001011011 7
b11111111111000000111010001011011 M
b11111111111000000111010001011011 b
b11111111111000000111010001011011 f
b11111111111000000111010001011011 0"
b1101011 1"
b11101011 ?
b11101011 y
b11101011 ~
b11101011 %"
b1101011 @
b1101011 z
b1101011 }
b1101011 $"
b1101011 5
b1101011 x
b1101011 ."
b1101011 ""
b1101011 9
b1101011 !"
1'
#10050000
0'
#10055000
b11111111110001111000111010011010 6
b11111111110001111000111010011010 L
b11111111110001111000111010011010 j
b11111111110001111000111010011010 n
b11111111110001111000111010011010 /"
b11111111111000011101010010100011 7
b11111111111000011101010010100011 M
b11111111111000011101010010100011 b
b11111111111000011101010010100011 f
b11111111111000011101010010100011 0"
b1101100 1"
b1101100 5
b1101100 x
b1101100 ."
b1101100 ""
b11101100 ?
b11101100 y
b11101100 ~
b11101100 %"
b1101100 @
b1101100 z
b1101100 }
b1101100 $"
b1101100 9
b1101100 !"
1'
#10060000
0'
#10065000
b11111111110001101101010101101010 6
b11111111110001101101010101101010 L
b11111111110001101101010101101010 j
b11111111110001101101010101101010 n
b11111111110001101101010101101010 /"
b11111111111000110011100110010001 7
b11111111111000110011100110010001 M
b11111111111000110011100110010001 b
b11111111111000110011100110010001 f
b11111111111000110011100110010001 0"
b1101101 1"
b11101101 ?
b11101101 y
b11101101 ~
b11101101 %"
b1101101 @
b1101101 z
b1101101 }
b1101101 $"
b1101101 5
b1101101 x
b1101101 ."
b1101101 ""
b1101101 9
b1101101 !"
1'
#10070000
0'
#10075000
b11111111110001100010010100001010 6
b11111111110001100010010100001010 L
b11111111110001100010010100001010 j
b11111111110001100010010100001010 n
b11111111110001100010010100001010 /"
b11111111111001001010001011110000 7
b11111111111001001010001011110000 M
b11111111111001001010001011110000 b
b11111111111001001010001011110000 f
b11111111111001001010001011110000 0"
b1101110 1"
b1101110 5
b1101110 x
b1101110 ."
b1101110 ""
b11101110 ?
b11101110 y
b11101110 ~
b11101110 %"
b1101110 @
b1101110 z
b1101110 }
b1101110 $"
b1101110 9
b1101110 !"
1'
#10080000
0'
#10085000
b11111111110001010111110110010110 6
b11111111110001010111110110010110 L
b11111111110001010111110110010110 j
b11111111110001010111110110010110 n
b11111111110001010111110110010110 /"
b11111111111001100001000010000111 7
b11111111111001100001000010000111 M
b11111111111001100001000010000111 b
b11111111111001100001000010000111 f
b11111111111001100001000010000111 0"
b1101111 1"
b11101111 ?
b11101111 y
b11101111 ~
b11101111 %"
b1101111 @
b1101111 z
b1101111 }
b1101111 $"
b1101111 5
b1101111 x
b1101111 ."
b1101111 ""
b1101111 9
b1101111 !"
1'
#10090000
0'
#10095000
b11111111110001001101111100101000 6
b11111111110001001101111100101000 L
b11111111110001001101111100101000 j
b11111111110001001101111100101000 n
b11111111110001001101111100101000 /"
b11111111111001111000001000011101 7
b11111111111001111000001000011101 M
b11111111111001111000001000011101 b
b11111111111001111000001000011101 f
b11111111111001111000001000011101 0"
b1110000 1"
b1110000 5
b1110000 x
b1110000 ."
b1110000 ""
b11110000 ?
b11110000 y
b11110000 ~
b11110000 %"
b1110000 @
b1110000 z
b1110000 }
b1110000 $"
b1110000 9
b1110000 !"
1'
#10100000
0'
#10105000
b11111111110001000100100111011001 6
b11111111110001000100100111011001 L
b11111111110001000100100111011001 j
b11111111110001000100100111011001 n
b11111111110001000100100111011001 /"
b11111111111010001111011101111011 7
b11111111111010001111011101111011 M
b11111111111010001111011101111011 b
b11111111111010001111011101111011 f
b11111111111010001111011101111011 0"
b1110001 1"
b11110001 ?
b11110001 y
b11110001 ~
b11110001 %"
b1110001 @
b1110001 z
b1110001 }
b1110001 $"
b1110001 5
b1110001 x
b1110001 ."
b1110001 ""
b1110001 9
b1110001 !"
1'
#10110000
0'
#10115000
b11111111110000111011110110111110 6
b11111111110000111011110110111110 L
b11111111110000111011110110111110 j
b11111111110000111011110110111110 n
b11111111110000111011110110111110 /"
b11111111111010100111000001100110 7
b11111111111010100111000001100110 M
b11111111111010100111000001100110 b
b11111111111010100111000001100110 f
b11111111111010100111000001100110 0"
b1110010 1"
b1110010 5
b1110010 x
b1110010 ."
b1110010 ""
b11110010 ?
b11110010 y
b11110010 ~
b11110010 %"
b1110010 @
b1110010 z
b1110010 }
b1110010 $"
b1110010 9
b1110010 !"
1'
#10120000
0'
#10125000
b11111111110000110011101011101110 6
b11111111110000110011101011101110 L
b11111111110000110011101011101110 j
b11111111110000110011101011101110 n
b11111111110000110011101011101110 /"
b11111111111010111110110010100011 7
b11111111111010111110110010100011 M
b11111111111010111110110010100011 b
b11111111111010111110110010100011 f
b11111111111010111110110010100011 0"
b1110011 1"
b11110011 ?
b11110011 y
b11110011 ~
b11110011 %"
b1110011 @
b1110011 z
b1110011 }
b1110011 $"
b1110011 5
b1110011 x
b1110011 ."
b1110011 ""
b1110011 9
b1110011 !"
1'
#10130000
0'
#10135000
b11111111110000101100000101111101 6
b11111111110000101100000101111101 L
b11111111110000101100000101111101 j
b11111111110000101100000101111101 n
b11111111110000101100000101111101 /"
b11111111111011010110101111111010 7
b11111111111011010110101111111010 M
b11111111111011010110101111111010 b
b11111111111011010110101111111010 f
b11111111111011010110101111111010 0"
b1110100 1"
b1110100 5
b1110100 x
b1110100 ."
b1110100 ""
b11110100 ?
b11110100 y
b11110100 ~
b11110100 %"
b1110100 @
b1110100 z
b1110100 }
b1110100 $"
b1110100 9
b1110100 !"
1'
#10140000
0'
#10145000
b11111111110000100101000101111110 6
b11111111110000100101000101111110 L
b11111111110000100101000101111110 j
b11111111110000100101000101111110 n
b11111111110000100101000101111110 /"
b11111111111011101110111000101110 7
b11111111111011101110111000101110 M
b11111111111011101110111000101110 b
b11111111111011101110111000101110 f
b11111111111011101110111000101110 0"
b1110101 1"
b11110101 ?
b11110101 y
b11110101 ~
b11110101 %"
b1110101 @
b1110101 z
b1110101 }
b1110101 $"
b1110101 5
b1110101 x
b1110101 ."
b1110101 ""
b1110101 9
b1110101 !"
1'
#10150000
0'
#10155000
b11111111110000011110101100000010 6
b11111111110000011110101100000010 L
b11111111110000011110101100000010 j
b11111111110000011110101100000010 n
b11111111110000011110101100000010 /"
b11111111111100000111001100000011 7
b11111111111100000111001100000011 M
b11111111111100000111001100000011 b
b11111111111100000111001100000011 f
b11111111111100000111001100000011 0"
b1110110 1"
b1110110 5
b1110110 x
b1110110 ."
b1110110 ""
b11110110 ?
b11110110 y
b11110110 ~
b11110110 %"
b1110110 @
b1110110 z
b1110110 }
b1110110 $"
b1110110 9
b1110110 !"
1'
#10160000
0'
#10165000
b11111111110000011000111000011001 6
b11111111110000011000111000011001 L
b11111111110000011000111000011001 j
b11111111110000011000111000011001 n
b11111111110000011000111000011001 /"
b11111111111100011111101000111111 7
b11111111111100011111101000111111 M
b11111111111100011111101000111111 b
b11111111111100011111101000111111 f
b11111111111100011111101000111111 0"
b1110111 1"
b11110111 ?
b11110111 y
b11110111 ~
b11110111 %"
b1110111 @
b1110111 z
b1110111 }
b1110111 $"
b1110111 5
b1110111 x
b1110111 ."
b1110111 ""
b1110111 9
b1110111 !"
1'
#10170000
0'
#10175000
b11111111110000010011101011010000 6
b11111111110000010011101011010000 L
b11111111110000010011101011010000 j
b11111111110000010011101011010000 n
b11111111110000010011101011010000 /"
b11111111111100111000001110100100 7
b11111111111100111000001110100100 M
b11111111111100111000001110100100 b
b11111111111100111000001110100100 f
b11111111111100111000001110100100 0"
b11110000100110111110010100000000 J
b11110000100110111110010100000000 k
b11110000100110111110010100000000 u
b11111100111100000100001110110100 G
b11111100111100000100001110110100 ]
b11111100111100000100001110110100 c
b11 K
b11 W
b11 \
b11 o
b11000011111011110001001111 H
b11000011111011110001001111 ^
b11000011111011110001001111 g
b11101111111111111111111111111000 F
b11101111111111111111111111111000 Z
b11101111111111111111111111111000 s
b11101111111111111111111111111000 w
b100110111110010100001000 I
b100110111110010100001000 _
b100110111110010100001000 v
b1111000 1"
b1111111111111100001001101111100101000000000110010111101011000000 l
b1111111111111111001111000001000011101101001110100010110011110000 d
b1111101100010100101111011100 :
b1111101100010100101111011100 N
b1111101100010100101111011100 e
b1111101100010100101111011100 m
b1111101100010100101111011100 *"
b110000111110111100010011110010110000000001110000 h
b1001101111100101000010001010101100111011101100 `
b11111100111000001110100100000011 ;
b11111100111000001110100100000011 O
b11111100111000001110100100000011 a
b11111100111000001110100100000011 i
b11111100111000001110100100000011 +"
b11111111111111111111111110101 A
b11111111111111111111111110101 R
b11111111111111111111111110101 r
b11111111111111111111111110101 )"
b11111111111111111111111111100101 C
b11111111111111111111111111100101 T
b11111111111111111111111111100101 Y
b11111111111111111111111111100101 '"
b1111111111111111111111101101 <
b1111111111111111111111101101 P
b1111111111111111111111101101 [
b1111111111111111111111101101 t
b1111111111111111111111101101 ,"
b101 B
b101 S
b101 p
b101 ("
b1011 D
b1011 U
b1011 V
b1011 &"
b1000 =
b1000 Q
b1000 X
b1000 q
b1000 -"
b1111000 5
b1111000 x
b1111000 ."
b1111000 ""
b11111000 ?
b11111000 y
b11111000 ~
b11111000 %"
b1111000 @
b1111000 z
b1111000 }
b1111000 $"
b1111000 9
b1111000 !"
1'
#10180000
0'
#10185000
b11111111110000001111000100110110 6
b11111111110000001111000100110110 L
b11111111110000001111000100110110 j
b11111111110000001111000100110110 n
b11111111110000001111000100110110 /"
b11111111111101010000111011110110 7
b11111111111101010000111011110110 M
b11111111111101010000111011110110 b
b11111111111101010000111011110110 f
b11111111111101010000111011110110 0"
b1111001 1"
b0 J
b0 k
b0 u
b0 G
b0 ]
b0 c
b0 K
b0 W
b0 \
b0 o
b0 H
b0 ^
b0 g
b0 F
b0 Z
b0 s
b0 w
b0 I
b0 _
b0 v
b11111001 ?
b11111001 y
b11111001 ~
b11111001 %"
b1111001 @
b1111001 z
b1111001 }
b1111001 $"
b1111001 5
b1111001 x
b1111001 ."
b1111001 ""
b0 l
b0 d
b0 :
b0 N
b0 e
b0 m
b0 *"
b0 h
b0 `
b0 ;
b0 O
b0 a
b0 i
b0 +"
b0 A
b0 R
b0 r
b0 )"
b0 C
b0 T
b0 Y
b0 '"
b0 <
b0 P
b0 [
b0 t
b0 ,"
b0 B
b0 S
b0 p
b0 ("
b0 D
b0 U
b0 V
b0 &"
b0 =
b0 Q
b0 X
b0 q
b0 -"
b1111001 9
b1111001 !"
1'
#10190000
0'
#10195000
b11111111110000001011000101010101 6
b11111111110000001011000101010101 L
b11111111110000001011000101010101 j
b11111111110000001011000101010101 n
b11111111110000001011000101010101 /"
b11111111111101101001101111111000 7
b11111111111101101001101111111000 M
b11111111111101101001101111111000 b
b11111111111101101001101111111000 f
b11111111111101101001101111111000 0"
b1111010 1"
b1111010 5
b1111010 x
b1111010 ."
b1111010 ""
b11111010 ?
b11111010 y
b11111010 ~
b11111010 %"
b1111010 @
b1111010 z
b1111010 }
b1111010 $"
b1111010 9
b1111010 !"
1'
#10200000
0'
#10205000
b11111111110000000111101100110111 6
b11111111110000000111101100110111 L
b11111111110000000111101100110111 j
b11111111110000000111101100110111 n
b11111111110000000111101100110111 /"
b11111111111110000010101001101100 7
b11111111111110000010101001101100 M
b11111111111110000010101001101100 b
b11111111111110000010101001101100 f
b11111111111110000010101001101100 0"
b1111011 1"
b11111011 ?
b11111011 y
b11111011 ~
b11111011 %"
b1111011 @
b1111011 z
b1111011 }
b1111011 $"
b1111011 5
b1111011 x
b1111011 ."
b1111011 ""
b1111011 9
b1111011 !"
1'
#10210000
0'
#10215000
b11111111110000000100111011100101 6
b11111111110000000100111011100101 L
b11111111110000000100111011100101 j
b11111111110000000100111011100101 n
b11111111110000000100111011100101 /"
b11111111111110011011101000010110 7
b11111111111110011011101000010110 M
b11111111111110011011101000010110 b
b11111111111110011011101000010110 f
b11111111111110011011101000010110 0"
b1111100 1"
b1111100 5
b1111100 x
b1111100 ."
b1111100 ""
b11111100 ?
b11111100 y
b11111100 ~
b11111100 %"
b1111100 @
b1111100 z
b1111100 }
b1111100 $"
b1111100 9
b1111100 !"
1'
#10220000
0'
#10225000
b11111111110000000010110001100101 6
b11111111110000000010110001100101 L
b11111111110000000010110001100101 j
b11111111110000000010110001100101 n
b11111111110000000010110001100101 /"
b11111111111110110100101010111000 7
b11111111111110110100101010111000 M
b11111111111110110100101010111000 b
b11111111111110110100101010111000 f
b11111111111110110100101010111000 0"
b1111101 1"
b11111101 ?
b11111101 y
b11111101 ~
b11111101 %"
b1111101 @
b1111101 z
b1111101 }
b1111101 $"
b1111101 5
b1111101 x
b1111101 ."
b1111101 ""
b1111101 9
b1111101 !"
1'
#10230000
0'
#10235000
b11111111110000000001001110111100 6
b11111111110000000001001110111100 L
b11111111110000000001001110111100 j
b11111111110000000001001110111100 n
b11111111110000000001001110111100 /"
b11111111111111001101110000010011 7
b11111111111111001101110000010011 M
b11111111111111001101110000010011 b
b11111111111111001101110000010011 f
b11111111111111001101110000010011 0"
b1111110 1"
b1111110 5
b1111110 x
b1111110 ."
b1111110 ""
b11111110 ?
b11111110 y
b11111110 ~
b11111110 %"
b1111110 @
b1111110 z
b1111110 }
b1111110 $"
b1111110 9
b1111110 !"
1'
#10240000
0'
#10245000
b11111111110000000000010011101111 6
b11111111110000000000010011101111 L
b11111111110000000000010011101111 j
b11111111110000000000010011101111 n
b11111111110000000000010011101111 /"
b11111111111111100110110111101011 7
b11111111111111100110110111101011 M
b11111111111111100110110111101011 b
b11111111111111100110110111101011 f
b11111111111111100110110111101011 0"
b1111111 1"
b11111111 ?
b11111111 y
b11111111 ~
b11111111 %"
b1111111 @
b1111111 z
b1111111 }
b1111111 $"
b1111111 5
b1111111 x
b1111111 ."
b1111111 ""
b1111111 9
b1111111 !"
1'
#10250000
0'
#10255000
1>
1'
#10260000
0'
#10265000
04
1>
1!
1E
1'
#10270000
0'
#10275000
0>
r0 /
r0 -
r0 1
b0 (
b0 +
b100000000 .
1'
